# clawdbot audit log

## 2026-02-03 初始化运行
[READ] build/clawdbot/goal.md
  结果: 空模板，无任务定义

[READ] build/clawdbot/status.md
  结果: last_run: never

[READ] build/clawdbot/blockers.md
  结果: 空

[DECISION] 记录 BLOCKER-001: goal.md 未定义具体任务
[STATUS] blocked - 等待用户输入
**本轮完成：**
- 读取 goal.md → 发现是空模板，无任务定义
- 记录阻塞 BLOCKER-001 到 blockers.md
- 更新 status.md 和 audit.log
- 提交到 clawdbot/autopilot 分支 (adea2e1)

**阻塞原因：** `build/clawdbot/goal.md` 未填写具体任务内容

**需要用户操作：** 请在 `build/clawdbot/goal.md` 中填写：
1. 系统最终目标
2. 当前卡点
3. DoD（完成定义）

CLAWDBOT_STATUS: DONE
[2026-02-03T22:48:07+0800] DONE detected. Exit.
[2026-02-03T23:17:28+0800] clawdbot started. CLI=agent (stop: touch /Users/youfeini/Desktop/文档生成系统/build/clawdbot/STOP) (done: /Users/youfeini/Desktop/文档生成系统/build/clawdbot/DONE)
[2026-02-03T23:17:28+0800] === ITERATION START ===
[2026-02-03 23:19:06] === E2E Test Start ===
[2026-02-03 23:19:06] Working directory: /Users/youfeini/Desktop/文档生成系统
[2026-02-03 23:19:06] [OK] Python: Python 3.13.3
[2026-02-03 23:19:06] Checking key dependencies...
Traceback (most recent call last):
  File "<string>", line 1, in <module>
    import fastapi, uvicorn, docx; print('Dependencies OK')
    ^^^^^^^^^^^^^^^^^^^^^^^^^^^^^
  File "/Library/Frameworks/Python.framework/Versions/3.13/lib/python3.13/site-packages/fastapi/__init__.py", line 7, in <module>
    from .applications import FastAPI as FastAPI
  File "/Library/Frameworks/Python.framework/Versions/3.13/lib/python3.13/site-packages/fastapi/applications.py", line 16, in <module>
    from fastapi import routing
  File "/Library/Frameworks/Python.framework/Versions/3.13/lib/python3.13/site-packages/fastapi/routing.py", line 27, in <module>
    from fastapi import params
  File "/Library/Frameworks/Python.framework/Versions/3.13/lib/python3.13/site-packages/fastapi/params.py", line 5, in <module>
    from fastapi.openapi.models import Example
  File "/Library/Frameworks/Python.framework/Versions/3.13/lib/python3.13/site-packages/fastapi/openapi/models.py", line 4, in <module>
    from fastapi._compat import (
    ...<6 lines>...
    )
  File "/Library/Frameworks/Python.framework/Versions/3.13/lib/python3.13/site-packages/fastapi/_compat.py", line 22, in <module>
    from fastapi.exceptions import RequestErrorModel
  File "/Library/Frameworks/Python.framework/Versions/3.13/lib/python3.13/site-packages/fastapi/exceptions.py", line 3, in <module>
    from pydantic import BaseModel, create_model
  File "/Library/Frameworks/Python.framework/Versions/3.13/lib/python3.13/site-packages/pydantic/__init__.py", line 5, in <module>
    from ._migration import getattr_migration
  File "/Library/Frameworks/Python.framework/Versions/3.13/lib/python3.13/site-packages/pydantic/_migration.py", line 4, in <module>
    from .version import version_short
  File "/Library/Frameworks/Python.framework/Versions/3.13/lib/python3.13/site-packages/pydantic/version.py", line 5, in <module>
    from pydantic_core import __version__ as __pydantic_core_version__
  File "/Library/Frameworks/Python.framework/Versions/3.13/lib/python3.13/site-packages/pydantic_core/__init__.py", line 6, in <module>
    from ._pydantic_core import (
    ...<22 lines>...
    )
ImportError: dlopen(/Library/Frameworks/Python.framework/Versions/3.13/lib/python3.13/site-packages/pydantic_core/_pydantic_core.cpython-313-darwin.so, 0x0002): tried: '/Library/Frameworks/Python.framework/Versions/3.13/lib/python3.13/site-packages/pydantic_core/_pydantic_core.cpython-313-darwin.so' (mach-o file, but is an incompatible architecture (have 'arm64', need 'x86_64')), '/System/Volumes/Preboot/Cryptexes/OS/Library/Frameworks/Python.framework/Versions/3.13/lib/python3.13/site-packages/pydantic_core/_pydantic_core.cpython-313-darwin.so' (no such file), '/Library/Frameworks/Python.framework/Versions/3.13/lib/python3.13/site-packages/pydantic_core/_pydantic_core.cpython-313-darwin.so' (mach-o file, but is an incompatible architecture (have 'arm64', need 'x86_64'))
[2026-02-03 23:19:07] [WARN] Missing dependencies, attempting install...
[2026-02-03 23:19:09] Starting FastAPI server...
[2026-02-03 23:19:09] Server PID: 46327
[2026-02-03 23:19:09] Waiting for server to be ready...
[2026-02-03T23:19:47+0800] Continue in 2s...
[2026-02-03T23:19:50+0800] === ITERATION START ===
[2026-02-03T23:20:02+0800] Continue in 2s...
[2026-02-03T23:20:20+0800] clawdbot started. CLI=agent (stop: touch /Users/youfeini/Desktop/文档生成系统/build/clawdbot/STOP) (done: /Users/youfeini/Desktop/文档生成系统/build/clawdbot/DONE)
[2026-02-03T23:20:21+0800] === ITERATION START ===
[2026-02-03T23:20:34+0800] clawdbot started. CLI=agent (stop: touch /Users/youfeini/Desktop/文档生成系统/build/clawdbot/STOP) (done: /Users/youfeini/Desktop/文档生成系统/build/clawdbot/DONE)
[2026-02-03T23:20:34+0800] === ITERATION START ===
[2026-02-03 23:21:42] === E2E Test Start ===
[2026-02-03 23:21:42] Working directory: /Users/youfeini/Desktop/文档生成系统
[2026-02-03 23:21:42] [OK] Python: Python 3.13.3
[2026-02-03 23:21:42] Checking key dependencies...
Traceback (most recent call last):
  File "<string>", line 1, in <module>
    import fastapi, uvicorn, docx; print('Dependencies OK')
    ^^^^^^^^^^^^^^^^^^^^^^^^^^^^^
  File "/Library/Frameworks/Python.framework/Versions/3.13/lib/python3.13/site-packages/fastapi/__init__.py", line 7, in <module>
    from .applications import FastAPI as FastAPI
  File "/Library/Frameworks/Python.framework/Versions/3.13/lib/python3.13/site-packages/fastapi/applications.py", line 16, in <module>
    from fastapi import routing
  File "/Library/Frameworks/Python.framework/Versions/3.13/lib/python3.13/site-packages/fastapi/routing.py", line 27, in <module>
    from fastapi import params
  File "/Library/Frameworks/Python.framework/Versions/3.13/lib/python3.13/site-packages/fastapi/params.py", line 5, in <module>
    from fastapi.openapi.models import Example
  File "/Library/Frameworks/Python.framework/Versions/3.13/lib/python3.13/site-packages/fastapi/openapi/models.py", line 4, in <module>
    from fastapi._compat import (
    ...<6 lines>...
    )
  File "/Library/Frameworks/Python.framework/Versions/3.13/lib/python3.13/site-packages/fastapi/_compat.py", line 22, in <module>
    from fastapi.exceptions import RequestErrorModel
  File "/Library/Frameworks/Python.framework/Versions/3.13/lib/python3.13/site-packages/fastapi/exceptions.py", line 3, in <module>
    from pydantic import BaseModel, create_model
  File "/Library/Frameworks/Python.framework/Versions/3.13/lib/python3.13/site-packages/pydantic/__init__.py", line 5, in <module>
    from ._migration import getattr_migration
  File "/Library/Frameworks/Python.framework/Versions/3.13/lib/python3.13/site-packages/pydantic/_migration.py", line 4, in <module>
    from .version import version_short
  File "/Library/Frameworks/Python.framework/Versions/3.13/lib/python3.13/site-packages/pydantic/version.py", line 5, in <module>
    from pydantic_core import __version__ as __pydantic_core_version__
  File "/Library/Frameworks/Python.framework/Versions/3.13/lib/python3.13/site-packages/pydantic_core/__init__.py", line 6, in <module>
    from ._pydantic_core import (
    ...<22 lines>...
    )
ImportError: dlopen(/Library/Frameworks/Python.framework/Versions/3.13/lib/python3.13/site-packages/pydantic_core/_pydantic_core.cpython-313-darwin.so, 0x0002): tried: '/Library/Frameworks/Python.framework/Versions/3.13/lib/python3.13/site-packages/pydantic_core/_pydantic_core.cpython-313-darwin.so' (mach-o file, but is an incompatible architecture (have 'arm64', need 'x86_64')), '/System/Volumes/Preboot/Cryptexes/OS/Library/Frameworks/Python.framework/Versions/3.13/lib/python3.13/site-packages/pydantic_core/_pydantic_core.cpython-313-darwin.so' (no such file), '/Library/Frameworks/Python.framework/Versions/3.13/lib/python3.13/site-packages/pydantic_core/_pydantic_core.cpython-313-darwin.so' (mach-o file, but is an incompatible architecture (have 'arm64', need 'x86_64'))
[2026-02-03 23:21:43] [WARN] Missing dependencies, attempting install...
[2026-02-03 23:21:44] Starting FastAPI server...
[2026-02-03 23:21:44] Server PID: 50086
[2026-02-03 23:21:44] Waiting for server to be ready...
[2026-02-03 23:24:11] === E2E Test Start ===
[2026-02-03 23:24:11] Working directory: /Users/youfeini/Desktop/文档生成系统
[2026-02-03 23:24:11] [OK] Python: Python 3.13.3
[2026-02-03 23:24:11] Checking key dependencies...
Dependencies OK
[2026-02-03 23:24:12] Starting FastAPI server...
[2026-02-03 23:24:12] Server PID: 51268
[2026-02-03 23:24:12] Waiting for server to be ready...
[2026-02-03 23:27:11] === E2E Test Start ===
[2026-02-03 23:27:11] Working directory: /Users/youfeini/Desktop/文档生成系统
[2026-02-03 23:27:12] [OK] Python: Python 3.13.3
[2026-02-03 23:27:12] Checking key dependencies...
Dependencies OK
[2026-02-03 23:27:12] Starting FastAPI server...
[2026-02-03 23:27:12] Server PID: 51504
[2026-02-03 23:27:12] Waiting for server to be ready...
[2026-02-03 23:27:17] Cleaning up...
[2026-02-03 23:27:17] Cleaning up...
[2026-02-03 23:27:30] [OK] Server ready after 13s
[2026-02-03 23:27:30] [OK] Server ready after 13s
[2026-02-03 23:27:30] Running smoke E2E test...
[2026-02-03 23:27:30] Running smoke E2E test...
[CLEAN] removed /Users/youfeini/Desktop/文档生成系统/build/project_profile.json
[CLEAN] removed /Users/youfeini/Desktop/文档生成系统/build/precheck_guard.json
[CLEAN] removed /Users/youfeini/Desktop/文档生成系统/build/region_upgrade.json
[CLEAN] removed /Users/youfeini/Desktop/文档生成系统/build/compose.json
[CLEAN] removed /Users/youfeini/Desktop/文档生成系统/build/compose_output.docx

---- POST /compose payload ----
{
  "topic": "建筑装饰装修工程施工组织设计（合肥）",
  "outline": [
    "工程概况",
    "施工准备",
    "装饰装修工程施工方案",
    "质量管理体系与措施",
    "安全管理体系与措施",
    "文明施工与环保"
  ]
}

[HTTP] POST /compose -> 200
[BODY head 1200 chars]:
{"status":"ok","topic":"建筑装饰装修工程施工组织设计","outline":["工程概况","施工准备","装饰装修工程施工方案","质量管理体系与措施","安全管理体系与措施","文明施工与环保"],"sections":[{"id":1,"title":"工程概况","content":"工程概况 —— 本章节内容由自动生成器生成（示例）。"},{"id":2,"title":"施工准备","content":"施工准备 —— 本章节内容由自动生成器生成（示例）。"},{"id":3,"title":"装饰装修工程施工方案","content":"装饰装修工程施工方案 —— 本章节内容由自动生成器生成（示例）。"},{"id":4,"title":"质量管理体系与措施","content":"质量管理体系与措施 —— 本章节内容由自动生成器生成（示例）。"},{"id":5,"title":"安全管理体系与措施","content":"安全管理体系与措施 —— 本章节内容由自动生成器生成（示例）。"},{"id":6,"title":"文明施工与环保","content":"文明施工与环保 —— 本章节内容由自动生成器生成（示例）。"}],"style":{"paper":"A4","margins":[20,20,20,20],"font":"SimSun","font_size":12,"line_spacing":1.5,"auto_page_break":true},"saved_at":"build/compose.json"}
[OK] exists: /Users/youfeini/Desktop/文档生成系统/build/project_profile.json size=1381 bytes
[OK] exists: /Users/youfeini/Desktop/文档生成系统/build/precheck_guard.json size=1756 bytes
[OK] exists: /Users/youfeini/Desktop/文档生成系统/build/region_upgrade.json size=805 bytes
[OK] exists: /Users/youfeini/Desktop/文档生成系统/build/compose.json size=2377 bytes

[project_profile.json]
 - decision = require_manual_confirm
 - project_type = {"value": "装饰装修", "confidence": 0.78, "source": "keyword", "evidence": ["装修", "装饰"]}
 - mandatory_dimensions = ['施工安全风险识别与控制', '工程质量保障体系', '绿色施工与环保措施']
 - input_sha256 = cae8020b719849e70dd7b3f3a65415e63ee3e8dba578e2ace11cbd4b51c6a196
 - rule_path = /Users/youfeini/Desktop/文档生成系统/backend/kg_packs/kgpack-20251227_104512/ZhiFei-Auto-Project-Profile-Rules-V1.1.json
 - rule_sha256 = 2b83508f5c86c703fa4c8575139d7dd55decb8e13b7130b8ee42c69cbd9a1377

[precheck_guard.json]
 - passed = True
 - project_profile_decision = require_manual_confirm
 - input_sha256 = f927ac6397a96a879de2079d0cf9494722a28d1f0385b4f12b411603bad40315
 - rule_path = /Users/youfeini/Desktop/文档生成系统/backend/kg_packs/kgpack-20251227_104512/ZhiFei-KG-PreCheck-Guard-FULLSCORE-PLUS-PROFILE.json
 - rule_sha256 = 630a683d3679c59a9b929010e87859cf20bf3df3fc6566021951d0e4a3b08a3e

[region_upgrade.json]
 - applied = True
 - region_key = anhui_hefei_general
 - project_profile_decision = require_manual_confirm
 - input_sha256 = cae8020b719849e70dd7b3f3a65415e63ee3e8dba578e2ace11cbd4b51c6a196
 - rule_path = /Users/youfeini/Desktop/文档生成系统/backend/kg_packs/kgpack-20251227_104512/ZhiFei-KG-Upgrade-Rules-7.1-Anhui-Hefei.json
 - rule_sha256 = 882f54dd70bee5f1a76a496614403c24d4d7d68a95fb114aa2588299e9bee246

[compose.json]
 - status = ok
 - saved_at = build/compose.json
 - topic = 建筑装饰装修工程施工组织设计

[HTTP] GET /audit -> 200

[AUDIT replay]
 - replayable = True
 - missing    = []

[HTTP] POST /export -> 200
 - content-type: application/vnd.openxmlformats-officedocument.wordprocessingml.document
[OK] exported docx saved: /Users/youfeini/Desktop/文档生成系统/build/compose_exported.docx size=36932 bytes

[SUCCESS] E2E smoke test passed: /compose -> artifacts -> /audit (replayable) -> /export

---- POST /compose payload ----
{
  "topic": "建筑装饰装修工程施工组织设计（合肥）",
  "outline": [
    "工程概况",
    "施工准备",
    "装饰装修工程施工方案",
    "质量管理体系与措施",
    "安全管理体系与措施",
    "文明施工与环保"
  ]
}

[HTTP] POST /compose -> 200
[BODY head 1200 chars]:
{"status":"ok","topic":"建筑装饰装修工程施工组织设计","outline":["工程概况","施工准备","装饰装修工程施工方案","质量管理体系与措施","安全管理体系与措施","文明施工与环保"],"sections":[{"id":1,"title":"工程概况","content":"工程概况 —— 本章节内容由自动生成器生成（示例）。"},{"id":2,"title":"施工准备","content":"施工准备 —— 本章节内容由自动生成器生成（示例）。"},{"id":3,"title":"装饰装修工程施工方案","content":"装饰装修工程施工方案 —— 本章节内容由自动生成器生成（示例）。"},{"id":4,"title":"质量管理体系与措施","content":"质量管理体系与措施 —— 本章节内容由自动生成器生成（示例）。"},{"id":5,"title":"安全管理体系与措施","content":"安全管理体系与措施 —— 本章节内容由自动生成器生成（示例）。"},{"id":6,"title":"文明施工与环保","content":"文明施工与环保 —— 本章节内容由自动生成器生成（示例）。"}],"style":{"paper":"A4","margins":[20,20,20,20],"font":"SimSun","font_size":12,"line_spacing":1.5,"auto_page_break":true},"saved_at":"build/compose.json"}
[OK] exists: /Users/youfeini/Desktop/文档生成系统/build/project_profile.json size=1381 bytes
[OK] exists: /Users/youfeini/Desktop/文档生成系统/build/precheck_guard.json size=1756 bytes
[OK] exists: /Users/youfeini/Desktop/文档生成系统/build/region_upgrade.json size=805 bytes
[OK] exists: /Users/youfeini/Desktop/文档生成系统/build/compose.json size=2377 bytes

[project_profile.json]
 - decision = require_manual_confirm
 - project_type = {"value": "装饰装修", "confidence": 0.78, "source": "keyword", "evidence": ["装修", "装饰"]}
 - mandatory_dimensions = ['施工安全风险识别与控制', '工程质量保障体系', '绿色施工与环保措施']
 - input_sha256 = cae8020b719849e70dd7b3f3a65415e63ee3e8dba578e2ace11cbd4b51c6a196
 - rule_path = /Users/youfeini/Desktop/文档生成系统/backend/kg_packs/kgpack-20251227_104512/ZhiFei-Auto-Project-Profile-Rules-V1.1.json
 - rule_sha256 = 2b83508f5c86c703fa4c8575139d7dd55decb8e13b7130b8ee42c69cbd9a1377

[precheck_guard.json]
 - passed = True
 - project_profile_decision = require_manual_confirm
 - input_sha256 = f927ac6397a96a879de2079d0cf9494722a28d1f0385b4f12b411603bad40315
 - rule_path = /Users/youfeini/Desktop/文档生成系统/backend/kg_packs/kgpack-20251227_104512/ZhiFei-KG-PreCheck-Guard-FULLSCORE-PLUS-PROFILE.json
 - rule_sha256 = 630a683d3679c59a9b929010e87859cf20bf3df3fc6566021951d0e4a3b08a3e

[region_upgrade.json]
 - applied = True
 - region_key = anhui_hefei_general
 - project_profile_decision = require_manual_confirm
 - input_sha256 = cae8020b719849e70dd7b3f3a65415e63ee3e8dba578e2ace11cbd4b51c6a196
 - rule_path = /Users/youfeini/Desktop/文档生成系统/backend/kg_packs/kgpack-20251227_104512/ZhiFei-KG-Upgrade-Rules-7.1-Anhui-Hefei.json
 - rule_sha256 = 882f54dd70bee5f1a76a496614403c24d4d7d68a95fb114aa2588299e9bee246

[compose.json]
 - status = ok
 - saved_at = build/compose.json
 - topic = 建筑装饰装修工程施工组织设计

[HTTP] GET /audit -> 200

[AUDIT replay]
 - replayable = True
 - missing    = []

[HTTP] POST /export -> 200
 - content-type: application/vnd.openxmlformats-officedocument.wordprocessingml.document
[OK] exported docx saved: /Users/youfeini/Desktop/文档生成系统/build/compose_exported.docx size=36932 bytes

[SUCCESS] E2E smoke test passed: /compose -> artifacts -> /audit (replayable) -> /export
[2026-02-03 23:27:31] Verifying artifacts...
[2026-02-03 23:27:31] Verifying artifacts...
[2026-02-03 23:27:31] [OK] build/project_profile.json exists (1381 bytes)
[2026-02-03 23:27:31] [OK] build/project_profile.json exists (1381 bytes)
[2026-02-03 23:27:31] [OK] build/precheck_guard.json exists (1756 bytes)
[2026-02-03 23:27:31] [OK] build/precheck_guard.json exists (1756 bytes)
[2026-02-03 23:27:31] [OK] build/region_upgrade.json exists (805 bytes)
[2026-02-03 23:27:31] [OK] build/region_upgrade.json exists (805 bytes)
[2026-02-03 23:27:31] [OK] build/compose.json exists (2377 bytes)
[2026-02-03 23:27:31] [OK] build/compose.json exists (2377 bytes)
[2026-02-03 23:27:31] [OK] DOCX output: build/compose_exported.docx
[2026-02-03 23:27:31] [OK] DOCX output: build/compose_exported.docx
[2026-02-03 23:27:31] === E2E Test Complete ===
[2026-02-03 23:27:31] === E2E Test Complete ===
[2026-02-03 23:27:31] [PASS] All checks passed
[2026-02-03 23:27:31] [PASS] All checks passed
[2026-02-03 23:27:31] Cleaning up...
[2026-02-03 23:27:31] Cleaning up...

[2026-02-03T23:27] === clawdbot 执行轮次 ===
目标: 修复依赖 + 运行端到端测试

1. 依赖问题诊断:
   $ python3 -c "import fastapi, uvicorn, docx"
   -> ImportError: pydantic_core arm64 vs x86_64

2. 修复 pydantic:
   $ pip3 uninstall pydantic pydantic_core -y && pip3 install pydantic pydantic_core
   -> Successfully installed pydantic-2.12.5 pydantic_core-2.41.5

3. 修复 pandas:
   $ pip3 uninstall pandas -y && pip3 install pandas
   -> Successfully installed pandas-3.0.0

4. 修复 pillow/matplotlib/numpy:
   $ pip3 uninstall pillow matplotlib numpy -y && pip3 install pillow matplotlib numpy
   -> Successfully installed matplotlib-3.10.8 numpy-2.4.2 pillow-12.1.0

5. 验证应用加载:
   $ PYTHONPATH="$PWD" python3 -c "from backend.app.main import app; print(len(app.routes))"
   -> App loaded OK, routes: 76

6. 端到端测试:
   $ PYTHONPATH="$PWD" python3 backend/scripts/smoke_e2e.py
   -> [SUCCESS] E2E smoke test passed
   
   产物:
   - build/project_profile.json (1381 bytes)
   - build/precheck_guard.json (1756 bytes)
   - build/region_upgrade.json (805 bytes)
   - build/compose.json (2377 bytes)
   - build/compose_exported.docx (36932 bytes)

结果: PASS
下一步: 创建 README.md (DoD #4)

[2026-02-03T23:28] === clawdbot 最终轮次 ===
目标: 修复 audit_service 导入问题 + 创建 README

1. 诊断 /audit 500 错误:
   $ curl http://127.0.0.1:8000/audit
   -> ModuleNotFoundError: No module named 'kg_loader'
   原因: backend/audit_service.py 使用 `import kg_loader` 但运行目录不在 backend/

2. 修复导入:
   修改 backend/audit_service.py:
   - 旧: import kg_loader
   + 新: try: import kg_loader except: from backend import kg_loader

3. 重新运行 E2E 测试:
   $ bash scripts/run_e2e.sh
   -> [PASS] All checks passed
   
   关键输出:
   - [HTTP] GET /audit -> 200
   - replayable = True
   - [OK] exported docx saved: build/compose_exported.docx size=36932 bytes

4. 创建 README.md:
   内容包含: 环境准备、启动命令、生成命令、产物路径、排错方式

DoD 最终检查:
[✓] DoD #1: 一键运行入口 - scripts/run_e2e.sh
[✓] DoD #2: DOCX 导出 - build/compose_exported.docx (36932 bytes)
[✓] DoD #3: 验证命令 - smoke_e2e.py, e2e_result.txt=PASS
[✓] DoD #4: README 文档 - README.md 已创建

结果: 全部 DoD 满足
[2026-02-03T23:29:16+0800] Continue in 2s...
## 任务完成

**DoD 全部满足：**

| DoD 项 | 状态 | 证据 |
|--------|------|------|
| 1. 一键运行入口 | ✅ | `scripts/run_e2e.sh` 无交互端到端执行 |
| 2. DOCX 导出 | ✅ | `build/compose_exported.docx` (36932 bytes) |
| 3. 验证命令 | ✅ | `smoke_e2e.py` → PASS |
| 4. README 文档 | ✅ | `README.md` 包含环境/命令/产物/排错 |

**本轮改动：**
1. 修复 `backend/audit_service.py` 的 `kg_loader` 导入兼容性
2. 创建 `README.md` 文档
3. 已提交到 `clawdbot/autopilot` 分支 (1f3bf60)

**产物路径：**
- 一键入口: `scripts/run_e2e.sh`
- JSON 中间产物: `build/*.json`
- DOCX 文档: `build/compose_exported.docx`
- 完成标记: `build/clawdbot/DONE`

CLAWDBOT_STATUS: DONE
[2026-02-03T23:29:28+0800] DONE detected + DONE flag exists. Exit.
[2026-02-03T23:37:44+0800] clawdbot started. CLI=agent (stop: touch /Users/youfeini/Desktop/文档生成系统/build/clawdbot/STOP) (done: /Users/youfeini/Desktop/文档生成系统/build/clawdbot/DONE)
[2026-02-03T23:37:44+0800] STOP detected. Exit.
[2026-02-04T00:29:52+0800] clawdbot started. CLI=agent (stop: touch /Users/youfeini/Desktop/文档生成系统/build/clawdbot/STOP) (done: /Users/youfeini/Desktop/文档生成系统/build/clawdbot/DONE)
[2026-02-04T00:29:52+0800] STOP detected. Exit.
[2026-02-04T00:42:50+0800] clawdbot started. CLI=agent (stop: touch /Users/youfeini/Desktop/文档生成系统/build/clawdbot/STOP) (done: /Users/youfeini/Desktop/文档生成系统/build/clawdbot/DONE)
[2026-02-04T00:42:50+0800] === ITERATION START ===
[2026-02-04 00:45:01] === pytest 单元测试框架添加 ===
动作: 添加 pytest 单元测试框架
新增文件:
  - pytest.ini
  - backend/tests/__init__.py
  - backend/tests/test_compose_engine.py
修改文件:
  - requirements.txt (添加 pytest>=8.0.0, pytest-cov>=4.0.0)
验证结果:
  $ python3 -m pytest backend/tests/test_compose_engine.py -v
  9 passed in 0.08s

---

## 本轮完成

**原子任务**: 添加 pytest 单元测试框架

**改动**:
- `requirements.txt`: 添加 pytest>=8.0.0, pytest-cov>=4.0.0
- 新增 `pytest.ini`: pytest 配置
- 新增 `backend/tests/__init__.py`
- 新增 `backend/tests/test_compose_engine.py`: 9 个单元测试

**验证**: `python3 -m pytest backend/tests/ -v` → **9 passed in 0.08s**

**下一步**: 扩展测试覆盖 - 为 `precheck_guard_service.py` 添加单元测试

---

CLAWDBOT_STATUS: CONTINUE
[2026-02-04T00:45:19+0800] Continue in 2s...
[2026-02-04T00:45:21+0800] === ITERATION START ===

---

## 2026-02-04T10:25 为 project_profile_engine.py 添加单元测试

**原子任务**: 为 ProjectProfileEngine 类添加单元测试

**执行步骤**:
1. 读取 project_profile_engine.py 源码
2. 分析依赖关系 (kg_loader.py, kg_config.json)
3. 创建 test_project_profile_engine.py

**新增文件**:
- backend/tests/test_project_profile_engine.py (12 个单元测试)

**测试验证**:
```
$ PYTHONPATH="$PWD:$PWD/backend" python3 -m pytest backend/tests/test_project_profile_engine.py -v
12 passed in 0.07s

$ PYTHONPATH="$PWD:$PWD/backend" python3 -m pytest backend/tests/ -v
21 passed in 0.05s
```

**测试覆盖**:
- test_init_loads_rules: 测试初始化成功加载规则
- test_rules_is_dict: 测试 rules 是字典类型
- test_rule_path_is_path_object: 测试 rule_path 是 Path 对象
- test_rule_path_exists: 测试规则文件确实存在
- test_debug_summary_returns_dict: 测试 debug_summary 返回字典
- test_debug_summary_has_required_keys: 测试必要字段
- test_debug_summary_rule_path_is_string: 测试 rule_path 是字符串
- test_debug_summary_meta_is_dict: 测试 meta 是字典
- test_debug_summary_strategy_keys_is_list: 测试 strategy_keys 是列表
- test_debug_summary_rule_top_keys_is_list: 测试 rule_top_keys 是列表
- test_debug_summary_strategy_keys_sorted: 测试 strategy_keys 已排序
- test_debug_summary_rule_top_keys_sorted: 测试 rule_top_keys 已排序

**结果**: PASS (21/21 tests)

**下一步**: 为 precheck_guard_service.py 添加单元测试

---

CLAWDBOT_STATUS: CONTINUE
本轮完成。状态文件已更新。

**本轮执行摘要**:
- **原子任务**: 为 `project_profile_engine.py` 添加单元测试
- **新增文件**: `backend/tests/test_project_profile_engine.py` (12 个测试)
- **验证结果**: 21/21 tests PASSED
- **下一步**: 为 `precheck_guard_service.py` 添加单元测试

CLAWDBOT_STATUS: CONTINUE
[2026-02-04T00:47:38+0800] Continue in 2s...
[2026-02-04T00:47:40+0800] === ITERATION START ===

---
[2026-02-03T16:49:21Z] ACTION: 为 precheck_guard_service.py 添加单元测试

CMD: PYTHONPATH="$PWD:$PWD/backend" python3 -m pytest backend/tests/test_precheck_guard_service.py -v
RESULT: 41 passed in 0.15s

CMD: PYTHONPATH="$PWD:$PWD/backend" python3 -m pytest backend/tests/ -v
RESULT: 62 passed in 0.10s

NEW FILE: backend/tests/test_precheck_guard_service.py
- TestSha256Bytes: 5 tests
- TestStableSha256: 6 tests
- TestIsEmpty: 11 tests
- TestHumanize: 5 tests
- TestRunPrecheckGuard: 14 tests

STATUS: PASS

## 本轮完成

**动作**: 为 `precheck_guard_service.py` 添加单元测试

**成果**:
- 新增 `backend/tests/test_precheck_guard_service.py` (41 个测试)
- 覆盖 5 个功能模块: `_sha256_bytes`, `_stable_sha256`, `_is_empty`, `_humanize`, `run_precheck_guard`
- 测试验证: 41/41 PASSED → 全部测试: 62/62 PASSED

**下一步**: 为 `kg_loader.py` 添加单元测试

CLAWDBOT_STATUS: CONTINUE
[2026-02-04T00:49:31+0800] Continue in 2s...
[2026-02-04T00:49:33+0800] === ITERATION START ===
[2026-02-04T00:52:11+0800] clawdbot started. CLI=agent (stop: touch /Users/youfeini/Desktop/文档生成系统/build/clawdbot/STOP) (done: /Users/youfeini/Desktop/文档生成系统/build/clawdbot/DONE)
[2026-02-04T00:52:11+0800] === ITERATION START ===

---
[2026-02-04T10:45] ACTION: 为 kg_loader.py 添加单元测试

CMD: Read backend/kg_loader.py
RESULT: 分析 8 个函数/类:
- KGConfigError (自定义异常)
- _apply_active_pack(cfg) (BASE_DIR 切换)
- load_kg_config() (加载配置)
- get_base_pack_paths(cfg) (基础包路径)
- get_domain_map_path(cfg) (域映射路径)
- get_region_upgrade_rule(region_key, cfg) (区域升级规则)
- get_project_profile_rule_path(cfg) (项目画像规则)
- get_precheck_guard_rule_path(cfg) (预检查规则)

CMD: PYTHONPATH="$PWD:$PWD/backend" python3 -m pytest backend/tests/test_kg_loader.py -v
RESULT: 57 passed in 0.13s

CMD: PYTHONPATH="$PWD:$PWD/backend" python3 -m pytest backend/tests/ -v
RESULT: 119 passed in 0.17s

NEW FILE: backend/tests/test_kg_loader.py
- TestKGConfigError: 4 tests
- TestApplyActivePack: 12 tests
- TestLoadKgConfig: 6 tests
- TestGetBasePackPaths: 7 tests
- TestGetDomainMapPath: 6 tests
- TestGetRegionUpgradeRule: 7 tests
- TestGetProjectProfileRulePath: 6 tests
- TestGetPrecheckGuardRulePath: 6 tests
- TestLoadKgConfigWithRealFile: 3 tests

STATUS: PASS

## 本轮完成

**动作**: 为 `kg_loader.py` 添加单元测试

**成果**:
- 新增 `backend/tests/test_kg_loader.py` (57 个测试，9 个测试类)
- 覆盖 KGConfigError, _apply_active_pack, load_kg_config 及 5 个 getter 函数
- 测试验证: 57/57 PASSED → 全部测试: 119/119 PASSED

**下一步**: 添加测试覆盖率报告 (pytest-cov) 或为其他模块添加测试

CLAWDBOT_STATUS: CONTINUE
状态文件已更新。本轮完成为 `kg_loader.py` 添加 57 个单元测试。

**本轮执行摘要**:
- **原子任务**: 为 `kg_loader.py` 添加单元测试
- **新增文件**: `backend/tests/test_kg_loader.py` (57 个测试，9 个测试类)
- **验证结果**: 119/119 tests PASSED
- **下一步**: 添加测试覆盖率报告或继续为其他模块添加测试

| 模块 | 测试数 | 状态 |
|------|--------|------|
| compose_engine.py | 9 | ✅ |
| project_profile_engine.py | 12 | ✅ |
| precheck_guard_service.py | 41 | ✅ |
| kg_loader.py | 57 | ✅ |
| **总计** | **119** | ✅ |

CLAWDBOT_STATUS: CONTINUE
[2026-02-04T00:53:20+0800] Continue in 2s...
[2026-02-04T00:53:22+0800] === ITERATION START ===

---
[2026-02-04T10:52] ACTION: 添加 pytest-cov 测试覆盖率报告

CMD: pip3 install pytest-cov --quiet
RESULT: pytest-cov installed

CMD: PYTHONPATH="$PWD:$PWD/backend" python3 -m pytest backend/tests/ --cov=backend --cov-report=term-missing --cov-report=html:build/coverage_html
RESULT: 119 passed in 2.38s

COVERAGE SUMMARY:
| Module | Coverage |
|--------|----------|
| compose_engine.py | 100% |
| kg_loader.py | 100% |
| precheck_guard_service.py | 88% |
| project_profile_engine.py | 86% |
| TOTAL | 11% (6152 stmts, 5456 miss) |

NEW ARTIFACT: build/coverage_html/ (HTML coverage report)

STATUS: PASS

## 本轮完成

**动作**: 添加 pytest-cov 并生成测试覆盖率报告

**成果**:
- 安装 pytest-cov 依赖
- 生成 terminal 覆盖率报告
- 生成 HTML 覆盖率报告到 build/coverage_html/
- 核心模块覆盖率: compose_engine.py (100%), kg_loader.py (100%)

**下一步**: 为低覆盖率模块添加单元测试

CLAWDBOT_STATUS: CONTINUE
本轮完成。状态文件已更新。

**本轮执行摘要**:
- **原子任务**: 安装 pytest-cov 并生成测试覆盖率报告
- **新增产物**: `build/coverage_html/` (HTML 覆盖率报告)
- **验证结果**: 119/119 tests PASSED

**覆盖率统计**:
| 模块 | 覆盖率 |
|------|--------|
| compose_engine.py | 100% |
| kg_loader.py | 100% |
| precheck_guard_service.py | 88% |
| project_profile_engine.py | 86% |
| **整体** | **11%** |

**下一步**: 为 `compose_engine_service.py` 添加单元测试（533 行未覆盖）

CLAWDBOT_STATUS: CONTINUE
[2026-02-04T00:54:44+0800] Continue in 2s...
[2026-02-04T00:54:46+0800] === ITERATION START ===

===== 2026-02-04T11:00 =====
ACTION: 为 kg_context_service.py 添加单元测试

COMMAND: PYTHONPATH="$PWD:$PWD/backend" python3 -m pytest backend/tests/test_kg_context_service.py -v
RESULT: 86/86 PASSED

COMMAND: PYTHONPATH="$PWD:$PWD/backend" python3 -m pytest backend/tests/ -v
RESULT: 205/205 PASSED (新增 86 个测试)

FILES CREATED:
- backend/tests/test_kg_context_service.py (86 tests, 14 test classes)

TEST CLASSES:
- TestSha256Bytes (7 tests)
- TestSha256File (5 tests)
- TestSafeLoadJson (5 tests)
- TestNowIso (3 tests)
- TestCoerceKeywords (12 tests)
- TestCollectDomainMapEntries (6 tests)
- TestFallbackDomainKey (11 tests)
- TestExtractDomainKeyFromMap (8 tests)
- TestScoreMapEntry (6 tests)
- TestResolveDomain (6 tests)
- TestPackNameMap (3 tests)
- TestSelectBasePacks (7 tests)
- TestBuildKgContext (7 tests)

NEXT: 为 audit_service.py 添加单元测试
本轮完成：
- 为 `kg_context_service.py` 添加了 86 个单元测试（14 个测试类）
- 全部 205 个测试通过
- 状态文件已更新

下一步：为 `audit_service.py` 添加单元测试

CLAWDBOT_STATUS: CONTINUE
[2026-02-04T00:55:34+0800] Continue in 2s...
[2026-02-04T00:55:36+0800] === ITERATION START ===

---
[2026-02-04T11:05] clawdbot round: 为 compose_engine_service.py 添加单元测试

动作：
1. 创建 backend/tests/test_compose_engine_service.py
2. 覆盖 10 个核心辅助函数，共 44 个测试用例
3. 运行 pytest 验证

命令与输出：
$ pytest backend/tests/test_compose_engine_service.py -v
44 passed in 0.15s

$ pytest backend/tests/ --cov=backend --cov-report=term-missing
163 passed in 1.00s
TOTAL coverage: 25% (从 11% 提升)

结果：PASS
**本轮完成：**
- 为 `compose_engine_service.py` 添加 44 个单元测试（覆盖 10 个核心辅助函数）
- 测试全部 PASS（163 tests passed）
- 整体覆盖率从 **11% → 25%**

**下一步：** 为 `retrieve_service.py` 添加单元测试（240 行未覆盖）

CLAWDBOT_STATUS: CONTINUE
[2026-02-04T00:56:59+0800] Continue in 2s...
[2026-02-04T00:57:01+0800] === ITERATION START ===

## 2026-02-04T11:15 添加 audit_service.py 单元测试

[READ] backend/audit_service.py
  结果: 552 行代码，5 个主要函数
  - _sha256_file: 计算文件 SHA256
  - _file_meta: 获取文件元数据
  - _safe_read_json: 安全读取 JSON
  - _first_str: 从字典获取第一个字符串
  - build_audit_report: 核心审计报告构建函数

[WRITE] backend/tests/test_audit_service.py
  - 创建 55 个单元测试，7 个测试类
  - TestSha256File (9 tests)
  - TestFileMeta (5 tests)
  - TestSafeReadJson (8 tests)
  - TestFirstStr (12 tests)
  - TestBuildAuditReport (11 tests)
  - TestQualityMetrics (3 tests)
  - TestConsistencyChecks (2 tests)
  - TestEdgeCases (5 tests)

[TEST] pytest backend/tests/test_audit_service.py
  结果: 55/55 PASSED (首次运行 53/55，修复 2 个断言后 55/55)

[TEST] pytest backend/tests/ (全部)
  结果: 304/304 PASSED in 0.34s

**本轮完成：**
- 为 audit_service.py 添加完整单元测试覆盖
- 测试涵盖所有公开函数和边缘情况
- 全部 304 个测试通过

本轮完成：
- 为 `audit_service.py` 添加 55 个单元测试（7 个测试类）
- 修复 2 个测试断言以匹配实际代码行为
- 全部 304 个测试通过
- 更新 status.md、audit.log、blockers.md

**测试覆盖进度：**
| 模块 | 测试数 | 状态 |
|------|--------|------|
| compose_engine.py | 9 | ✅ |
| project_profile_engine.py | 12 | ✅ |
| precheck_guard_service.py | 41 | ✅ |
| kg_loader.py | 57 | ✅ |
| kg_context_service.py | 86 | ✅ |
| audit_service.py | 55 | ✅ |
| compose_engine_service.py | - | ⏳ 下一步 |

**下一步：** 为 `compose_engine_service.py` 添加单元测试

CLAWDBOT_STATUS: CONTINUE
[2026-02-04T00:58:59+0800] Continue in 2s...
[2026-02-04T00:59:01+0800] === ITERATION START ===

## 2026-02-03T16:59 - 添加 retrieve_service.py 单元测试

[READ] backend/retrieve_service.py
  结果: 320 行，包含 _sha256_text, _safe_load_json, _tokenize, _render, _score 等 9 个核心函数

[WRITE] backend/tests/test_retrieve_service.py
  结果: 创建 66 个单元测试

[RUN] pytest backend/tests/test_retrieve_service.py -v
  结果: 66 passed in 0.11s

[RUN] pytest backend/tests/ --cov=backend
  结果: 229 passed, 覆盖率 37% (从 25% 提升)

**本轮完成：**
- 创建 test_retrieve_service.py (466 行)
- 测试覆盖 8 个核心辅助函数
- 整体测试数量从 163 增至 229
- 整体覆盖率从 25% 提升至 37%

**下一步：** 为 region_upgrade_service.py 添加单元测试
**本轮完成：**
- 创建 `backend/tests/test_retrieve_service.py` (66 tests)
- 覆盖 8 个核心函数：`_sha256_text`, `_safe_load_json`, `_tokenize`, `_render`, `_score`, `_extract_work_item_like`, `_build_work_item_text`, `_extract_docs_from_obj`
- 整体测试从 163 → 229，覆盖率从 25% → 37%

**下一步：** 为 `region_upgrade_service.py` 添加单元测试

CLAWDBOT_STATUS: CONTINUE
[2026-02-04T01:00:17+0800] Continue in 2s...
[2026-02-04T01:00:19+0800] === ITERATION START ===
[2026-02-04T01:00:26+0800] clawdbot started. CLI=agent (stop: touch /Users/youfeini/Desktop/文档生成系统/build/clawdbot/STOP) (done: /Users/youfeini/Desktop/文档生成系统/build/clawdbot/DONE)
[2026-02-04T01:00:26+0800] === ITERATION START ===
2026-02-04 01:02:37 | action=add_tests | target=region_upgrade_service.py | tests=47 | result=PASS | coverage=41%
## 本轮总结

**完成任务**：为 `backend/region_upgrade_service.py` 添加 47 个单元测试

**测试覆盖**：
- `_sha256_file`: 4 tests
- `_pick_default_region_key`: 7 tests  
- `_extract_region_key`: 21 tests
- `resolve_region_upgrade`: 12 tests
- Edge cases: 3 tests

**结果**：47 passed in 0.19s

**整体覆盖率**：37% → 41%

**已更新**：
- `build/clawdbot/status.md`
- `build/clawdbot/audit.log`
- `build/clawdbot/blockers.md`

**下一步**：为 `zhifei_autoplan/boq_store.py` 或 `tender_store.py` 添加单元测试

CLAWDBOT_STATUS: CONTINUE
[2026-02-04T01:02:55+0800] Continue in 2s...
[2026-02-04T01:02:57+0800] === ITERATION START ===

[2026-02-04T01:04:43+08:00] ACTION: 为 boq_store.py 添加 24 个单元测试
COMMAND: python -m pytest backend/tests/test_boq_store.py -v
OUTPUT: 24 passed in 0.14s

COMMAND: python -m pytest backend/tests/ --cov=backend --cov-report=term
OUTPUT: 455 passed → 覆盖率 43%

RESULT: PASS
FILES: backend/tests/test_boq_store.py (新建)

## 本轮完成

**任务**: 为 `boq_store.py` 添加单元测试

**结果**:
- 新建 `backend/tests/test_boq_store.py` (24 tests)
- `boq_store.py` 覆盖率: 53% → 100%
- 总测试数: 431 → 455
- 整体覆盖率: 41% → 43%

**下一步**: 为 `tender_store.py` 添加单元测试

CLAWDBOT_STATUS: CONTINUE
[2026-02-04T01:04:55+0800] Continue in 2s...
[2026-02-04T01:04:57+0800] === ITERATION START ===
[2026-02-04 01:06:33] ACTION: 为 tender_store.py 添加 24 个单元测试
  CMD: python -m pytest backend/tests/test_tender_store.py -v
  RESULT: 24 passed in 0.13s
  CMD: python -m pytest backend/tests/ --cov=backend
  RESULT: 479 passed, coverage 43%→44%, tender_store.py 100%
  NEW: backend/tests/test_tender_store.py (24 tests)

## 本轮完成

**动作**: 为 `tender_store.py` 添加 24 个单元测试
- 测试文件: `backend/tests/test_tender_store.py`
- 测试结果: 24 passed in 0.13s
- 覆盖率: tender_store.py 53% → 100%
- 整体覆盖率: 43% → 44%
- 总测试数: 455 → 479

**下一步**: 为 `plan_store.py` 添加单元测试（当前 0% 覆盖）

CLAWDBOT_STATUS: CONTINUE
[2026-02-04T01:06:50+0800] Continue in 2s...
[2026-02-04T01:06:52+0800] === ITERATION START ===

[2026-02-04 01:08:43] ACTION: 为 plan_store.py 添加单元测试
COMMAND: python -m pytest backend/tests/test_plan_store.py -v
RESULT: 27 passed in 0.25s
COVERAGE: plan_store.py 0% → 100%
OVERALL: 506 tests, 45% coverage (from 44%)

**本轮完成**：为 `plan_store.py` 添加 27 个单元测试

**证据**：
- `pytest backend/tests/test_plan_store.py` → 27 passed
- `plan_store.py` 覆盖率：0% → 100%
- 整体测试：479 → 506 passed
- 整体覆盖率：44% → 45%

**下一步**：为 `kg_store.py` 添加单元测试（当前 29%）

CLAWDBOT_STATUS: CONTINUE
[2026-02-04T01:08:56+0800] Continue in 2s...
[2026-02-04T01:08:58+0800] === ITERATION START ===

---
[2026-02-04T09:45] ACTION: 为 kg_store.py 添加单元测试
---
$ python -m pytest backend/tests/test_kg_store.py -v
40 passed in 0.19s

覆盖的测试类：
- TestSha256Bytes (6 tests)
- TestSaveKgBytes (9 tests)  
- TestListKg (6 tests)
- TestSetActiveKg (6 tests)
- TestGetActiveKg (5 tests)
- TestModuleConstants (5 tests)
- TestIntegration (3 tests)

$ python -m pytest backend/tests/ --cov=backend
546 passed in 1.82s
TOTAL coverage: 48% (从 45% 提升)
kg_store.py: 100% (从 29% 提升)

新增文件：backend/tests/test_kg_store.py (40 tests)
## 本轮完成

**动作**: 为 `kg_store.py` 添加 40 个单元测试

**结果**:
- `backend/tests/test_kg_store.py` 创建成功
- 40 测试全部通过
- `kg_store.py` 覆盖率: 29% → 100%
- 整体覆盖率: 45% → 48%
- 总测试数: 506 → 546

**下一步**: 为 `job_store.py` 添加单元测试 (当前 0%)

CLAWDBOT_STATUS: CONTINUE
[2026-02-04T01:11:36+0800] Continue in 2s...
[2026-02-04T01:11:38+0800] === ITERATION START ===

## 2026-02-04T09:50 为 job_store.py 添加单元测试

[READ] backend/zhifei_autoplan/job_store.py
  结果: 包含 6 个函数 (create_job, update_job, get_job, list_jobs, cleanup_jobs, _write_job)

[WRITE] backend/tests/test_job_store.py
  创建 52 个单元测试覆盖全部功能

[EXEC] python -m pytest backend/tests/test_job_store.py -v
  结果: 52 passed in 0.24s

[EXEC] python -m pytest backend/tests/ --cov=backend
  结果: 598 passed, 覆盖率 52%

[DECISION] job_store.py 测试完成，下一步为 orchestrator.py 添加测试
[STATUS] pass - 测试全部通过
**本轮完成：**

| 项目 | 结果 |
|------|------|
| 任务 | 为 `job_store.py` 添加单元测试 |
| 新增测试 | 52 个 (覆盖 6 个函数 + 集成测试) |
| 测试结果 | 52 passed in 0.24s |
| 整体测试数 | 546 → 598 |
| 覆盖率 | 48% → **52%** |
| job_store.py 覆盖率 | 0% → **95%** |

**产物路径：**
- `backend/tests/test_job_store.py` (600+ lines)

**下一步：**
- 为 `zhifei_autoplan/orchestrator.py` 添加单元测试（当前 0%）

CLAWDBOT_STATUS: CONTINUE
[2026-02-04T01:14:48+0800] Continue in 2s...
[2026-02-04T01:14:50+0800] === ITERATION START ===
2026-02-04 01:18:01 | ACTION: 添加 orchestrator.py 单元测试 (45 tests)
COMMAND: python -m pytest backend/tests/test_orchestrator.py -v
RESULT: 45 passed in 2.68s
COVERAGE: orchestrator.py 0% → 74%, 整体 52% → 56%
TESTS: 598 → 643
---
**本轮完成：**
- 为 `orchestrator.py` 创建 45 个单元测试
- 安装 `pytest-asyncio`，更新 `pytest.ini` 配置
- 测试全部通过，覆盖率 52% → 56%
- `orchestrator.py` 覆盖率 0% → 74%

**下一步：** 为 `zhifei_autoplan/exporter.py` 添加单元测试

CLAWDBOT_STATUS: CONTINUE
[2026-02-04T01:18:17+0800] Continue in 2s...
[2026-02-04T01:18:19+0800] === ITERATION START ===

=== 2026-02-04T10:15 clawdbot round ===
ACTION: 为 exporter.py 添加 52 个单元测试并修复边界情况

COMMANDS:
$ python -m pytest backend/tests/test_exporter.py -v --tb=short
52 passed in 1.72s

$ python -m pytest backend/tests/test_exporter.py --cov=backend.zhifei_autoplan.exporter --cov-report=term-missing
exporter.py: 97% coverage (214 stmts, 7 miss)

$ python -m pytest backend/tests/ --cov=backend --cov-report=term
695 passed → 整体覆盖率 60%

FILES CHANGED:
- backend/tests/test_exporter.py (created, 52 tests)
- backend/zhifei_autoplan/exporter.py (fixed: sections=None edge case)

RESULT: PASS
## 本轮总结

**完成任务**: 为 `exporter.py` 添加 52 个单元测试

**关键成果**:
- `exporter.py` 覆盖率: 0% → **97%**
- 整体覆盖率: 56% → **60%**
- 总测试数: 643 → **695** (全部 PASS)
- 修复了 `sections=None` 边界处理问题

**新增产物**:
- `backend/tests/test_exporter.py` (52 tests, 700+ lines)

**下一步**: 为 `quality_check.py` 添加单元测试 (当前 12%)

CLAWDBOT_STATUS: CONTINUE
[2026-02-04T01:22:22+0800] Continue in 2s...
[2026-02-04T01:22:24+0800] === ITERATION START ===
[2026-02-04 01:25:53] ACTION: 为 quality_check.py 添加 86 个单元测试
CMD: python -m pytest backend/tests/test_quality_check.py -v --cov=backend.zhifei_autoplan.quality_check
RESULT: 86 passed, quality_check.py coverage 100%, overall coverage 60% → 63%
---
## 本轮完成

**动作**: 为 `quality_check.py` 添加 86 个单元测试

**结果**:
- `quality_check.py` 覆盖率: 12% → **100%**
- 整体覆盖率: 60% → **63%**
- 测试套件: 695 → **781 tests PASS**

**新增产物**: `backend/tests/test_quality_check.py` (86 个测试用例)

**下一步**: 为 `parsers/boq_parser.py` 添加单元测试 (当前 0%)

CLAWDBOT_STATUS: CONTINUE
[2026-02-04T01:26:06+0800] Continue in 2s...
[2026-02-04T01:26:08+0800] === ITERATION START ===

=== 2026-02-04 01:28:55 ===
ACTION: 为 boq_parser.py 添加单元测试

$ python -m pytest backend/tests/test_boq_parser.py -v
53 passed in 7.99s

$ python -m pytest backend/tests/test_boq_parser.py --cov=backend.zhifei_autoplan.parsers.boq_parser
boq_parser.py: 69 Stmts, 0 Miss, 100% Coverage

$ python -m pytest backend/tests/ --cov=backend -q
834 passed, 65% coverage

新增文件: backend/tests/test_boq_parser.py (53 tests)
RESULT: PASS

w: Connection stalled
[2026-02-04T01:29:37+0800] Continue in 2s...
[2026-02-04T01:29:40+0800] === ITERATION START ===
w: Connection stalled
[2026-02-04T01:48:20+0800] Continue in 2s...
[2026-02-04T01:48:22+0800] === ITERATION START ===
w: Connection stalled
[2026-02-04T02:05:58+0800] Continue in 2s...
[2026-02-04T02:06:00+0800] === ITERATION START ===
w: Connection stalled
[2026-02-04T02:22:32+0800] Continue in 2s...
[2026-02-04T02:22:34+0800] === ITERATION START ===
w: Connection stalled
[2026-02-04T02:40:47+0800] Continue in 2s...
[2026-02-04T02:40:49+0800] === ITERATION START ===
w: Connection stalled
[2026-02-04T02:59:06+0800] Continue in 2s...
[2026-02-04T02:59:08+0800] === ITERATION START ===
w: Connection stalled
[2026-02-04T03:17:36+0800] Continue in 2s...
[2026-02-04T03:17:38+0800] === ITERATION START ===
w: Connection stalled
[2026-02-04T03:24:53+0800] Continue in 2s...
[2026-02-04T03:24:55+0800] === ITERATION START ===
w: [canceled] http/2 stream closed with error code CANCEL (0x8)
[2026-02-04T03:41:09+0800] Continue in 2s...
[2026-02-04T03:41:11+0800] === ITERATION START ===

=== 2026-02-04 03:43:03 ===
ACTION: 验证 tender_parser.py 测试覆盖率

$ python -m pytest backend/tests/test_tender_parser.py -v
49 passed in 1.98s

$ python -m pytest backend/tests/test_tender_parser.py --cov=backend.zhifei_autoplan.parsers.tender_parser
tender_parser.py: 79 Stmts, 0 Miss, 100% Coverage

$ python -m pytest backend/tests/ --cov=backend -q
913 passed, 整体覆盖率 68%

RESULT: PASS - tender_parser.py 覆盖率 100%, 整体覆盖率从 65% 提升至 68%
w: Connection stalled
[2026-02-04T04:01:20+0800] Continue in 2s...
[2026-02-04T04:01:22+0800] === ITERATION START ===
[2026-02-04T04:01:29+0800] Continue in 2s...
[2026-02-04T04:01:31+0800] === ITERATION START ===
w: [canceled] http/2 stream closed with error code CANCEL (0x8)
[2026-02-04T04:01:57+0800] Continue in 2s...
[2026-02-04T04:01:59+0800] === ITERATION START ===
w: Connection stalled
[2026-02-04T04:02:58+0800] Continue in 2s...
[2026-02-04T04:03:01+0800] === ITERATION START ===
w: Connection stalled
[2026-02-04T04:20:28+0800] Continue in 2s...
[2026-02-04T04:20:30+0800] === ITERATION START ===
w: Connection stalled
[2026-02-04T04:25:52+0800] Continue in 2s...
[2026-02-04T04:25:54+0800] === ITERATION START ===
w: Connection stalled
[2026-02-04T04:42:36+0800] Continue in 2s...
[2026-02-04T04:42:38+0800] === ITERATION START ===
w: Connection stalled
[2026-02-04T05:00:13+0800] Continue in 2s...
[2026-02-04T05:00:16+0800] === ITERATION START ===
2026-02-04 05:05:41 | ACTION: 添加 LLM providers 单元测试
  CMD: python -m pytest backend/tests/test_providers.py -v
  RESULT: 35 passed, 1 warning in 2.43s
  CMD: python -m pytest backend/tests/test_providers.py --cov=backend.zhifei_autoplan.providers
  RESULT: 所有 10 个 provider 覆盖率 100%
  CMD: python -m pytest backend/tests/ --cov=backend -q
  RESULT: 1029 passed, 整体覆盖率 72%
---
本轮完成：
- 为所有 10 个 LLM providers 添加了 35 个单元测试
- providers 目录覆盖率从 40-62% 提升至 **100%**
- 整体测试覆盖率从 71% 提升至 **72%**（1029 tests 全部通过）
- 更新了 status.md、audit.log、blockers.md

CLAWDBOT_STATUS: CONTINUE
[2026-02-04T05:05:56+0800] Continue in 2s...
[2026-02-04T05:05:58+0800] === ITERATION START ===

---
[2026-02-04T11:15] ACTION: 为 section_writer.py 添加单元测试

CMD: python -m pytest backend/tests/test_section_writer.py -v
RESULT: 29 passed in 2.08s

CMD: python -m pytest backend/tests/test_section_writer.py --cov=backend.zhifei_autoplan.agents.section_writer
RESULT: section_writer.py: 30 Stmts, 0 Miss, 100% Coverage

CMD: python -m pytest backend/tests/ --cov=backend -q
RESULT: 1058 passed, 整体覆盖率 73%

NEW FILE: backend/tests/test_section_writer.py
- TestSectionWriterInit: 2 tests
- TestBuildPrompt: 10 tests
- TestFallback: 3 tests
- TestWrite: 8 tests
- TestEdgeCases: 6 tests

STATUS: PASS
本轮完成：
- **原子任务**: 为 `section_writer.py` 添加单元测试
- **新增文件**: `backend/tests/test_section_writer.py` (29 个测试)
- **结果**: section_writer.py 覆盖率 27% → **100%**
- **整体覆盖率**: 72% → **73%**
- **测试总数**: 1029 → **1058** (全部 PASS)

**下一步**: 为 `media.py` (38%) 添加单元测试

CLAWDBOT_STATUS: CONTINUE
[2026-02-04T05:09:07+0800] Continue in 2s...
[2026-02-04T05:09:09+0800] === ITERATION START ===

---
[2026-02-04 05:11:07] media.py 单元测试
ACTION: 创建 backend/tests/test_media.py (11 个测试)
RESULT: PASS

$ python -m pytest backend/tests/test_media.py -v
11 passed in 1.55s

$ python -m pytest backend/tests/test_media.py --cov=backend.zhifei_autoplan.media
media.py: 26 Stmts, 0 Miss, 100% Coverage (从 38% 提升)

$ python -m pytest backend/tests/ --cov=backend -q
1069 passed, 整体覆盖率 73%

## 本轮总结

**完成任务**: 为 `media.py` 添加 11 个单元测试

**验证结果**:
- 11 个测试全部通过
- `media.py` 覆盖率：38% → **100%**
- 全量测试：1069 passed
- 整体覆盖率：73%

**下一步**: 为 `compose_engine_service.py` (33%) 添加单元测试

CLAWDBOT_STATUS: CONTINUE
[2026-02-04T05:11:24+0800] Continue in 2s...
[2026-02-04T05:11:26+0800] === ITERATION START ===

---
2026-02-04T05:14:40
ACTION: 修复 compose_engine_service.py 的 UnboundLocalError bug，并添加 27 个单元测试
COMMANDS:
  python -m pytest backend/tests/test_compose_engine_service.py -v → 85 passed
  python -m pytest backend/tests/test_compose_engine_service.py --cov=compose_engine_service → 68% (原 33%)
  python -m pytest backend/tests/ --cov=backend -q → 1096 passed, 75%
RESULT: PASS
  - Bug 修复: tender_matrix 在使用前未定义
  - 新增测试: 27 个 (4 个测试类)
  - 覆盖率: compose_engine_service.py 33% → 68%
  - 整体覆盖率: 75% (目标达成)

本轮完成：
1. **发现并修复 bug**：`compose_engine_service.py` 中 `tender_matrix` 在使用前未定义（UnboundLocalError）
2. **添加 27 个单元测试**：覆盖 `build_sections_from_kg` 核心函数
3. **覆盖率提升**：`compose_engine_service.py` 从 33% → 68%
4. **整体覆盖率达 75%**：目标已达成（1096 tests 全部通过）

CLAWDBOT_STATUS: CONTINUE
[2026-02-04T05:14:57+0800] Continue in 2s...
[2026-02-04T05:14:59+0800] === ITERATION START ===

[2026-02-04 05:18:20] ACTION: 为 retrieve_service.py 添加单元测试
- 添加 21 个新测试覆盖 _load_selected_pack_paths 和 retrieve 函数
- TestLoadSelectedPackPaths: 7 tests (kg_context解析、相对路径、fallback)
- TestRetrieve: 14 tests (检索、空查询、top_k边界、trace保存)
- 覆盖率: 52% → 87%
- 全量测试: 1116 passed
- 命令: python -m pytest backend/tests/test_retrieve_service.py --cov=backend.retrieve_service
- 结果: 86 passed, 87% coverage

本轮完成：
- 为 `retrieve_service.py` 添加 21 个单元测试
- 覆盖率从 52% 提升到 87%
- 全量测试 1116 passed，整体覆盖率 76%
- 下一步：为 `orchestrator.py` (74%) 添加单元测试

CLAWDBOT_STATUS: CONTINUE
[2026-02-04T05:18:38+0800] Continue in 2s...
[2026-02-04T05:18:40+0800] === ITERATION START ===
[2026-02-04T05:18:47+0800] Continue in 2s...
[2026-02-04T05:18:49+0800] === ITERATION START ===

=== 2026-02-04 05:22:34 ===
ACTION: 为 orchestrator.py 添加 13 个单元测试 + 修复 1 个 bug
RESULT: PASS

$ python -m pytest backend/tests/test_orchestrator.py --cov=backend.zhifei_autoplan.orchestrator -q
58 passed in 3.90s
orchestrator.py: 138 Stmts, 10 Miss, 93% Coverage (原 74%)

$ python -m pytest backend/tests/ -q
1129 passed (全量测试无回归)

BUG FIXED:
- BUG-006: orchestrator.py:132 - writer.write 返回 None 时崩溃
  修复: if not last.get('error') → if last and not last.get('error')

NEW TESTS (13):
- TestAgentRoleConfigLoading (3): 配置文件加载/默认回退/异常处理
- TestSectionBuildFailure (2): 重试失败/None返回
- TestLLMRemediation (6): LLM修复流程全覆盖
- TestPickProviderWithList (2): providers轮询/fallback model

## 本轮完成

**动作**: 为 `orchestrator.py` 添加 13 个单元测试 + 修复 1 个 bug
**结果**: PASS

| 指标 | 变化 |
|------|------|
| orchestrator.py 覆盖率 | 74% → **93%** |
| 新增测试 | +13 个 |
| 修复 bug | BUG-006 (NoneType 崩溃) |
| 全量测试 | 1129 passed |

**下一步**: 为 `compose_engine_service.py` (68%) 添加单元测试

CLAWDBOT_STATUS: CONTINUE
[2026-02-04T05:22:49+0800] Continue in 2s...
[2026-02-04T05:22:51+0800] === ITERATION START ===

=== 2026-02-04T12:45 ===
任务: 为 compose_engine_service.py 添加单元测试

命令 1: python -m pytest backend/tests/test_compose_engine_service.py --cov=backend --cov-report=term-missing -q
结果: 85 passed, compose_engine_service.py 68% coverage
缺失行: 120, 144, 150, 155, 164, 183-184, 195-196, 199, 287-294, 340, 356-357, 364-365, 370-379, 386-393, 399-416, 420-427, ...

分析:
- 递归终止条件未覆盖 (_extract_work_items)
- 文件搜索逻辑未覆盖 (_search_ingested_docs)
- tender_matrix/boq_data 有数据场景未覆盖
- 章节级处理逻辑未覆盖

添加测试:
- TestExtractWorkItemsEarlyTermination: 5 个测试
- TestSearchIngestedDocsWithData: 3 个测试
- TestBuildSectionsWithTenderMatrix: 3 个测试
- TestBuildSectionsWithSelectedPacks: 2 个测试
- TestBuildSectionsChapterLevel: 4 个测试
- TestBuildSectionsGapSummary: 1 个测试
- TestBuildSectionsEvidenceAppendix: 1 个测试
- TestBuildSectionsKgEvidence: 1 个测试
- TestBuildSectionsRetrieveEvidence: 2 个测试
- TestBuildSectionsPriorityWeight: 1 个测试

修复: monkeypatch 直接 patch compose_engine_service 模块引用

命令 2: python -m pytest backend/tests/test_compose_engine_service.py -v --tb=short
结果: 108 passed in 1.66s

命令 3: python -m pytest backend/tests/test_compose_engine_service.py --cov=backend
结果: compose_engine_service.py 94% coverage (提升 26%)

命令 4: python -m pytest backend/tests/ --cov=backend -q
结果: 1152 passed, 整体覆盖率 78%

结论: PASS - compose_engine_service.py 覆盖率 68%→94%，无回归
**本轮完成:**
- 为 `compose_engine_service.py` 添加 23 个单元测试
- 覆盖率从 68% → 94% (提升 26%)
- 测试总数 85 → 108 个
- 全量测试 1152 passed，无回归
- 整体覆盖率 76% → 78%

**主要测试覆盖:**
- 递归终止条件 (`_extract_work_items`)
- 文件搜索逻辑 (`_search_ingested_docs`)
- tender_matrix/boq_data 有数据场景
- 章节级处理（评分点覆盖率、工序绑定、扣分项风险等）
- selected_packs 字典/字符串处理
- KG 证据绑定和检索证据

**下一步:** 可继续提升 precheck_guard_service.py (88%) 或 project_profile_engine.py (86%) 覆盖率

CLAWDBOT_STATUS: CONTINUE
[2026-02-04T05:30:11+0800] Continue in 2s...
[2026-02-04T05:30:13+0800] === ITERATION START ===

## 2026-02-04T12:52 提升 project_profile_engine.py 覆盖率

[READ] build/clawdbot/goal.md, status.md, blockers.md
  结果: DoD 已全部完成，project_profile_engine.py 覆盖率 86%

[DECISION] 选择提升 project_profile_engine.py 覆盖率

[ANALYSIS] 覆盖率分析
命令: python -m pytest backend/tests/test_project_profile_engine.py --cov=backend --cov-report=term-missing -q
结果: project_profile_engine.py 22 Stmts, 3 Miss, 86%
缺失行: 24 (FileNotFoundError), 37-38 (strategy fallback)

[ACTION] 添加 5 个边界测试
- test_load_rules_file_not_found: 测试文件不存在时抛出 FileNotFoundError
- test_debug_summary_no_strategy_key: 无 strategy 字段时使用 fallback
- test_debug_summary_empty_strategy: strategy 为空字典时使用 fallback
- test_debug_summary_strategy_is_not_dict: strategy 非字典类型时使用 fallback
- test_debug_summary_with_valid_strategy: 有效 strategy 字典的正常流程

[VERIFY] 验证测试
命令 1: python -m pytest backend/tests/test_project_profile_engine.py --cov=backend -q
结果: 17 passed in 1.02s, project_profile_engine.py 100% coverage

命令 2: python -m pytest backend/tests/ --cov=backend -q
结果: 1157 passed, 85 warnings in 12.85s, 整体覆盖率 78%

结论: PASS - project_profile_engine.py 覆盖率 86%→100%，无回归
**本轮完成:**
- 为 `project_profile_engine.py` 添加 5 个边界测试
- 覆盖率从 86% → 100% (提升 14%)
- 测试总数 12 → 17 个
- 全量测试 1157 passed，无回归

**下一步:** 继续提升 precheck_guard_service.py (88%) 或 retrieve_service.py (87%) 覆盖率

**本轮完成：**
- 为 `project_profile_engine.py` 添加 5 个边界测试
- 覆盖率从 **86% → 100%**（提升 14%）
- 测试总数 12 → 17 个
- 全量测试 **1157 passed**，无回归

**已验证命令：**
```
$ python -m pytest backend/tests/test_project_profile_engine.py --cov=backend -q
17 passed, project_profile_engine.py 100% coverage

$ python -m pytest backend/tests/ --cov=backend -q
1157 passed, 整体覆盖率 78%
```

**状态文件已更新：** status.md, audit.log, blockers.md

**下一步：** 继续提升 `precheck_guard_service.py` (88%) 或 `retrieve_service.py` (87%) 覆盖率

CLAWDBOT_STATUS: CONTINUE
[2026-02-04T05:33:20+0800] Continue in 2s...
[2026-02-04T05:33:22+0800] === ITERATION START ===
[2026-02-03T21:35:40Z] ACTION: 添加 6 个边界测试到 test_precheck_guard_service.py
- TestRequiredFieldsFromRule (4 tests): required_fields 规则检查
- TestRuleFileJsonParseError (2 tests): JSON解析失败处理
VERIFY: pytest backend/tests/test_precheck_guard_service.py -> 47 passed
VERIFY: precheck_guard_service.py coverage: 88% -> 100%
VERIFY: pytest backend/tests/ -> 1163 passed (无回归)
**本轮完成**

| 指标 | 结果 |
|------|------|
| 原子任务 | precheck_guard_service.py 覆盖率提升 |
| 改动 | 添加 6 个边界测试 (TestRequiredFieldsFromRule + TestRuleFileJsonParseError) |
| 覆盖率 | 88% → **100%** |
| 全量测试 | **1163 passed** (无回归) |
| 下一步 | 提升 retrieve_service.py (87%) 覆盖率 |

CLAWDBOT_STATUS: CONTINUE
[2026-02-04T05:36:04+0800] Continue in 2s...
[2026-02-04T05:36:06+0800] === ITERATION START ===

=== 2026-02-04 05:40:21 ===
ACTION: 为 retrieve_service.py 添加边界测试，覆盖率 87%→90%

CMD: python -m pytest backend/tests/test_retrieve_service.py --cov=backend -q
OUT: 97 passed in 1.30s | retrieve_service.py: 90% (原 87%)

CMD: python -m pytest backend/tests/ --cov=backend -q
OUT: 1174 passed, 85 warnings in 13.08s | 整体覆盖率 78%

新增测试:
- TestRenderEdgeCases: 不可序列化对象、循环引用
- TestScoreEdgeCases: 空 token、纯空白 token
- TestExtractDocsDeduplication: 重复内容去重
- TestLoadSelectedPackPathsEdgeCases: 空路径、异常处理
- TestRetrieveKgPackFallback: kg_pack 回退逻辑

覆盖新增区域:
- 行 51-52: _render JSON 失败分支
- 行 66: _score 空 token 跳过
- 行 114: _extract_docs_from_obj 重复去重
- 行 176: _load_selected_pack_paths 空路径
- 行 205-208: kg_loader 异常处理

RESULT: PASS

**本轮完成：**
- 为 `retrieve_service.py` 添加 11 个边界测试
- 覆盖率从 87% → 90%
- 全部 1174 个测试通过

**覆盖新增区域：**
- `_render` JSON 序列化失败分支
- `_score` 空 token 跳过逻辑
- `_extract_docs_from_obj` 重复去重
- `_load_selected_pack_paths` 空路径、异常处理

**剩余未覆盖（行 192-193, 279-297, 309-310）：** 这些是 retrieve() 函数内部使用 `__file__` 硬编码路径的防御性代码，难以在单元测试中触发。

CLAWDBOT_STATUS: CONTINUE
[2026-02-04T05:40:50+0800] Continue in 2s...
[2026-02-04T05:40:52+0800] === ITERATION START ===

================================================================================
[2026-02-04T13:25] CLAWDBOT ROUND - 修复 media.py 中文字体警告
================================================================================

## 任务
消除 pytest 中的 matplotlib 中文字体缺失警告

## 执行步骤

### 1. 分析警告来源
$ python -m pytest backend/tests/ -q --tb=no 2>&1 | tail -10
结果: 1174 passed, 85 warnings
警告类型: UserWarning: Glyph XXXXX missing from font(s) DejaVu Sans

### 2. 检查系统可用字体
$ python -c "import matplotlib.font_manager as fm; ..."
可用中文字体:
  - STHeiti: AVAILABLE
  - Hiragino Sans GB: AVAILABLE
  - Heiti TC: AVAILABLE
  - Songti SC: AVAILABLE
  - Kaiti SC: AVAILABLE

### 3. 修改 media.py
文件: backend/zhifei_autoplan/media.py
修改: 添加 matplotlib rcParams 中文字体配置
_CHINESE_FONTS = ["STHeiti", "Hiragino Sans GB", "Heiti TC", "Songti SC", "SimHei", "WenQuanYi Micro Hei", "DejaVu Sans"]
plt.rcParams["font.sans-serif"] = _CHINESE_FONTS
plt.rcParams["axes.unicode_minus"] = False

### 4. 重建字体缓存并验证
$ python -c "import matplotlib.font_manager as fm; fm._load_fontmanager(try_read_cache=False)"
Matplotlib is building the font cache; this may take a moment.
Font cache rebuilt

$ python -m pytest backend/tests/test_media.py -q
11 passed in 0.96s (无警告)

### 5. 全量测试验证
$ python -m pytest backend/tests/ -q --tb=no
1174 passed, 1 warning in 7.64s

## 结果
- 警告数量: 85 → 1 (减少 84 个)
- 剩余警告: google.generativeai FutureWarning
- 所有测试: 1174 PASS

## 本轮总结

**任务**: 修复 media.py 中文字体警告

**结果**: 
- pytest 警告从 **85** 个减少到 **1** 个
- 配置 matplotlib 使用系统可用中文字体 (STHeiti, Hiragino Sans GB)
- 所有 1174 测试通过

**剩余工作**: 
- 迁移 google.generativeai → google.genai (消除最后 1 个警告)

**文件更新**:
- `backend/zhifei_autoplan/media.py` - 添加中文字体配置
- `build/clawdbot/status.md` - 更新状态
- `build/clawdbot/audit.log` - 追加执行记录
- `build/clawdbot/blockers.md` - 更新已解决项

CLAWDBOT_STATUS: CONTINUE
[2026-02-04T05:45:15+0800] Continue in 2s...
[2026-02-04T05:45:17+0800] === ITERATION START ===

==== 2026-02-04 05:48:02 ====
ACTION: 迁移 google.generativeai → google.genai SDK

COMMANDS:
1. 修改 backend/zhifei_autoplan/providers/google_gemini_provider.py
   - import google.generativeai as genai → from google import genai
   - genai.configure() + GenerativeModel() → genai.Client()
   - model.generate_content() → client.models.generate_content()
2. 修改 requirements.txt: google-generativeai → google-genai
3. pip install google-genai
4. 更新 backend/tests/test_providers.py 测试以匹配新 Client API

RESULT:
$ python3 -m pytest backend/tests/ -q --tb=no
1174 passed in 7.21s (0 warnings, 之前 1 warning)

STATUS: PASS - 所有 pytest 警告已消除
## 本轮总结

**原子任务完成**：迁移 `google.generativeai` → `google.genai`

**改动文件**：
- `backend/zhifei_autoplan/providers/google_gemini_provider.py` - 更新为新 Client API
- `backend/tests/test_providers.py` - 更新测试以匹配新 API
- `requirements.txt` - 依赖包名更新

**验证结果**：
- pytest: **1174 passed, 0 warnings** ✅
- 之前: 1174 passed, 1 warning

**状态文件已更新**：
- `build/clawdbot/status.md` ✅
- `build/clawdbot/audit.log` ✅
- `build/clawdbot/blockers.md` ✅

**DoD 状态**：4/4 全部完成，pytest 警告归零

**下一步**：继续提升代码覆盖率（retrieve_service 90%，orchestrator 93%，job_store 95%）

CLAWDBOT_STATUS: CONTINUE
[2026-02-04T05:48:20+0800] Continue in 2s...
[2026-02-04T05:48:22+0800] === ITERATION START ===

=== 2026-02-04T05:51 ===
ACTION: 系统稳定性验证

# 完整测试套件验证
$ python3 -m pytest backend/tests/ -q --tb=no
1174 passed in 7.51s

# 关键模块测试
- test_retrieve_service.py: 97 passed (0.30s)
- test_job_store.py: 52 passed (0.28s)
- test_orchestrator.py: 58 passed (2.35s)
- test_exporter.py: 52 passed (1.71s)

RESULT: PASS - 所有测试通过，系统稳定

**本轮完成**

- **原子任务**: 系统稳定性验证
- **执行结果**: PASS
- **证据**: 1174 tests passed in 7.51s (0 warnings)
- **状态文件已更新**: status.md, audit.log

**DoD 完成状态**:
- ☑ DoD #1: 一键运行入口
- ☑ DoD #2: DOCX 导出
- ☑ DoD #3: 验证命令 (1174 tests)
- ☑ DoD #4: README 文档

**下一步**: 继续监控系统或探索功能增强

CLAWDBOT_STATUS: CONTINUE
[2026-02-04T05:52:44+0800] Continue in 2s...
[2026-02-04T05:52:47+0800] === ITERATION START ===

=== 2026-02-04T06:05 ===
ACTION: 为 utils_write_docx.py 添加单元测试

# 覆盖率分析
$ python3 -m pytest backend/tests/ --cov=backend --cov-report=term-missing -q --tb=no
发现 backend/utils_write_docx.py 覆盖率 0% (36 行代码)

# 创建测试文件
文件: backend/tests/test_utils_write_docx.py
测试类:
- TestSetParagraph: 10 tests
- TestWriteComposeToDocx: 14 tests
- TestSetParagraphEastAsiaFont: 2 tests

# 首次运行 (5 failures)
$ python3 -m pytest backend/tests/test_utils_write_docx.py -v --tb=short
5 failed (EMU 单位浮点精度问题)

# 修复: 添加 approx_emu() 辅助函数使用 pytest.approx 近似比较
$ python3 -m pytest backend/tests/test_utils_write_docx.py -v
26 passed in 0.62s

# 完整测试验证
$ python3 -m pytest backend/tests/ --cov=backend --cov-report=term-missing -q --tb=no
1200 passed in 13.63s
TOTAL coverage: 78% → 79%
utils_write_docx.py: 0% → 100%

RESULT: PASS

CLAWDBOT_STATUS: CONTINUE
本轮完成。

**原子任务**: 为 `utils_write_docx.py` 添加单元测试

**执行结果**:
| 指标 | 结果 |
|------|------|
| 新增测试 | 26 个 (3 个测试类) |
| utils_write_docx.py 覆盖率 | 0% → **100%** |
| 整体覆盖率 | 78% → **79%** |
| 测试总数 | 1174 → **1200** |
| 验证结果 | 1200 passed in 13.63s |

**测试覆盖**:
- `_set_paragraph`: 字体、粗体、行距、首行缩进、对齐方式
- `write_compose_to_docx`: 文件创建、A4页面设置、页边距、章节格式
- 边界情况: 空章节、缺失字段、长文本、Unicode字符

**状态文件已更新**: status.md, audit.log, blockers.md

CLAWDBOT_STATUS: CONTINUE
[2026-02-04T05:57:06+0800] Continue in 2s...
[2026-02-04T05:57:08+0800] === ITERATION START ===
2026-02-04 06:00:02 | rule_engine + gap_analyzer tests added | 25 tests | PASS
Command: python3 -m pytest backend/tests/test_rule_engine.py -v
Result: 25 passed in 0.12s
Full suite: 1225 passed in 8.46s
Coverage: rule_engine.py 0%->83%, gap_analyzer.py 0%->100%
---
## 本轮完成

**动作**：为 `backend/app/core/rule_engine.py` 和 `gap_analyzer.py` 添加 25 个单元测试

**结果**：
- 25 tests PASS
- 完整套件 1225 tests PASS
- 覆盖率：rule_engine.py 0%→83%，gap_analyzer.py 0%→100%

**下一步**：继续提升低覆盖率模块（backend/app/ingest.py 等）

CLAWDBOT_STATUS: CONTINUE
[2026-02-04T06:00:28+0800] Continue in 2s...
[2026-02-04T06:00:30+0800] === ITERATION START ===
T: You've hit your usage limit for Opus You've saved $111 on API model usage this month with Pro+. Switch to a different model or set a Spend Limit to continue with Opus. Your usage limits will reset when your monthly cycle ends on 3/3/2026.
[2026-02-04T06:00:36+0800] Continue in 2s...
[2026-02-04T06:00:38+0800] === ITERATION START ===
T: You've hit your usage limit for Opus You've saved $111 on API model usage this month with Pro+. Switch to a different model or set a Spend Limit to continue with Opus. Your usage limits will reset when your monthly cycle ends on 3/3/2026.
[2026-02-04T06:00:44+0800] Continue in 2s...
[2026-02-04T06:00:46+0800] === ITERATION START ===
T: You've hit your usage limit for Opus You've saved $111 on API model usage this month with Pro+. Switch to a different model or set a Spend Limit to continue with Opus. Your usage limits will reset when your monthly cycle ends on 3/3/2026.
[2026-02-04T06:00:51+0800] Continue in 2s...
[2026-02-04T06:00:53+0800] === ITERATION START ===
T: You've hit your usage limit for Opus You've saved $111 on API model usage this month with Pro+. Switch to a different model or set a Spend Limit to continue with Opus. Your usage limits will reset when your monthly cycle ends on 3/3/2026.
[2026-02-04T06:00:59+0800] Continue in 2s...
[2026-02-04T06:01:01+0800] === ITERATION START ===
T: You've hit your usage limit for Opus You've saved $111 on API model usage this month with Pro+. Switch to a different model or set a Spend Limit to continue with Opus. Your usage limits will reset when your monthly cycle ends on 3/3/2026.
[2026-02-04T06:01:06+0800] Continue in 2s...
[2026-02-04T06:01:08+0800] === ITERATION START ===
T: You've hit your usage limit for Opus You've saved $111 on API model usage this month with Pro+. Switch to a different model or set a Spend Limit to continue with Opus. Your usage limits will reset when your monthly cycle ends on 3/3/2026.
[2026-02-04T06:01:13+0800] Continue in 2s...
[2026-02-04T06:01:15+0800] === ITERATION START ===
T: You've hit your usage limit for Opus You've saved $111 on API model usage this month with Pro+. Switch to a different model or set a Spend Limit to continue with Opus. Your usage limits will reset when your monthly cycle ends on 3/3/2026.
[2026-02-04T06:01:21+0800] Continue in 2s...
[2026-02-04T06:01:23+0800] === ITERATION START ===
T: You've hit your usage limit for Opus You've saved $111 on API model usage this month with Pro+. Switch to a different model or set a Spend Limit to continue with Opus. Your usage limits will reset when your monthly cycle ends on 3/3/2026.
[2026-02-04T06:01:29+0800] Continue in 2s...
[2026-02-04T06:01:31+0800] === ITERATION START ===
T: You've hit your usage limit for Opus You've saved $111 on API model usage this month with Pro+. Switch to a different model or set a Spend Limit to continue with Opus. Your usage limits will reset when your monthly cycle ends on 3/3/2026.
[2026-02-04T06:01:36+0800] Continue in 2s...
[2026-02-04T06:01:39+0800] === ITERATION START ===
T: You've hit your usage limit for Opus You've saved $111 on API model usage this month with Pro+. Switch to a different model or set a Spend Limit to continue with Opus. Your usage limits will reset when your monthly cycle ends on 3/3/2026.
[2026-02-04T06:01:44+0800] Continue in 2s...
[2026-02-04T06:01:46+0800] === ITERATION START ===
T: You've hit your usage limit for Opus You've saved $111 on API model usage this month with Pro+. Switch to a different model or set a Spend Limit to continue with Opus. Your usage limits will reset when your monthly cycle ends on 3/3/2026.
[2026-02-04T06:01:52+0800] Continue in 2s...
[2026-02-04T06:01:54+0800] === ITERATION START ===
T: You've hit your usage limit for Opus You've saved $111 on API model usage this month with Pro+. Switch to a different model or set a Spend Limit to continue with Opus. Your usage limits will reset when your monthly cycle ends on 3/3/2026.
[2026-02-04T06:01:59+0800] Continue in 2s...
[2026-02-04T06:02:01+0800] === ITERATION START ===
T: You've hit your usage limit for Opus You've saved $111 on API model usage this month with Pro+. Switch to a different model or set a Spend Limit to continue with Opus. Your usage limits will reset when your monthly cycle ends on 3/3/2026.
[2026-02-04T06:02:07+0800] Continue in 2s...
[2026-02-04T06:02:09+0800] === ITERATION START ===
T: You've hit your usage limit for Opus You've saved $111 on API model usage this month with Pro+. Switch to a different model or set a Spend Limit to continue with Opus. Your usage limits will reset when your monthly cycle ends on 3/3/2026.
[2026-02-04T06:02:14+0800] Continue in 2s...
[2026-02-04T06:02:16+0800] === ITERATION START ===
T: You've hit your usage limit for Opus You've saved $111 on API model usage this month with Pro+. Switch to a different model or set a Spend Limit to continue with Opus. Your usage limits will reset when your monthly cycle ends on 3/3/2026.
[2026-02-04T06:02:22+0800] Continue in 2s...
[2026-02-04T06:02:24+0800] === ITERATION START ===
T: You've hit your usage limit for Opus You've saved $111 on API model usage this month with Pro+. Switch to a different model or set a Spend Limit to continue with Opus. Your usage limits will reset when your monthly cycle ends on 3/3/2026.
[2026-02-04T06:02:29+0800] Continue in 2s...
[2026-02-04T06:02:31+0800] === ITERATION START ===
T: You've hit your usage limit for Opus You've saved $111 on API model usage this month with Pro+. Switch to a different model or set a Spend Limit to continue with Opus. Your usage limits will reset when your monthly cycle ends on 3/3/2026.
[2026-02-04T06:02:37+0800] Continue in 2s...
[2026-02-04T06:02:39+0800] === ITERATION START ===
T: You've hit your usage limit for Opus You've saved $111 on API model usage this month with Pro+. Switch to a different model or set a Spend Limit to continue with Opus. Your usage limits will reset when your monthly cycle ends on 3/3/2026.
[2026-02-04T06:02:44+0800] Continue in 2s...
[2026-02-04T06:02:46+0800] === ITERATION START ===
T: You've hit your usage limit for Opus You've saved $111 on API model usage this month with Pro+. Switch to a different model or set a Spend Limit to continue with Opus. Your usage limits will reset when your monthly cycle ends on 3/3/2026.
[2026-02-04T06:02:52+0800] Continue in 2s...
[2026-02-04T06:02:54+0800] === ITERATION START ===
T: You've hit your usage limit for Opus You've saved $111 on API model usage this month with Pro+. Switch to a different model or set a Spend Limit to continue with Opus. Your usage limits will reset when your monthly cycle ends on 3/3/2026.
[2026-02-04T06:02:59+0800] Continue in 2s...
[2026-02-04T06:03:01+0800] === ITERATION START ===
T: You've hit your usage limit for Opus You've saved $111 on API model usage this month with Pro+. Switch to a different model or set a Spend Limit to continue with Opus. Your usage limits will reset when your monthly cycle ends on 3/3/2026.
[2026-02-04T06:03:07+0800] Continue in 2s...
[2026-02-04T06:03:09+0800] === ITERATION START ===
T: You've hit your usage limit for Opus You've saved $111 on API model usage this month with Pro+. Switch to a different model or set a Spend Limit to continue with Opus. Your usage limits will reset when your monthly cycle ends on 3/3/2026.
[2026-02-04T06:03:14+0800] Continue in 2s...
[2026-02-04T06:03:16+0800] === ITERATION START ===
T: You've hit your usage limit for Opus You've saved $111 on API model usage this month with Pro+. Switch to a different model or set a Spend Limit to continue with Opus. Your usage limits will reset when your monthly cycle ends on 3/3/2026.
[2026-02-04T06:03:22+0800] Continue in 2s...
[2026-02-04T06:03:24+0800] === ITERATION START ===
T: You've hit your usage limit for Opus You've saved $111 on API model usage this month with Pro+. Switch to a different model or set a Spend Limit to continue with Opus. Your usage limits will reset when your monthly cycle ends on 3/3/2026.
[2026-02-04T06:03:30+0800] Continue in 2s...
[2026-02-04T06:03:32+0800] === ITERATION START ===
T: You've hit your usage limit for Opus You've saved $111 on API model usage this month with Pro+. Switch to a different model or set a Spend Limit to continue with Opus. Your usage limits will reset when your monthly cycle ends on 3/3/2026.
[2026-02-04T06:03:37+0800] Continue in 2s...
[2026-02-04T06:03:39+0800] === ITERATION START ===
T: You've hit your usage limit for Opus You've saved $111 on API model usage this month with Pro+. Switch to a different model or set a Spend Limit to continue with Opus. Your usage limits will reset when your monthly cycle ends on 3/3/2026.
[2026-02-04T06:03:45+0800] Continue in 2s...
[2026-02-04T06:03:47+0800] === ITERATION START ===
T: You've hit your usage limit for Opus You've saved $111 on API model usage this month with Pro+. Switch to a different model or set a Spend Limit to continue with Opus. Your usage limits will reset when your monthly cycle ends on 3/3/2026.
[2026-02-04T06:03:53+0800] Continue in 2s...
[2026-02-04T06:03:55+0800] === ITERATION START ===
T: You've hit your usage limit for Opus You've saved $111 on API model usage this month with Pro+. Switch to a different model or set a Spend Limit to continue with Opus. Your usage limits will reset when your monthly cycle ends on 3/3/2026.
[2026-02-04T06:04:00+0800] Continue in 2s...
[2026-02-04T06:04:02+0800] === ITERATION START ===
T: You've hit your usage limit for Opus You've saved $111 on API model usage this month with Pro+. Switch to a different model or set a Spend Limit to continue with Opus. Your usage limits will reset when your monthly cycle ends on 3/3/2026.
[2026-02-04T06:04:08+0800] Continue in 2s...
[2026-02-04T06:04:10+0800] === ITERATION START ===
T: You've hit your usage limit for Opus You've saved $111 on API model usage this month with Pro+. Switch to a different model or set a Spend Limit to continue with Opus. Your usage limits will reset when your monthly cycle ends on 3/3/2026.
[2026-02-04T06:04:16+0800] Continue in 2s...
[2026-02-04T06:04:18+0800] === ITERATION START ===
T: You've hit your usage limit for Opus You've saved $111 on API model usage this month with Pro+. Switch to a different model or set a Spend Limit to continue with Opus. Your usage limits will reset when your monthly cycle ends on 3/3/2026.
[2026-02-04T06:04:23+0800] Continue in 2s...
[2026-02-04T06:04:25+0800] === ITERATION START ===
T: You've hit your usage limit for Opus You've saved $111 on API model usage this month with Pro+. Switch to a different model or set a Spend Limit to continue with Opus. Your usage limits will reset when your monthly cycle ends on 3/3/2026.
[2026-02-04T06:04:31+0800] Continue in 2s...
[2026-02-04T06:04:33+0800] === ITERATION START ===
T: You've hit your usage limit for Opus You've saved $111 on API model usage this month with Pro+. Switch to a different model or set a Spend Limit to continue with Opus. Your usage limits will reset when your monthly cycle ends on 3/3/2026.
[2026-02-04T06:04:38+0800] Continue in 2s...
[2026-02-04T06:04:40+0800] === ITERATION START ===
T: You've hit your usage limit for Opus You've saved $111 on API model usage this month with Pro+. Switch to a different model or set a Spend Limit to continue with Opus. Your usage limits will reset when your monthly cycle ends on 3/3/2026.
[2026-02-04T06:04:46+0800] Continue in 2s...
[2026-02-04T06:04:48+0800] === ITERATION START ===
T: You've hit your usage limit for Opus You've saved $111 on API model usage this month with Pro+. Switch to a different model or set a Spend Limit to continue with Opus. Your usage limits will reset when your monthly cycle ends on 3/3/2026.
[2026-02-04T06:04:53+0800] Continue in 2s...
[2026-02-04T06:04:55+0800] === ITERATION START ===
T: You've hit your usage limit for Opus You've saved $111 on API model usage this month with Pro+. Switch to a different model or set a Spend Limit to continue with Opus. Your usage limits will reset when your monthly cycle ends on 3/3/2026.
[2026-02-04T06:05:01+0800] Continue in 2s...
[2026-02-04T06:05:03+0800] === ITERATION START ===
T: You've hit your usage limit for Opus You've saved $111 on API model usage this month with Pro+. Switch to a different model or set a Spend Limit to continue with Opus. Your usage limits will reset when your monthly cycle ends on 3/3/2026.
[2026-02-04T06:05:08+0800] Continue in 2s...
[2026-02-04T06:05:10+0800] === ITERATION START ===
T: You've hit your usage limit for Opus You've saved $111 on API model usage this month with Pro+. Switch to a different model or set a Spend Limit to continue with Opus. Your usage limits will reset when your monthly cycle ends on 3/3/2026.
[2026-02-04T06:05:16+0800] Continue in 2s...
[2026-02-04T06:05:18+0800] === ITERATION START ===
T: You've hit your usage limit for Opus You've saved $111 on API model usage this month with Pro+. Switch to a different model or set a Spend Limit to continue with Opus. Your usage limits will reset when your monthly cycle ends on 3/3/2026.
[2026-02-04T06:05:23+0800] Continue in 2s...
[2026-02-04T06:05:25+0800] === ITERATION START ===
T: You've hit your usage limit for Opus You've saved $111 on API model usage this month with Pro+. Switch to a different model or set a Spend Limit to continue with Opus. Your usage limits will reset when your monthly cycle ends on 3/3/2026.
[2026-02-04T06:05:31+0800] Continue in 2s...
[2026-02-04T06:05:33+0800] === ITERATION START ===
T: You've hit your usage limit for Opus You've saved $111 on API model usage this month with Pro+. Switch to a different model or set a Spend Limit to continue with Opus. Your usage limits will reset when your monthly cycle ends on 3/3/2026.
[2026-02-04T06:05:38+0800] Continue in 2s...
[2026-02-04T06:05:40+0800] === ITERATION START ===
T: You've hit your usage limit for Opus You've saved $111 on API model usage this month with Pro+. Switch to a different model or set a Spend Limit to continue with Opus. Your usage limits will reset when your monthly cycle ends on 3/3/2026.
[2026-02-04T06:05:46+0800] Continue in 2s...
[2026-02-04T06:05:48+0800] === ITERATION START ===
T: You've hit your usage limit for Opus You've saved $111 on API model usage this month with Pro+. Switch to a different model or set a Spend Limit to continue with Opus. Your usage limits will reset when your monthly cycle ends on 3/3/2026.
[2026-02-04T06:05:53+0800] Continue in 2s...
[2026-02-04T06:05:55+0800] === ITERATION START ===
T: You've hit your usage limit for Opus You've saved $111 on API model usage this month with Pro+. Switch to a different model or set a Spend Limit to continue with Opus. Your usage limits will reset when your monthly cycle ends on 3/3/2026.
[2026-02-04T06:06:01+0800] Continue in 2s...
[2026-02-04T06:06:03+0800] === ITERATION START ===
T: You've hit your usage limit for Opus You've saved $111 on API model usage this month with Pro+. Switch to a different model or set a Spend Limit to continue with Opus. Your usage limits will reset when your monthly cycle ends on 3/3/2026.
[2026-02-04T06:06:08+0800] Continue in 2s...
[2026-02-04T06:06:10+0800] === ITERATION START ===
T: You've hit your usage limit for Opus You've saved $111 on API model usage this month with Pro+. Switch to a different model or set a Spend Limit to continue with Opus. Your usage limits will reset when your monthly cycle ends on 3/3/2026.
[2026-02-04T06:06:16+0800] Continue in 2s...
[2026-02-04T06:06:18+0800] === ITERATION START ===
T: You've hit your usage limit for Opus You've saved $111 on API model usage this month with Pro+. Switch to a different model or set a Spend Limit to continue with Opus. Your usage limits will reset when your monthly cycle ends on 3/3/2026.
[2026-02-04T06:06:23+0800] Continue in 2s...
[2026-02-04T06:06:25+0800] === ITERATION START ===
T: You've hit your usage limit for Opus You've saved $111 on API model usage this month with Pro+. Switch to a different model or set a Spend Limit to continue with Opus. Your usage limits will reset when your monthly cycle ends on 3/3/2026.
[2026-02-04T06:06:31+0800] Continue in 2s...
[2026-02-04T06:06:33+0800] === ITERATION START ===
T: You've hit your usage limit for Opus You've saved $111 on API model usage this month with Pro+. Switch to a different model or set a Spend Limit to continue with Opus. Your usage limits will reset when your monthly cycle ends on 3/3/2026.
[2026-02-04T06:06:38+0800] Continue in 2s...
[2026-02-04T06:06:40+0800] === ITERATION START ===
T: You've hit your usage limit for Opus You've saved $111 on API model usage this month with Pro+. Switch to a different model or set a Spend Limit to continue with Opus. Your usage limits will reset when your monthly cycle ends on 3/3/2026.
[2026-02-04T06:06:46+0800] Continue in 2s...
[2026-02-04T06:06:48+0800] === ITERATION START ===
T: You've hit your usage limit for Opus You've saved $111 on API model usage this month with Pro+. Switch to a different model or set a Spend Limit to continue with Opus. Your usage limits will reset when your monthly cycle ends on 3/3/2026.
[2026-02-04T06:06:54+0800] Continue in 2s...
[2026-02-04T06:06:56+0800] === ITERATION START ===
T: You've hit your usage limit for Opus You've saved $111 on API model usage this month with Pro+. Switch to a different model or set a Spend Limit to continue with Opus. Your usage limits will reset when your monthly cycle ends on 3/3/2026.
[2026-02-04T06:07:01+0800] Continue in 2s...
[2026-02-04T06:07:03+0800] === ITERATION START ===
T: You've hit your usage limit for Opus You've saved $111 on API model usage this month with Pro+. Switch to a different model or set a Spend Limit to continue with Opus. Your usage limits will reset when your monthly cycle ends on 3/3/2026.
[2026-02-04T06:07:09+0800] Continue in 2s...
[2026-02-04T06:07:11+0800] === ITERATION START ===
T: You've hit your usage limit for Opus You've saved $111 on API model usage this month with Pro+. Switch to a different model or set a Spend Limit to continue with Opus. Your usage limits will reset when your monthly cycle ends on 3/3/2026.
[2026-02-04T06:07:17+0800] Continue in 2s...
[2026-02-04T06:07:19+0800] === ITERATION START ===
T: You've hit your usage limit for Opus You've saved $111 on API model usage this month with Pro+. Switch to a different model or set a Spend Limit to continue with Opus. Your usage limits will reset when your monthly cycle ends on 3/3/2026.
[2026-02-04T06:07:25+0800] Continue in 2s...
[2026-02-04T06:07:27+0800] === ITERATION START ===
T: You've hit your usage limit for Opus You've saved $111 on API model usage this month with Pro+. Switch to a different model or set a Spend Limit to continue with Opus. Your usage limits will reset when your monthly cycle ends on 3/3/2026.
[2026-02-04T06:07:32+0800] Continue in 2s...
[2026-02-04T06:07:34+0800] === ITERATION START ===
T: You've hit your usage limit for Opus You've saved $111 on API model usage this month with Pro+. Switch to a different model or set a Spend Limit to continue with Opus. Your usage limits will reset when your monthly cycle ends on 3/3/2026.
[2026-02-04T06:07:40+0800] Continue in 2s...
[2026-02-04T06:07:42+0800] === ITERATION START ===
T: You've hit your usage limit for Opus You've saved $111 on API model usage this month with Pro+. Switch to a different model or set a Spend Limit to continue with Opus. Your usage limits will reset when your monthly cycle ends on 3/3/2026.
[2026-02-04T06:07:48+0800] Continue in 2s...
[2026-02-04T06:07:50+0800] === ITERATION START ===
T: You've hit your usage limit for Opus You've saved $111 on API model usage this month with Pro+. Switch to a different model or set a Spend Limit to continue with Opus. Your usage limits will reset when your monthly cycle ends on 3/3/2026.
[2026-02-04T06:07:55+0800] Continue in 2s...
[2026-02-04T06:07:57+0800] === ITERATION START ===
T: You've hit your usage limit for Opus You've saved $111 on API model usage this month with Pro+. Switch to a different model or set a Spend Limit to continue with Opus. Your usage limits will reset when your monthly cycle ends on 3/3/2026.
[2026-02-04T06:08:03+0800] Continue in 2s...
[2026-02-04T06:08:05+0800] === ITERATION START ===
T: You've hit your usage limit for Opus You've saved $111 on API model usage this month with Pro+. Switch to a different model or set a Spend Limit to continue with Opus. Your usage limits will reset when your monthly cycle ends on 3/3/2026.
[2026-02-04T06:08:12+0800] Continue in 2s...
[2026-02-04T06:08:14+0800] === ITERATION START ===
T: You've hit your usage limit for Opus You've saved $111 on API model usage this month with Pro+. Switch to a different model or set a Spend Limit to continue with Opus. Your usage limits will reset when your monthly cycle ends on 3/3/2026.
[2026-02-04T06:08:22+0800] Continue in 2s...
[2026-02-04T06:08:24+0800] === ITERATION START ===
T: You've hit your usage limit for Opus You've saved $111 on API model usage this month with Pro+. Switch to a different model or set a Spend Limit to continue with Opus. Your usage limits will reset when your monthly cycle ends on 3/3/2026.
[2026-02-04T06:08:29+0800] Continue in 2s...
[2026-02-04T06:08:31+0800] === ITERATION START ===
T: You've hit your usage limit for Opus You've saved $111 on API model usage this month with Pro+. Switch to a different model or set a Spend Limit to continue with Opus. Your usage limits will reset when your monthly cycle ends on 3/3/2026.
[2026-02-04T06:08:38+0800] Continue in 2s...
[2026-02-04T06:08:40+0800] === ITERATION START ===
T: You've hit your usage limit for Opus You've saved $111 on API model usage this month with Pro+. Switch to a different model or set a Spend Limit to continue with Opus. Your usage limits will reset when your monthly cycle ends on 3/3/2026.
[2026-02-04T06:08:47+0800] Continue in 2s...
[2026-02-04T06:08:49+0800] === ITERATION START ===
T: You've hit your usage limit for Opus You've saved $111 on API model usage this month with Pro+. Switch to a different model or set a Spend Limit to continue with Opus. Your usage limits will reset when your monthly cycle ends on 3/3/2026.
[2026-02-04T06:08:54+0800] Continue in 2s...
[2026-02-04T06:08:56+0800] === ITERATION START ===
T: You've hit your usage limit for Opus You've saved $111 on API model usage this month with Pro+. Switch to a different model or set a Spend Limit to continue with Opus. Your usage limits will reset when your monthly cycle ends on 3/3/2026.
[2026-02-04T06:09:02+0800] Continue in 2s...
[2026-02-04T06:09:04+0800] === ITERATION START ===
T: You've hit your usage limit for Opus You've saved $111 on API model usage this month with Pro+. Switch to a different model or set a Spend Limit to continue with Opus. Your usage limits will reset when your monthly cycle ends on 3/3/2026.
[2026-02-04T06:09:10+0800] Continue in 2s...
[2026-02-04T06:09:12+0800] === ITERATION START ===
T: You've hit your usage limit for Opus You've saved $111 on API model usage this month with Pro+. Switch to a different model or set a Spend Limit to continue with Opus. Your usage limits will reset when your monthly cycle ends on 3/3/2026.
[2026-02-04T06:09:17+0800] Continue in 2s...
[2026-02-04T06:09:19+0800] === ITERATION START ===
T: You've hit your usage limit for Opus You've saved $111 on API model usage this month with Pro+. Switch to a different model or set a Spend Limit to continue with Opus. Your usage limits will reset when your monthly cycle ends on 3/3/2026.
[2026-02-04T06:09:25+0800] Continue in 2s...
[2026-02-04T06:09:27+0800] === ITERATION START ===
T: You've hit your usage limit for Opus You've saved $111 on API model usage this month with Pro+. Switch to a different model or set a Spend Limit to continue with Opus. Your usage limits will reset when your monthly cycle ends on 3/3/2026.
[2026-02-04T06:09:32+0800] Continue in 2s...
[2026-02-04T06:09:34+0800] === ITERATION START ===
T: You've hit your usage limit for Opus You've saved $111 on API model usage this month with Pro+. Switch to a different model or set a Spend Limit to continue with Opus. Your usage limits will reset when your monthly cycle ends on 3/3/2026.
[2026-02-04T06:09:40+0800] Continue in 2s...
[2026-02-04T06:09:42+0800] === ITERATION START ===
T: You've hit your usage limit for Opus You've saved $111 on API model usage this month with Pro+. Switch to a different model or set a Spend Limit to continue with Opus. Your usage limits will reset when your monthly cycle ends on 3/3/2026.
[2026-02-04T06:09:48+0800] Continue in 2s...
[2026-02-04T06:09:50+0800] === ITERATION START ===
T: You've hit your usage limit for Opus You've saved $111 on API model usage this month with Pro+. Switch to a different model or set a Spend Limit to continue with Opus. Your usage limits will reset when your monthly cycle ends on 3/3/2026.
[2026-02-04T06:09:55+0800] Continue in 2s...
[2026-02-04T06:09:57+0800] === ITERATION START ===
T: You've hit your usage limit for Opus You've saved $111 on API model usage this month with Pro+. Switch to a different model or set a Spend Limit to continue with Opus. Your usage limits will reset when your monthly cycle ends on 3/3/2026.
[2026-02-04T06:10:02+0800] Continue in 2s...
[2026-02-04T06:10:04+0800] === ITERATION START ===
T: You've hit your usage limit for Opus You've saved $111 on API model usage this month with Pro+. Switch to a different model or set a Spend Limit to continue with Opus. Your usage limits will reset when your monthly cycle ends on 3/3/2026.
[2026-02-04T06:10:10+0800] Continue in 2s...
[2026-02-04T06:10:12+0800] === ITERATION START ===
T: You've hit your usage limit for Opus You've saved $111 on API model usage this month with Pro+. Switch to a different model or set a Spend Limit to continue with Opus. Your usage limits will reset when your monthly cycle ends on 3/3/2026.
[2026-02-04T06:10:17+0800] Continue in 2s...
[2026-02-04T06:10:19+0800] === ITERATION START ===
T: You've hit your usage limit for Opus You've saved $111 on API model usage this month with Pro+. Switch to a different model or set a Spend Limit to continue with Opus. Your usage limits will reset when your monthly cycle ends on 3/3/2026.
[2026-02-04T06:10:25+0800] Continue in 2s...
[2026-02-04T06:10:27+0800] === ITERATION START ===
T: You've hit your usage limit for Opus You've saved $111 on API model usage this month with Pro+. Switch to a different model or set a Spend Limit to continue with Opus. Your usage limits will reset when your monthly cycle ends on 3/3/2026.
[2026-02-04T06:10:32+0800] Continue in 2s...
[2026-02-04T06:10:34+0800] === ITERATION START ===
T: You've hit your usage limit for Opus You've saved $111 on API model usage this month with Pro+. Switch to a different model or set a Spend Limit to continue with Opus. Your usage limits will reset when your monthly cycle ends on 3/3/2026.
[2026-02-04T06:10:40+0800] Continue in 2s...
[2026-02-04T06:10:42+0800] === ITERATION START ===
T: You've hit your usage limit for Opus You've saved $111 on API model usage this month with Pro+. Switch to a different model or set a Spend Limit to continue with Opus. Your usage limits will reset when your monthly cycle ends on 3/3/2026.
[2026-02-04T06:10:48+0800] Continue in 2s...
[2026-02-04T06:10:50+0800] === ITERATION START ===
T: You've hit your usage limit for Opus You've saved $111 on API model usage this month with Pro+. Switch to a different model or set a Spend Limit to continue with Opus. Your usage limits will reset when your monthly cycle ends on 3/3/2026.
[2026-02-04T06:10:55+0800] Continue in 2s...
[2026-02-04T06:10:57+0800] === ITERATION START ===
T: You've hit your usage limit for Opus You've saved $111 on API model usage this month with Pro+. Switch to a different model or set a Spend Limit to continue with Opus. Your usage limits will reset when your monthly cycle ends on 3/3/2026.
[2026-02-04T06:11:02+0800] Continue in 2s...
[2026-02-04T06:11:04+0800] === ITERATION START ===
T: You've hit your usage limit for Opus You've saved $111 on API model usage this month with Pro+. Switch to a different model or set a Spend Limit to continue with Opus. Your usage limits will reset when your monthly cycle ends on 3/3/2026.
[2026-02-04T06:11:10+0800] Continue in 2s...
[2026-02-04T06:11:12+0800] === ITERATION START ===
T: You've hit your usage limit for Opus You've saved $111 on API model usage this month with Pro+. Switch to a different model or set a Spend Limit to continue with Opus. Your usage limits will reset when your monthly cycle ends on 3/3/2026.
[2026-02-04T06:11:17+0800] Continue in 2s...
[2026-02-04T06:11:19+0800] === ITERATION START ===
T: You've hit your usage limit for Opus You've saved $111 on API model usage this month with Pro+. Switch to a different model or set a Spend Limit to continue with Opus. Your usage limits will reset when your monthly cycle ends on 3/3/2026.
[2026-02-04T06:11:25+0800] Continue in 2s...
[2026-02-04T06:11:27+0800] === ITERATION START ===
T: You've hit your usage limit for Opus You've saved $111 on API model usage this month with Pro+. Switch to a different model or set a Spend Limit to continue with Opus. Your usage limits will reset when your monthly cycle ends on 3/3/2026.
[2026-02-04T06:11:32+0800] Continue in 2s...
[2026-02-04T06:11:34+0800] === ITERATION START ===
T: You've hit your usage limit for Opus You've saved $111 on API model usage this month with Pro+. Switch to a different model or set a Spend Limit to continue with Opus. Your usage limits will reset when your monthly cycle ends on 3/3/2026.
[2026-02-04T06:11:40+0800] Continue in 2s...
[2026-02-04T06:11:42+0800] === ITERATION START ===
T: You've hit your usage limit for Opus You've saved $111 on API model usage this month with Pro+. Switch to a different model or set a Spend Limit to continue with Opus. Your usage limits will reset when your monthly cycle ends on 3/3/2026.
[2026-02-04T06:11:47+0800] Continue in 2s...
[2026-02-04T06:11:49+0800] === ITERATION START ===
T: You've hit your usage limit for Opus You've saved $111 on API model usage this month with Pro+. Switch to a different model or set a Spend Limit to continue with Opus. Your usage limits will reset when your monthly cycle ends on 3/3/2026.
[2026-02-04T06:11:55+0800] Continue in 2s...
[2026-02-04T06:11:57+0800] === ITERATION START ===
T: You've hit your usage limit for Opus You've saved $111 on API model usage this month with Pro+. Switch to a different model or set a Spend Limit to continue with Opus. Your usage limits will reset when your monthly cycle ends on 3/3/2026.
[2026-02-04T06:12:02+0800] Continue in 2s...
[2026-02-04T06:12:04+0800] === ITERATION START ===
T: You've hit your usage limit for Opus You've saved $111 on API model usage this month with Pro+. Switch to a different model or set a Spend Limit to continue with Opus. Your usage limits will reset when your monthly cycle ends on 3/3/2026.
[2026-02-04T06:12:10+0800] Continue in 2s...
[2026-02-04T06:12:12+0800] === ITERATION START ===
T: You've hit your usage limit for Opus You've saved $111 on API model usage this month with Pro+. Switch to a different model or set a Spend Limit to continue with Opus. Your usage limits will reset when your monthly cycle ends on 3/3/2026.
[2026-02-04T06:12:17+0800] Continue in 2s...
[2026-02-04T06:12:19+0800] === ITERATION START ===
T: You've hit your usage limit for Opus You've saved $111 on API model usage this month with Pro+. Switch to a different model or set a Spend Limit to continue with Opus. Your usage limits will reset when your monthly cycle ends on 3/3/2026.
[2026-02-04T06:12:25+0800] Continue in 2s...
[2026-02-04T06:12:27+0800] === ITERATION START ===
T: You've hit your usage limit for Opus You've saved $111 on API model usage this month with Pro+. Switch to a different model or set a Spend Limit to continue with Opus. Your usage limits will reset when your monthly cycle ends on 3/3/2026.
[2026-02-04T06:12:32+0800] Continue in 2s...
[2026-02-04T06:12:34+0800] === ITERATION START ===
T: You've hit your usage limit for Opus You've saved $111 on API model usage this month with Pro+. Switch to a different model or set a Spend Limit to continue with Opus. Your usage limits will reset when your monthly cycle ends on 3/3/2026.
[2026-02-04T06:12:40+0800] Continue in 2s...
[2026-02-04T06:12:42+0800] === ITERATION START ===
T: You've hit your usage limit for Opus You've saved $111 on API model usage this month with Pro+. Switch to a different model or set a Spend Limit to continue with Opus. Your usage limits will reset when your monthly cycle ends on 3/3/2026.
[2026-02-04T06:12:47+0800] Continue in 2s...
[2026-02-04T06:12:49+0800] === ITERATION START ===
T: You've hit your usage limit for Opus You've saved $111 on API model usage this month with Pro+. Switch to a different model or set a Spend Limit to continue with Opus. Your usage limits will reset when your monthly cycle ends on 3/3/2026.
[2026-02-04T06:12:55+0800] Continue in 2s...
[2026-02-04T06:12:57+0800] === ITERATION START ===
T: You've hit your usage limit for Opus You've saved $111 on API model usage this month with Pro+. Switch to a different model or set a Spend Limit to continue with Opus. Your usage limits will reset when your monthly cycle ends on 3/3/2026.
[2026-02-04T06:13:02+0800] Continue in 2s...
[2026-02-04T06:13:04+0800] === ITERATION START ===
T: You've hit your usage limit for Opus You've saved $111 on API model usage this month with Pro+. Switch to a different model or set a Spend Limit to continue with Opus. Your usage limits will reset when your monthly cycle ends on 3/3/2026.
[2026-02-04T06:13:10+0800] Continue in 2s...
[2026-02-04T06:13:12+0800] === ITERATION START ===
T: You've hit your usage limit for Opus You've saved $111 on API model usage this month with Pro+. Switch to a different model or set a Spend Limit to continue with Opus. Your usage limits will reset when your monthly cycle ends on 3/3/2026.
[2026-02-04T06:13:17+0800] Continue in 2s...
[2026-02-04T06:13:19+0800] === ITERATION START ===
T: You've hit your usage limit for Opus You've saved $111 on API model usage this month with Pro+. Switch to a different model or set a Spend Limit to continue with Opus. Your usage limits will reset when your monthly cycle ends on 3/3/2026.
[2026-02-04T06:13:25+0800] Continue in 2s...
[2026-02-04T06:13:27+0800] === ITERATION START ===
T: You've hit your usage limit for Opus You've saved $111 on API model usage this month with Pro+. Switch to a different model or set a Spend Limit to continue with Opus. Your usage limits will reset when your monthly cycle ends on 3/3/2026.
[2026-02-04T06:13:32+0800] Continue in 2s...
[2026-02-04T06:13:34+0800] === ITERATION START ===
T: You've hit your usage limit for Opus You've saved $111 on API model usage this month with Pro+. Switch to a different model or set a Spend Limit to continue with Opus. Your usage limits will reset when your monthly cycle ends on 3/3/2026.
[2026-02-04T06:13:40+0800] Continue in 2s...
[2026-02-04T06:13:42+0800] === ITERATION START ===
T: You've hit your usage limit for Opus You've saved $111 on API model usage this month with Pro+. Switch to a different model or set a Spend Limit to continue with Opus. Your usage limits will reset when your monthly cycle ends on 3/3/2026.
[2026-02-04T06:13:47+0800] Continue in 2s...
[2026-02-04T06:13:49+0800] === ITERATION START ===
T: You've hit your usage limit for Opus You've saved $111 on API model usage this month with Pro+. Switch to a different model or set a Spend Limit to continue with Opus. Your usage limits will reset when your monthly cycle ends on 3/3/2026.
[2026-02-04T06:13:55+0800] Continue in 2s...
[2026-02-04T06:13:57+0800] === ITERATION START ===
T: You've hit your usage limit for Opus You've saved $111 on API model usage this month with Pro+. Switch to a different model or set a Spend Limit to continue with Opus. Your usage limits will reset when your monthly cycle ends on 3/3/2026.
[2026-02-04T06:14:02+0800] Continue in 2s...
[2026-02-04T06:14:04+0800] === ITERATION START ===
T: You've hit your usage limit for Opus You've saved $111 on API model usage this month with Pro+. Switch to a different model or set a Spend Limit to continue with Opus. Your usage limits will reset when your monthly cycle ends on 3/3/2026.
[2026-02-04T06:14:10+0800] Continue in 2s...
[2026-02-04T06:14:12+0800] === ITERATION START ===
T: You've hit your usage limit for Opus You've saved $111 on API model usage this month with Pro+. Switch to a different model or set a Spend Limit to continue with Opus. Your usage limits will reset when your monthly cycle ends on 3/3/2026.
[2026-02-04T06:14:18+0800] Continue in 2s...
[2026-02-04T06:14:20+0800] === ITERATION START ===
T: You've hit your usage limit for Opus You've saved $111 on API model usage this month with Pro+. Switch to a different model or set a Spend Limit to continue with Opus. Your usage limits will reset when your monthly cycle ends on 3/3/2026.
[2026-02-04T06:14:25+0800] Continue in 2s...
[2026-02-04T06:14:27+0800] === ITERATION START ===
T: You've hit your usage limit for Opus You've saved $111 on API model usage this month with Pro+. Switch to a different model or set a Spend Limit to continue with Opus. Your usage limits will reset when your monthly cycle ends on 3/3/2026.
[2026-02-04T06:14:33+0800] Continue in 2s...
[2026-02-04T06:14:35+0800] === ITERATION START ===
T: You've hit your usage limit for Opus You've saved $111 on API model usage this month with Pro+. Switch to a different model or set a Spend Limit to continue with Opus. Your usage limits will reset when your monthly cycle ends on 3/3/2026.
[2026-02-04T06:14:40+0800] Continue in 2s...
[2026-02-04T06:14:43+0800] === ITERATION START ===
T: You've hit your usage limit for Opus You've saved $111 on API model usage this month with Pro+. Switch to a different model or set a Spend Limit to continue with Opus. Your usage limits will reset when your monthly cycle ends on 3/3/2026.
[2026-02-04T06:14:48+0800] Continue in 2s...
[2026-02-04T06:14:50+0800] === ITERATION START ===
T: You've hit your usage limit for Opus You've saved $111 on API model usage this month with Pro+. Switch to a different model or set a Spend Limit to continue with Opus. Your usage limits will reset when your monthly cycle ends on 3/3/2026.
[2026-02-04T06:14:56+0800] Continue in 2s...
[2026-02-04T06:14:58+0800] === ITERATION START ===
T: You've hit your usage limit for Opus You've saved $111 on API model usage this month with Pro+. Switch to a different model or set a Spend Limit to continue with Opus. Your usage limits will reset when your monthly cycle ends on 3/3/2026.
[2026-02-04T06:15:03+0800] Continue in 2s...
[2026-02-04T06:15:05+0800] === ITERATION START ===
T: You've hit your usage limit for Opus You've saved $111 on API model usage this month with Pro+. Switch to a different model or set a Spend Limit to continue with Opus. Your usage limits will reset when your monthly cycle ends on 3/3/2026.
[2026-02-04T06:15:11+0800] Continue in 2s...
[2026-02-04T06:15:13+0800] === ITERATION START ===
T: You've hit your usage limit for Opus You've saved $111 on API model usage this month with Pro+. Switch to a different model or set a Spend Limit to continue with Opus. Your usage limits will reset when your monthly cycle ends on 3/3/2026.
[2026-02-04T06:15:18+0800] Continue in 2s...
[2026-02-04T06:15:20+0800] === ITERATION START ===
T: You've hit your usage limit for Opus You've saved $111 on API model usage this month with Pro+. Switch to a different model or set a Spend Limit to continue with Opus. Your usage limits will reset when your monthly cycle ends on 3/3/2026.
[2026-02-04T06:15:26+0800] Continue in 2s...
[2026-02-04T06:15:28+0800] === ITERATION START ===
T: You've hit your usage limit for Opus You've saved $111 on API model usage this month with Pro+. Switch to a different model or set a Spend Limit to continue with Opus. Your usage limits will reset when your monthly cycle ends on 3/3/2026.
[2026-02-04T06:15:33+0800] Continue in 2s...
[2026-02-04T06:15:35+0800] === ITERATION START ===
T: You've hit your usage limit for Opus You've saved $111 on API model usage this month with Pro+. Switch to a different model or set a Spend Limit to continue with Opus. Your usage limits will reset when your monthly cycle ends on 3/3/2026.
[2026-02-04T06:15:41+0800] Continue in 2s...
[2026-02-04T06:15:43+0800] === ITERATION START ===
T: You've hit your usage limit for Opus You've saved $111 on API model usage this month with Pro+. Switch to a different model or set a Spend Limit to continue with Opus. Your usage limits will reset when your monthly cycle ends on 3/3/2026.
[2026-02-04T06:15:49+0800] Continue in 2s...
[2026-02-04T06:15:51+0800] === ITERATION START ===
T: You've hit your usage limit for Opus You've saved $111 on API model usage this month with Pro+. Switch to a different model or set a Spend Limit to continue with Opus. Your usage limits will reset when your monthly cycle ends on 3/3/2026.
[2026-02-04T06:15:56+0800] Continue in 2s...
[2026-02-04T06:15:58+0800] === ITERATION START ===
T: You've hit your usage limit for Opus You've saved $111 on API model usage this month with Pro+. Switch to a different model or set a Spend Limit to continue with Opus. Your usage limits will reset when your monthly cycle ends on 3/3/2026.
[2026-02-04T06:16:04+0800] Continue in 2s...
[2026-02-04T06:16:06+0800] === ITERATION START ===
T: You've hit your usage limit for Opus You've saved $111 on API model usage this month with Pro+. Switch to a different model or set a Spend Limit to continue with Opus. Your usage limits will reset when your monthly cycle ends on 3/3/2026.
[2026-02-04T06:16:11+0800] Continue in 2s...
[2026-02-04T06:16:13+0800] === ITERATION START ===
T: You've hit your usage limit for Opus You've saved $111 on API model usage this month with Pro+. Switch to a different model or set a Spend Limit to continue with Opus. Your usage limits will reset when your monthly cycle ends on 3/3/2026.
[2026-02-04T06:16:19+0800] Continue in 2s...
[2026-02-04T06:16:21+0800] === ITERATION START ===
T: You've hit your usage limit for Opus You've saved $111 on API model usage this month with Pro+. Switch to a different model or set a Spend Limit to continue with Opus. Your usage limits will reset when your monthly cycle ends on 3/3/2026.
[2026-02-04T06:16:26+0800] Continue in 2s...
[2026-02-04T06:16:28+0800] === ITERATION START ===
T: You've hit your usage limit for Opus You've saved $111 on API model usage this month with Pro+. Switch to a different model or set a Spend Limit to continue with Opus. Your usage limits will reset when your monthly cycle ends on 3/3/2026.
[2026-02-04T06:16:34+0800] Continue in 2s...
[2026-02-04T06:16:36+0800] === ITERATION START ===
T: You've hit your usage limit for Opus You've saved $111 on API model usage this month with Pro+. Switch to a different model or set a Spend Limit to continue with Opus. Your usage limits will reset when your monthly cycle ends on 3/3/2026.
[2026-02-04T06:16:41+0800] Continue in 2s...
[2026-02-04T06:16:43+0800] === ITERATION START ===
T: You've hit your usage limit for Opus You've saved $111 on API model usage this month with Pro+. Switch to a different model or set a Spend Limit to continue with Opus. Your usage limits will reset when your monthly cycle ends on 3/3/2026.
[2026-02-04T06:16:49+0800] Continue in 2s...
[2026-02-04T06:16:51+0800] === ITERATION START ===
T: You've hit your usage limit for Opus You've saved $111 on API model usage this month with Pro+. Switch to a different model or set a Spend Limit to continue with Opus. Your usage limits will reset when your monthly cycle ends on 3/3/2026.
[2026-02-04T06:16:56+0800] Continue in 2s...
[2026-02-04T06:16:58+0800] === ITERATION START ===
T: You've hit your usage limit for Opus You've saved $111 on API model usage this month with Pro+. Switch to a different model or set a Spend Limit to continue with Opus. Your usage limits will reset when your monthly cycle ends on 3/3/2026.
[2026-02-04T06:17:04+0800] Continue in 2s...
[2026-02-04T06:17:06+0800] === ITERATION START ===
T: You've hit your usage limit for Opus You've saved $111 on API model usage this month with Pro+. Switch to a different model or set a Spend Limit to continue with Opus. Your usage limits will reset when your monthly cycle ends on 3/3/2026.
[2026-02-04T06:17:12+0800] Continue in 2s...
[2026-02-04T06:17:14+0800] === ITERATION START ===
T: You've hit your usage limit for Opus You've saved $111 on API model usage this month with Pro+. Switch to a different model or set a Spend Limit to continue with Opus. Your usage limits will reset when your monthly cycle ends on 3/3/2026.
[2026-02-04T06:17:19+0800] Continue in 2s...
[2026-02-04T06:17:21+0800] === ITERATION START ===
T: You've hit your usage limit for Opus You've saved $111 on API model usage this month with Pro+. Switch to a different model or set a Spend Limit to continue with Opus. Your usage limits will reset when your monthly cycle ends on 3/3/2026.
[2026-02-04T06:17:27+0800] Continue in 2s...
[2026-02-04T06:17:29+0800] === ITERATION START ===
T: You've hit your usage limit for Opus You've saved $111 on API model usage this month with Pro+. Switch to a different model or set a Spend Limit to continue with Opus. Your usage limits will reset when your monthly cycle ends on 3/3/2026.
[2026-02-04T06:17:34+0800] Continue in 2s...
[2026-02-04T06:17:36+0800] === ITERATION START ===
T: You've hit your usage limit for Opus You've saved $111 on API model usage this month with Pro+. Switch to a different model or set a Spend Limit to continue with Opus. Your usage limits will reset when your monthly cycle ends on 3/3/2026.
[2026-02-04T06:17:42+0800] Continue in 2s...
[2026-02-04T06:17:44+0800] === ITERATION START ===
T: You've hit your usage limit for Opus You've saved $111 on API model usage this month with Pro+. Switch to a different model or set a Spend Limit to continue with Opus. Your usage limits will reset when your monthly cycle ends on 3/3/2026.
[2026-02-04T06:17:49+0800] Continue in 2s...
[2026-02-04T06:17:51+0800] === ITERATION START ===
T: You've hit your usage limit for Opus You've saved $111 on API model usage this month with Pro+. Switch to a different model or set a Spend Limit to continue with Opus. Your usage limits will reset when your monthly cycle ends on 3/3/2026.
[2026-02-04T06:17:56+0800] Continue in 2s...
[2026-02-04T06:17:58+0800] === ITERATION START ===
T: You've hit your usage limit for Opus You've saved $111 on API model usage this month with Pro+. Switch to a different model or set a Spend Limit to continue with Opus. Your usage limits will reset when your monthly cycle ends on 3/3/2026.
[2026-02-04T06:18:04+0800] Continue in 2s...
[2026-02-04T06:18:06+0800] === ITERATION START ===
T: You've hit your usage limit for Opus You've saved $111 on API model usage this month with Pro+. Switch to a different model or set a Spend Limit to continue with Opus. Your usage limits will reset when your monthly cycle ends on 3/3/2026.
[2026-02-04T06:18:12+0800] Continue in 2s...
[2026-02-04T06:18:14+0800] === ITERATION START ===
T: You've hit your usage limit for Opus You've saved $111 on API model usage this month with Pro+. Switch to a different model or set a Spend Limit to continue with Opus. Your usage limits will reset when your monthly cycle ends on 3/3/2026.
[2026-02-04T06:18:19+0800] Continue in 2s...
[2026-02-04T06:18:21+0800] === ITERATION START ===
T: You've hit your usage limit for Opus You've saved $111 on API model usage this month with Pro+. Switch to a different model or set a Spend Limit to continue with Opus. Your usage limits will reset when your monthly cycle ends on 3/3/2026.
[2026-02-04T06:18:27+0800] Continue in 2s...
[2026-02-04T06:18:29+0800] === ITERATION START ===
T: You've hit your usage limit for Opus You've saved $111 on API model usage this month with Pro+. Switch to a different model or set a Spend Limit to continue with Opus. Your usage limits will reset when your monthly cycle ends on 3/3/2026.
[2026-02-04T06:18:34+0800] Continue in 2s...
[2026-02-04T06:18:36+0800] === ITERATION START ===
T: You've hit your usage limit for Opus You've saved $111 on API model usage this month with Pro+. Switch to a different model or set a Spend Limit to continue with Opus. Your usage limits will reset when your monthly cycle ends on 3/3/2026.
[2026-02-04T06:18:42+0800] Continue in 2s...
[2026-02-04T06:18:44+0800] === ITERATION START ===
T: You've hit your usage limit for Opus You've saved $111 on API model usage this month with Pro+. Switch to a different model or set a Spend Limit to continue with Opus. Your usage limits will reset when your monthly cycle ends on 3/3/2026.
[2026-02-04T06:18:49+0800] Continue in 2s...
[2026-02-04T06:18:51+0800] === ITERATION START ===
T: You've hit your usage limit for Opus You've saved $111 on API model usage this month with Pro+. Switch to a different model or set a Spend Limit to continue with Opus. Your usage limits will reset when your monthly cycle ends on 3/3/2026.
[2026-02-04T06:18:56+0800] Continue in 2s...
[2026-02-04T06:18:58+0800] === ITERATION START ===
T: You've hit your usage limit for Opus You've saved $111 on API model usage this month with Pro+. Switch to a different model or set a Spend Limit to continue with Opus. Your usage limits will reset when your monthly cycle ends on 3/3/2026.
[2026-02-04T06:19:04+0800] Continue in 2s...
[2026-02-04T06:19:06+0800] === ITERATION START ===
T: You've hit your usage limit for Opus You've saved $111 on API model usage this month with Pro+. Switch to a different model or set a Spend Limit to continue with Opus. Your usage limits will reset when your monthly cycle ends on 3/3/2026.
[2026-02-04T06:19:11+0800] Continue in 2s...
[2026-02-04T06:19:13+0800] === ITERATION START ===
T: You've hit your usage limit for Opus You've saved $111 on API model usage this month with Pro+. Switch to a different model or set a Spend Limit to continue with Opus. Your usage limits will reset when your monthly cycle ends on 3/3/2026.
[2026-02-04T06:19:19+0800] Continue in 2s...
[2026-02-04T06:19:21+0800] === ITERATION START ===
T: You've hit your usage limit for Opus You've saved $111 on API model usage this month with Pro+. Switch to a different model or set a Spend Limit to continue with Opus. Your usage limits will reset when your monthly cycle ends on 3/3/2026.
[2026-02-04T06:19:26+0800] Continue in 2s...
[2026-02-04T06:19:28+0800] === ITERATION START ===
T: You've hit your usage limit for Opus You've saved $111 on API model usage this month with Pro+. Switch to a different model or set a Spend Limit to continue with Opus. Your usage limits will reset when your monthly cycle ends on 3/3/2026.
[2026-02-04T06:19:34+0800] Continue in 2s...
[2026-02-04T06:19:36+0800] === ITERATION START ===
T: You've hit your usage limit for Opus You've saved $111 on API model usage this month with Pro+. Switch to a different model or set a Spend Limit to continue with Opus. Your usage limits will reset when your monthly cycle ends on 3/3/2026.
[2026-02-04T06:19:41+0800] Continue in 2s...
[2026-02-04T06:19:43+0800] === ITERATION START ===
T: You've hit your usage limit for Opus You've saved $111 on API model usage this month with Pro+. Switch to a different model or set a Spend Limit to continue with Opus. Your usage limits will reset when your monthly cycle ends on 3/3/2026.
[2026-02-04T06:19:49+0800] Continue in 2s...
[2026-02-04T06:19:51+0800] === ITERATION START ===
T: You've hit your usage limit for Opus You've saved $111 on API model usage this month with Pro+. Switch to a different model or set a Spend Limit to continue with Opus. Your usage limits will reset when your monthly cycle ends on 3/3/2026.
[2026-02-04T06:19:56+0800] Continue in 2s...
[2026-02-04T06:19:59+0800] === ITERATION START ===
T: You've hit your usage limit for Opus You've saved $111 on API model usage this month with Pro+. Switch to a different model or set a Spend Limit to continue with Opus. Your usage limits will reset when your monthly cycle ends on 3/3/2026.
[2026-02-04T06:20:04+0800] Continue in 2s...
[2026-02-04T06:20:06+0800] === ITERATION START ===
T: You've hit your usage limit for Opus You've saved $111 on API model usage this month with Pro+. Switch to a different model or set a Spend Limit to continue with Opus. Your usage limits will reset when your monthly cycle ends on 3/3/2026.
[2026-02-04T06:20:12+0800] Continue in 2s...
[2026-02-04T06:20:14+0800] === ITERATION START ===
T: You've hit your usage limit for Opus You've saved $111 on API model usage this month with Pro+. Switch to a different model or set a Spend Limit to continue with Opus. Your usage limits will reset when your monthly cycle ends on 3/3/2026.
[2026-02-04T06:20:19+0800] Continue in 2s...
[2026-02-04T06:20:21+0800] === ITERATION START ===
T: You've hit your usage limit for Opus You've saved $111 on API model usage this month with Pro+. Switch to a different model or set a Spend Limit to continue with Opus. Your usage limits will reset when your monthly cycle ends on 3/3/2026.
[2026-02-04T06:20:27+0800] Continue in 2s...
[2026-02-04T06:20:29+0800] === ITERATION START ===
T: You've hit your usage limit for Opus You've saved $111 on API model usage this month with Pro+. Switch to a different model or set a Spend Limit to continue with Opus. Your usage limits will reset when your monthly cycle ends on 3/3/2026.
[2026-02-04T06:20:34+0800] Continue in 2s...
[2026-02-04T06:20:36+0800] === ITERATION START ===
T: You've hit your usage limit for Opus You've saved $111 on API model usage this month with Pro+. Switch to a different model or set a Spend Limit to continue with Opus. Your usage limits will reset when your monthly cycle ends on 3/3/2026.
[2026-02-04T06:20:42+0800] Continue in 2s...
[2026-02-04T06:20:44+0800] === ITERATION START ===
T: You've hit your usage limit for Opus You've saved $111 on API model usage this month with Pro+. Switch to a different model or set a Spend Limit to continue with Opus. Your usage limits will reset when your monthly cycle ends on 3/3/2026.
[2026-02-04T06:20:50+0800] Continue in 2s...
[2026-02-04T06:20:52+0800] === ITERATION START ===
T: You've hit your usage limit for Opus You've saved $111 on API model usage this month with Pro+. Switch to a different model or set a Spend Limit to continue with Opus. Your usage limits will reset when your monthly cycle ends on 3/3/2026.
[2026-02-04T06:20:57+0800] Continue in 2s...
[2026-02-04T06:20:59+0800] === ITERATION START ===
T: You've hit your usage limit for Opus You've saved $111 on API model usage this month with Pro+. Switch to a different model or set a Spend Limit to continue with Opus. Your usage limits will reset when your monthly cycle ends on 3/3/2026.
[2026-02-04T06:21:05+0800] Continue in 2s...
[2026-02-04T06:21:07+0800] === ITERATION START ===
T: You've hit your usage limit for Opus You've saved $111 on API model usage this month with Pro+. Switch to a different model or set a Spend Limit to continue with Opus. Your usage limits will reset when your monthly cycle ends on 3/3/2026.
[2026-02-04T06:21:12+0800] Continue in 2s...
[2026-02-04T06:21:14+0800] === ITERATION START ===
T: You've hit your usage limit for Opus You've saved $111 on API model usage this month with Pro+. Switch to a different model or set a Spend Limit to continue with Opus. Your usage limits will reset when your monthly cycle ends on 3/3/2026.
[2026-02-04T06:21:19+0800] Continue in 2s...
[2026-02-04T06:21:21+0800] === ITERATION START ===
T: You've hit your usage limit for Opus You've saved $111 on API model usage this month with Pro+. Switch to a different model or set a Spend Limit to continue with Opus. Your usage limits will reset when your monthly cycle ends on 3/3/2026.
[2026-02-04T06:21:27+0800] Continue in 2s...
[2026-02-04T06:21:29+0800] === ITERATION START ===
T: You've hit your usage limit for Opus You've saved $111 on API model usage this month with Pro+. Switch to a different model or set a Spend Limit to continue with Opus. Your usage limits will reset when your monthly cycle ends on 3/3/2026.
[2026-02-04T06:21:35+0800] Continue in 2s...
[2026-02-04T06:21:37+0800] === ITERATION START ===
T: You've hit your usage limit for Opus You've saved $111 on API model usage this month with Pro+. Switch to a different model or set a Spend Limit to continue with Opus. Your usage limits will reset when your monthly cycle ends on 3/3/2026.
[2026-02-04T06:21:42+0800] Continue in 2s...
[2026-02-04T06:21:44+0800] === ITERATION START ===
T: You've hit your usage limit for Opus You've saved $111 on API model usage this month with Pro+. Switch to a different model or set a Spend Limit to continue with Opus. Your usage limits will reset when your monthly cycle ends on 3/3/2026.
[2026-02-04T06:21:50+0800] Continue in 2s...
[2026-02-04T06:21:52+0800] === ITERATION START ===
T: You've hit your usage limit for Opus You've saved $111 on API model usage this month with Pro+. Switch to a different model or set a Spend Limit to continue with Opus. Your usage limits will reset when your monthly cycle ends on 3/3/2026.
[2026-02-04T06:21:57+0800] Continue in 2s...
[2026-02-04T06:21:59+0800] === ITERATION START ===
T: You've hit your usage limit for Opus You've saved $111 on API model usage this month with Pro+. Switch to a different model or set a Spend Limit to continue with Opus. Your usage limits will reset when your monthly cycle ends on 3/3/2026.
[2026-02-04T06:22:05+0800] Continue in 2s...
[2026-02-04T06:22:07+0800] === ITERATION START ===
T: You've hit your usage limit for Opus You've saved $111 on API model usage this month with Pro+. Switch to a different model or set a Spend Limit to continue with Opus. Your usage limits will reset when your monthly cycle ends on 3/3/2026.
[2026-02-04T06:22:13+0800] Continue in 2s...
[2026-02-04T06:22:15+0800] === ITERATION START ===
T: You've hit your usage limit for Opus You've saved $111 on API model usage this month with Pro+. Switch to a different model or set a Spend Limit to continue with Opus. Your usage limits will reset when your monthly cycle ends on 3/3/2026.
[2026-02-04T06:22:21+0800] Continue in 2s...
[2026-02-04T06:22:23+0800] === ITERATION START ===
T: You've hit your usage limit for Opus You've saved $111 on API model usage this month with Pro+. Switch to a different model or set a Spend Limit to continue with Opus. Your usage limits will reset when your monthly cycle ends on 3/3/2026.
[2026-02-04T06:22:28+0800] Continue in 2s...
[2026-02-04T06:22:30+0800] === ITERATION START ===
T: You've hit your usage limit for Opus You've saved $111 on API model usage this month with Pro+. Switch to a different model or set a Spend Limit to continue with Opus. Your usage limits will reset when your monthly cycle ends on 3/3/2026.
[2026-02-04T06:22:36+0800] Continue in 2s...
[2026-02-04T06:22:38+0800] === ITERATION START ===
T: You've hit your usage limit for Opus You've saved $111 on API model usage this month with Pro+. Switch to a different model or set a Spend Limit to continue with Opus. Your usage limits will reset when your monthly cycle ends on 3/3/2026.
[2026-02-04T06:22:44+0800] Continue in 2s...
[2026-02-04T06:22:46+0800] === ITERATION START ===
T: You've hit your usage limit for Opus You've saved $111 on API model usage this month with Pro+. Switch to a different model or set a Spend Limit to continue with Opus. Your usage limits will reset when your monthly cycle ends on 3/3/2026.
[2026-02-04T06:22:52+0800] Continue in 2s...
[2026-02-04T06:22:54+0800] === ITERATION START ===
T: You've hit your usage limit for Opus You've saved $111 on API model usage this month with Pro+. Switch to a different model or set a Spend Limit to continue with Opus. Your usage limits will reset when your monthly cycle ends on 3/3/2026.
[2026-02-04T06:23:00+0800] Continue in 2s...
[2026-02-04T06:23:02+0800] === ITERATION START ===
T: You've hit your usage limit for Opus You've saved $111 on API model usage this month with Pro+. Switch to a different model or set a Spend Limit to continue with Opus. Your usage limits will reset when your monthly cycle ends on 3/3/2026.
[2026-02-04T06:23:07+0800] Continue in 2s...
[2026-02-04T06:23:09+0800] === ITERATION START ===
T: You've hit your usage limit for Opus You've saved $111 on API model usage this month with Pro+. Switch to a different model or set a Spend Limit to continue with Opus. Your usage limits will reset when your monthly cycle ends on 3/3/2026.
[2026-02-04T06:23:15+0800] Continue in 2s...
[2026-02-04T06:23:17+0800] === ITERATION START ===
T: You've hit your usage limit for Opus You've saved $111 on API model usage this month with Pro+. Switch to a different model or set a Spend Limit to continue with Opus. Your usage limits will reset when your monthly cycle ends on 3/3/2026.
[2026-02-04T06:23:23+0800] Continue in 2s...
[2026-02-04T06:23:25+0800] === ITERATION START ===
T: You've hit your usage limit for Opus You've saved $111 on API model usage this month with Pro+. Switch to a different model or set a Spend Limit to continue with Opus. Your usage limits will reset when your monthly cycle ends on 3/3/2026.
[2026-02-04T06:23:30+0800] Continue in 2s...
[2026-02-04T06:23:33+0800] === ITERATION START ===
T: You've hit your usage limit for Opus You've saved $111 on API model usage this month with Pro+. Switch to a different model or set a Spend Limit to continue with Opus. Your usage limits will reset when your monthly cycle ends on 3/3/2026.
[2026-02-04T06:23:38+0800] Continue in 2s...
[2026-02-04T06:23:40+0800] === ITERATION START ===
T: You've hit your usage limit for Opus You've saved $111 on API model usage this month with Pro+. Switch to a different model or set a Spend Limit to continue with Opus. Your usage limits will reset when your monthly cycle ends on 3/3/2026.
[2026-02-04T06:23:46+0800] Continue in 2s...
[2026-02-04T06:23:48+0800] === ITERATION START ===
T: You've hit your usage limit for Opus You've saved $111 on API model usage this month with Pro+. Switch to a different model or set a Spend Limit to continue with Opus. Your usage limits will reset when your monthly cycle ends on 3/3/2026.
[2026-02-04T06:23:54+0800] Continue in 2s...
[2026-02-04T06:23:56+0800] === ITERATION START ===
T: You've hit your usage limit for Opus You've saved $111 on API model usage this month with Pro+. Switch to a different model or set a Spend Limit to continue with Opus. Your usage limits will reset when your monthly cycle ends on 3/3/2026.
[2026-02-04T06:24:01+0800] Continue in 2s...
[2026-02-04T06:24:03+0800] === ITERATION START ===
T: You've hit your usage limit for Opus You've saved $111 on API model usage this month with Pro+. Switch to a different model or set a Spend Limit to continue with Opus. Your usage limits will reset when your monthly cycle ends on 3/3/2026.
[2026-02-04T06:24:09+0800] Continue in 2s...
[2026-02-04T06:24:11+0800] === ITERATION START ===
T: You've hit your usage limit for Opus You've saved $111 on API model usage this month with Pro+. Switch to a different model or set a Spend Limit to continue with Opus. Your usage limits will reset when your monthly cycle ends on 3/3/2026.
[2026-02-04T06:24:17+0800] Continue in 2s...
[2026-02-04T06:24:19+0800] === ITERATION START ===
T: You've hit your usage limit for Opus You've saved $111 on API model usage this month with Pro+. Switch to a different model or set a Spend Limit to continue with Opus. Your usage limits will reset when your monthly cycle ends on 3/3/2026.
[2026-02-04T06:24:25+0800] Continue in 2s...
[2026-02-04T06:24:27+0800] === ITERATION START ===
T: You've hit your usage limit for Opus You've saved $111 on API model usage this month with Pro+. Switch to a different model or set a Spend Limit to continue with Opus. Your usage limits will reset when your monthly cycle ends on 3/3/2026.
[2026-02-04T06:24:33+0800] Continue in 2s...
[2026-02-04T06:24:35+0800] === ITERATION START ===
T: You've hit your usage limit for Opus You've saved $111 on API model usage this month with Pro+. Switch to a different model or set a Spend Limit to continue with Opus. Your usage limits will reset when your monthly cycle ends on 3/3/2026.
[2026-02-04T06:24:41+0800] Continue in 2s...
[2026-02-04T06:24:43+0800] === ITERATION START ===
T: You've hit your usage limit for Opus You've saved $111 on API model usage this month with Pro+. Switch to a different model or set a Spend Limit to continue with Opus. Your usage limits will reset when your monthly cycle ends on 3/3/2026.
[2026-02-04T06:24:48+0800] Continue in 2s...
[2026-02-04T06:24:50+0800] === ITERATION START ===
T: You've hit your usage limit for Opus You've saved $111 on API model usage this month with Pro+. Switch to a different model or set a Spend Limit to continue with Opus. Your usage limits will reset when your monthly cycle ends on 3/3/2026.
[2026-02-04T06:24:57+0800] Continue in 2s...
[2026-02-04T06:24:59+0800] === ITERATION START ===
T: You've hit your usage limit for Opus You've saved $111 on API model usage this month with Pro+. Switch to a different model or set a Spend Limit to continue with Opus. Your usage limits will reset when your monthly cycle ends on 3/3/2026.
[2026-02-04T06:25:04+0800] Continue in 2s...
[2026-02-04T06:25:06+0800] === ITERATION START ===
T: You've hit your usage limit for Opus You've saved $111 on API model usage this month with Pro+. Switch to a different model or set a Spend Limit to continue with Opus. Your usage limits will reset when your monthly cycle ends on 3/3/2026.
[2026-02-04T06:25:12+0800] Continue in 2s...
[2026-02-04T06:25:14+0800] === ITERATION START ===
T: You've hit your usage limit for Opus You've saved $111 on API model usage this month with Pro+. Switch to a different model or set a Spend Limit to continue with Opus. Your usage limits will reset when your monthly cycle ends on 3/3/2026.
[2026-02-04T06:25:19+0800] Continue in 2s...
[2026-02-04T06:25:21+0800] === ITERATION START ===
T: You've hit your usage limit for Opus You've saved $111 on API model usage this month with Pro+. Switch to a different model or set a Spend Limit to continue with Opus. Your usage limits will reset when your monthly cycle ends on 3/3/2026.
[2026-02-04T06:25:27+0800] Continue in 2s...
[2026-02-04T06:25:29+0800] === ITERATION START ===
T: You've hit your usage limit for Opus You've saved $111 on API model usage this month with Pro+. Switch to a different model or set a Spend Limit to continue with Opus. Your usage limits will reset when your monthly cycle ends on 3/3/2026.
[2026-02-04T06:25:34+0800] Continue in 2s...
[2026-02-04T06:25:36+0800] === ITERATION START ===
T: You've hit your usage limit for Opus You've saved $111 on API model usage this month with Pro+. Switch to a different model or set a Spend Limit to continue with Opus. Your usage limits will reset when your monthly cycle ends on 3/3/2026.
[2026-02-04T06:25:42+0800] Continue in 2s...
[2026-02-04T06:25:44+0800] === ITERATION START ===
T: You've hit your usage limit for Opus You've saved $111 on API model usage this month with Pro+. Switch to a different model or set a Spend Limit to continue with Opus. Your usage limits will reset when your monthly cycle ends on 3/3/2026.
[2026-02-04T06:25:49+0800] Continue in 2s...
[2026-02-04T06:25:51+0800] === ITERATION START ===
T: You've hit your usage limit for Opus You've saved $111 on API model usage this month with Pro+. Switch to a different model or set a Spend Limit to continue with Opus. Your usage limits will reset when your monthly cycle ends on 3/3/2026.
[2026-02-04T06:25:57+0800] Continue in 2s...
[2026-02-04T06:25:59+0800] === ITERATION START ===
T: You've hit your usage limit for Opus You've saved $111 on API model usage this month with Pro+. Switch to a different model or set a Spend Limit to continue with Opus. Your usage limits will reset when your monthly cycle ends on 3/3/2026.
[2026-02-04T06:26:04+0800] Continue in 2s...
[2026-02-04T06:26:06+0800] === ITERATION START ===
T: You've hit your usage limit for Opus You've saved $111 on API model usage this month with Pro+. Switch to a different model or set a Spend Limit to continue with Opus. Your usage limits will reset when your monthly cycle ends on 3/3/2026.
[2026-02-04T06:26:12+0800] Continue in 2s...
[2026-02-04T06:26:14+0800] === ITERATION START ===
T: You've hit your usage limit for Opus You've saved $111 on API model usage this month with Pro+. Switch to a different model or set a Spend Limit to continue with Opus. Your usage limits will reset when your monthly cycle ends on 3/3/2026.
[2026-02-04T06:26:19+0800] Continue in 2s...
[2026-02-04T06:26:21+0800] === ITERATION START ===
T: You've hit your usage limit for Opus You've saved $111 on API model usage this month with Pro+. Switch to a different model or set a Spend Limit to continue with Opus. Your usage limits will reset when your monthly cycle ends on 3/3/2026.
[2026-02-04T06:26:27+0800] Continue in 2s...
[2026-02-04T06:26:29+0800] === ITERATION START ===
T: You've hit your usage limit for Opus You've saved $111 on API model usage this month with Pro+. Switch to a different model or set a Spend Limit to continue with Opus. Your usage limits will reset when your monthly cycle ends on 3/3/2026.
[2026-02-04T06:26:34+0800] Continue in 2s...
[2026-02-04T06:26:36+0800] === ITERATION START ===
T: You've hit your usage limit for Opus You've saved $111 on API model usage this month with Pro+. Switch to a different model or set a Spend Limit to continue with Opus. Your usage limits will reset when your monthly cycle ends on 3/3/2026.
[2026-02-04T06:26:42+0800] Continue in 2s...
[2026-02-04T06:26:44+0800] === ITERATION START ===
T: You've hit your usage limit for Opus You've saved $111 on API model usage this month with Pro+. Switch to a different model or set a Spend Limit to continue with Opus. Your usage limits will reset when your monthly cycle ends on 3/3/2026.
[2026-02-04T06:26:49+0800] Continue in 2s...
[2026-02-04T06:26:51+0800] === ITERATION START ===
T: You've hit your usage limit for Opus You've saved $111 on API model usage this month with Pro+. Switch to a different model or set a Spend Limit to continue with Opus. Your usage limits will reset when your monthly cycle ends on 3/3/2026.
[2026-02-04T06:26:57+0800] Continue in 2s...
[2026-02-04T06:26:59+0800] === ITERATION START ===
T: You've hit your usage limit for Opus You've saved $111 on API model usage this month with Pro+. Switch to a different model or set a Spend Limit to continue with Opus. Your usage limits will reset when your monthly cycle ends on 3/3/2026.
[2026-02-04T06:27:04+0800] Continue in 2s...
[2026-02-04T06:27:06+0800] === ITERATION START ===
T: You've hit your usage limit for Opus You've saved $111 on API model usage this month with Pro+. Switch to a different model or set a Spend Limit to continue with Opus. Your usage limits will reset when your monthly cycle ends on 3/3/2026.
[2026-02-04T06:27:12+0800] Continue in 2s...
[2026-02-04T06:27:14+0800] === ITERATION START ===
T: You've hit your usage limit for Opus You've saved $111 on API model usage this month with Pro+. Switch to a different model or set a Spend Limit to continue with Opus. Your usage limits will reset when your monthly cycle ends on 3/3/2026.
[2026-02-04T06:27:19+0800] Continue in 2s...
[2026-02-04T06:27:21+0800] === ITERATION START ===
T: You've hit your usage limit for Opus You've saved $111 on API model usage this month with Pro+. Switch to a different model or set a Spend Limit to continue with Opus. Your usage limits will reset when your monthly cycle ends on 3/3/2026.
[2026-02-04T06:27:27+0800] Continue in 2s...
[2026-02-04T06:27:29+0800] === ITERATION START ===
T: You've hit your usage limit for Opus You've saved $111 on API model usage this month with Pro+. Switch to a different model or set a Spend Limit to continue with Opus. Your usage limits will reset when your monthly cycle ends on 3/3/2026.
[2026-02-04T06:27:34+0800] Continue in 2s...
[2026-02-04T06:27:36+0800] === ITERATION START ===
T: You've hit your usage limit for Opus You've saved $111 on API model usage this month with Pro+. Switch to a different model or set a Spend Limit to continue with Opus. Your usage limits will reset when your monthly cycle ends on 3/3/2026.
[2026-02-04T06:27:41+0800] Continue in 2s...
[2026-02-04T06:27:44+0800] === ITERATION START ===
T: You've hit your usage limit for Opus You've saved $111 on API model usage this month with Pro+. Switch to a different model or set a Spend Limit to continue with Opus. Your usage limits will reset when your monthly cycle ends on 3/3/2026.
[2026-02-04T06:27:49+0800] Continue in 2s...
[2026-02-04T06:27:51+0800] === ITERATION START ===
T: You've hit your usage limit for Opus You've saved $111 on API model usage this month with Pro+. Switch to a different model or set a Spend Limit to continue with Opus. Your usage limits will reset when your monthly cycle ends on 3/3/2026.
[2026-02-04T06:27:56+0800] Continue in 2s...
[2026-02-04T06:27:58+0800] === ITERATION START ===
T: You've hit your usage limit for Opus You've saved $111 on API model usage this month with Pro+. Switch to a different model or set a Spend Limit to continue with Opus. Your usage limits will reset when your monthly cycle ends on 3/3/2026.
[2026-02-04T06:28:04+0800] Continue in 2s...
[2026-02-04T06:28:06+0800] === ITERATION START ===
T: You've hit your usage limit for Opus You've saved $111 on API model usage this month with Pro+. Switch to a different model or set a Spend Limit to continue with Opus. Your usage limits will reset when your monthly cycle ends on 3/3/2026.
[2026-02-04T06:28:12+0800] Continue in 2s...
[2026-02-04T06:28:14+0800] === ITERATION START ===
T: You've hit your usage limit for Opus You've saved $111 on API model usage this month with Pro+. Switch to a different model or set a Spend Limit to continue with Opus. Your usage limits will reset when your monthly cycle ends on 3/3/2026.
[2026-02-04T06:28:19+0800] Continue in 2s...
[2026-02-04T06:28:21+0800] === ITERATION START ===
T: You've hit your usage limit for Opus You've saved $111 on API model usage this month with Pro+. Switch to a different model or set a Spend Limit to continue with Opus. Your usage limits will reset when your monthly cycle ends on 3/3/2026.
[2026-02-04T06:28:27+0800] Continue in 2s...
[2026-02-04T06:28:29+0800] === ITERATION START ===
T: You've hit your usage limit for Opus You've saved $111 on API model usage this month with Pro+. Switch to a different model or set a Spend Limit to continue with Opus. Your usage limits will reset when your monthly cycle ends on 3/3/2026.
[2026-02-04T06:28:34+0800] Continue in 2s...
[2026-02-04T06:28:36+0800] === ITERATION START ===
T: You've hit your usage limit for Opus You've saved $111 on API model usage this month with Pro+. Switch to a different model or set a Spend Limit to continue with Opus. Your usage limits will reset when your monthly cycle ends on 3/3/2026.
[2026-02-04T06:28:42+0800] Continue in 2s...
[2026-02-04T06:28:44+0800] === ITERATION START ===
T: You've hit your usage limit for Opus You've saved $111 on API model usage this month with Pro+. Switch to a different model or set a Spend Limit to continue with Opus. Your usage limits will reset when your monthly cycle ends on 3/3/2026.
[2026-02-04T06:28:50+0800] Continue in 2s...
[2026-02-04T06:28:52+0800] === ITERATION START ===
T: You've hit your usage limit for Opus You've saved $111 on API model usage this month with Pro+. Switch to a different model or set a Spend Limit to continue with Opus. Your usage limits will reset when your monthly cycle ends on 3/3/2026.
[2026-02-04T06:28:57+0800] Continue in 2s...
[2026-02-04T06:28:59+0800] === ITERATION START ===
T: You've hit your usage limit for Opus You've saved $111 on API model usage this month with Pro+. Switch to a different model or set a Spend Limit to continue with Opus. Your usage limits will reset when your monthly cycle ends on 3/3/2026.
[2026-02-04T06:29:05+0800] Continue in 2s...
[2026-02-04T06:29:07+0800] === ITERATION START ===
T: You've hit your usage limit for Opus You've saved $111 on API model usage this month with Pro+. Switch to a different model or set a Spend Limit to continue with Opus. Your usage limits will reset when your monthly cycle ends on 3/3/2026.
[2026-02-04T06:29:12+0800] Continue in 2s...
[2026-02-04T06:29:14+0800] === ITERATION START ===
T: You've hit your usage limit for Opus You've saved $111 on API model usage this month with Pro+. Switch to a different model or set a Spend Limit to continue with Opus. Your usage limits will reset when your monthly cycle ends on 3/3/2026.
[2026-02-04T06:29:20+0800] Continue in 2s...
[2026-02-04T06:29:22+0800] === ITERATION START ===
T: You've hit your usage limit for Opus You've saved $111 on API model usage this month with Pro+. Switch to a different model or set a Spend Limit to continue with Opus. Your usage limits will reset when your monthly cycle ends on 3/3/2026.
[2026-02-04T06:29:27+0800] Continue in 2s...
[2026-02-04T06:29:29+0800] === ITERATION START ===
T: You've hit your usage limit for Opus You've saved $111 on API model usage this month with Pro+. Switch to a different model or set a Spend Limit to continue with Opus. Your usage limits will reset when your monthly cycle ends on 3/3/2026.
[2026-02-04T06:29:35+0800] Continue in 2s...
[2026-02-04T06:29:37+0800] === ITERATION START ===
T: You've hit your usage limit for Opus You've saved $111 on API model usage this month with Pro+. Switch to a different model or set a Spend Limit to continue with Opus. Your usage limits will reset when your monthly cycle ends on 3/3/2026.
[2026-02-04T06:29:42+0800] Continue in 2s...
[2026-02-04T06:29:44+0800] === ITERATION START ===
T: You've hit your usage limit for Opus You've saved $111 on API model usage this month with Pro+. Switch to a different model or set a Spend Limit to continue with Opus. Your usage limits will reset when your monthly cycle ends on 3/3/2026.
[2026-02-04T06:29:50+0800] Continue in 2s...
[2026-02-04T06:29:52+0800] === ITERATION START ===
T: You've hit your usage limit for Opus You've saved $111 on API model usage this month with Pro+. Switch to a different model or set a Spend Limit to continue with Opus. Your usage limits will reset when your monthly cycle ends on 3/3/2026.
[2026-02-04T06:29:57+0800] Continue in 2s...
[2026-02-04T06:29:59+0800] === ITERATION START ===
T: You've hit your usage limit for Opus You've saved $111 on API model usage this month with Pro+. Switch to a different model or set a Spend Limit to continue with Opus. Your usage limits will reset when your monthly cycle ends on 3/3/2026.
[2026-02-04T06:30:05+0800] Continue in 2s...
[2026-02-04T06:30:07+0800] === ITERATION START ===
T: You've hit your usage limit for Opus You've saved $111 on API model usage this month with Pro+. Switch to a different model or set a Spend Limit to continue with Opus. Your usage limits will reset when your monthly cycle ends on 3/3/2026.
[2026-02-04T06:30:12+0800] Continue in 2s...
[2026-02-04T06:30:14+0800] === ITERATION START ===
T: You've hit your usage limit for Opus You've saved $111 on API model usage this month with Pro+. Switch to a different model or set a Spend Limit to continue with Opus. Your usage limits will reset when your monthly cycle ends on 3/3/2026.
[2026-02-04T06:30:20+0800] Continue in 2s...
[2026-02-04T06:30:22+0800] === ITERATION START ===
T: You've hit your usage limit for Opus You've saved $111 on API model usage this month with Pro+. Switch to a different model or set a Spend Limit to continue with Opus. Your usage limits will reset when your monthly cycle ends on 3/3/2026.
[2026-02-04T06:30:27+0800] Continue in 2s...
[2026-02-04T06:30:29+0800] === ITERATION START ===
T: You've hit your usage limit for Opus You've saved $111 on API model usage this month with Pro+. Switch to a different model or set a Spend Limit to continue with Opus. Your usage limits will reset when your monthly cycle ends on 3/3/2026.
[2026-02-04T06:30:35+0800] Continue in 2s...
[2026-02-04T06:30:37+0800] === ITERATION START ===
T: You've hit your usage limit for Opus You've saved $111 on API model usage this month with Pro+. Switch to a different model or set a Spend Limit to continue with Opus. Your usage limits will reset when your monthly cycle ends on 3/3/2026.
[2026-02-04T06:30:42+0800] Continue in 2s...
[2026-02-04T06:30:44+0800] === ITERATION START ===
T: You've hit your usage limit for Opus You've saved $111 on API model usage this month with Pro+. Switch to a different model or set a Spend Limit to continue with Opus. Your usage limits will reset when your monthly cycle ends on 3/3/2026.
[2026-02-04T06:30:50+0800] Continue in 2s...
[2026-02-04T06:30:52+0800] === ITERATION START ===
T: You've hit your usage limit for Opus You've saved $111 on API model usage this month with Pro+. Switch to a different model or set a Spend Limit to continue with Opus. Your usage limits will reset when your monthly cycle ends on 3/3/2026.
[2026-02-04T06:30:57+0800] Continue in 2s...
[2026-02-04T06:30:59+0800] === ITERATION START ===
T: You've hit your usage limit for Opus You've saved $111 on API model usage this month with Pro+. Switch to a different model or set a Spend Limit to continue with Opus. Your usage limits will reset when your monthly cycle ends on 3/3/2026.
[2026-02-04T06:31:05+0800] Continue in 2s...
[2026-02-04T06:31:07+0800] === ITERATION START ===
T: You've hit your usage limit for Opus You've saved $111 on API model usage this month with Pro+. Switch to a different model or set a Spend Limit to continue with Opus. Your usage limits will reset when your monthly cycle ends on 3/3/2026.
[2026-02-04T06:31:12+0800] Continue in 2s...
[2026-02-04T06:31:14+0800] === ITERATION START ===
T: You've hit your usage limit for Opus You've saved $111 on API model usage this month with Pro+. Switch to a different model or set a Spend Limit to continue with Opus. Your usage limits will reset when your monthly cycle ends on 3/3/2026.
[2026-02-04T06:31:20+0800] Continue in 2s...
[2026-02-04T06:31:22+0800] === ITERATION START ===
T: You've hit your usage limit for Opus You've saved $111 on API model usage this month with Pro+. Switch to a different model or set a Spend Limit to continue with Opus. Your usage limits will reset when your monthly cycle ends on 3/3/2026.
[2026-02-04T06:31:28+0800] Continue in 2s...
[2026-02-04T06:31:30+0800] === ITERATION START ===
T: You've hit your usage limit for Opus You've saved $111 on API model usage this month with Pro+. Switch to a different model or set a Spend Limit to continue with Opus. Your usage limits will reset when your monthly cycle ends on 3/3/2026.
[2026-02-04T06:31:35+0800] Continue in 2s...
[2026-02-04T06:31:37+0800] === ITERATION START ===
T: You've hit your usage limit for Opus You've saved $111 on API model usage this month with Pro+. Switch to a different model or set a Spend Limit to continue with Opus. Your usage limits will reset when your monthly cycle ends on 3/3/2026.
[2026-02-04T06:31:43+0800] Continue in 2s...
[2026-02-04T06:31:45+0800] === ITERATION START ===
T: You've hit your usage limit for Opus You've saved $111 on API model usage this month with Pro+. Switch to a different model or set a Spend Limit to continue with Opus. Your usage limits will reset when your monthly cycle ends on 3/3/2026.
[2026-02-04T06:31:50+0800] Continue in 2s...
[2026-02-04T06:31:52+0800] === ITERATION START ===
T: You've hit your usage limit for Opus You've saved $111 on API model usage this month with Pro+. Switch to a different model or set a Spend Limit to continue with Opus. Your usage limits will reset when your monthly cycle ends on 3/3/2026.
[2026-02-04T06:31:58+0800] Continue in 2s...
[2026-02-04T06:32:00+0800] === ITERATION START ===
T: You've hit your usage limit for Opus You've saved $111 on API model usage this month with Pro+. Switch to a different model or set a Spend Limit to continue with Opus. Your usage limits will reset when your monthly cycle ends on 3/3/2026.
[2026-02-04T06:32:05+0800] Continue in 2s...
[2026-02-04T06:32:07+0800] === ITERATION START ===
T: You've hit your usage limit for Opus You've saved $111 on API model usage this month with Pro+. Switch to a different model or set a Spend Limit to continue with Opus. Your usage limits will reset when your monthly cycle ends on 3/3/2026.
[2026-02-04T06:32:13+0800] Continue in 2s...
[2026-02-04T06:32:15+0800] === ITERATION START ===
T: You've hit your usage limit for Opus You've saved $111 on API model usage this month with Pro+. Switch to a different model or set a Spend Limit to continue with Opus. Your usage limits will reset when your monthly cycle ends on 3/3/2026.
[2026-02-04T06:32:20+0800] Continue in 2s...
[2026-02-04T06:32:22+0800] === ITERATION START ===
T: You've hit your usage limit for Opus You've saved $111 on API model usage this month with Pro+. Switch to a different model or set a Spend Limit to continue with Opus. Your usage limits will reset when your monthly cycle ends on 3/3/2026.
[2026-02-04T06:32:28+0800] Continue in 2s...
[2026-02-04T06:32:30+0800] === ITERATION START ===
T: You've hit your usage limit for Opus You've saved $111 on API model usage this month with Pro+. Switch to a different model or set a Spend Limit to continue with Opus. Your usage limits will reset when your monthly cycle ends on 3/3/2026.
[2026-02-04T06:32:35+0800] Continue in 2s...
[2026-02-04T06:32:37+0800] === ITERATION START ===
T: You've hit your usage limit for Opus You've saved $111 on API model usage this month with Pro+. Switch to a different model or set a Spend Limit to continue with Opus. Your usage limits will reset when your monthly cycle ends on 3/3/2026.
[2026-02-04T06:32:42+0800] Continue in 2s...
[2026-02-04T06:32:45+0800] === ITERATION START ===
T: You've hit your usage limit for Opus You've saved $111 on API model usage this month with Pro+. Switch to a different model or set a Spend Limit to continue with Opus. Your usage limits will reset when your monthly cycle ends on 3/3/2026.
[2026-02-04T06:32:50+0800] Continue in 2s...
[2026-02-04T06:32:52+0800] === ITERATION START ===
T: You've hit your usage limit for Opus You've saved $111 on API model usage this month with Pro+. Switch to a different model or set a Spend Limit to continue with Opus. Your usage limits will reset when your monthly cycle ends on 3/3/2026.
[2026-02-04T06:32:57+0800] Continue in 2s...
[2026-02-04T06:32:59+0800] === ITERATION START ===
T: You've hit your usage limit for Opus You've saved $111 on API model usage this month with Pro+. Switch to a different model or set a Spend Limit to continue with Opus. Your usage limits will reset when your monthly cycle ends on 3/3/2026.
[2026-02-04T06:33:05+0800] Continue in 2s...
[2026-02-04T06:33:07+0800] === ITERATION START ===
T: You've hit your usage limit for Opus You've saved $111 on API model usage this month with Pro+. Switch to a different model or set a Spend Limit to continue with Opus. Your usage limits will reset when your monthly cycle ends on 3/3/2026.
[2026-02-04T06:33:12+0800] Continue in 2s...
[2026-02-04T06:33:14+0800] === ITERATION START ===
T: You've hit your usage limit for Opus You've saved $111 on API model usage this month with Pro+. Switch to a different model or set a Spend Limit to continue with Opus. Your usage limits will reset when your monthly cycle ends on 3/3/2026.
[2026-02-04T06:33:20+0800] Continue in 2s...
[2026-02-04T06:33:22+0800] === ITERATION START ===
T: You've hit your usage limit for Opus You've saved $111 on API model usage this month with Pro+. Switch to a different model or set a Spend Limit to continue with Opus. Your usage limits will reset when your monthly cycle ends on 3/3/2026.
[2026-02-04T06:33:27+0800] Continue in 2s...
[2026-02-04T06:33:29+0800] === ITERATION START ===
T: You've hit your usage limit for Opus You've saved $111 on API model usage this month with Pro+. Switch to a different model or set a Spend Limit to continue with Opus. Your usage limits will reset when your monthly cycle ends on 3/3/2026.
[2026-02-04T06:33:34+0800] Continue in 2s...
[2026-02-04T06:33:36+0800] === ITERATION START ===
T: You've hit your usage limit for Opus You've saved $111 on API model usage this month with Pro+. Switch to a different model or set a Spend Limit to continue with Opus. Your usage limits will reset when your monthly cycle ends on 3/3/2026.
[2026-02-04T06:33:42+0800] Continue in 2s...
[2026-02-04T06:33:44+0800] === ITERATION START ===
T: You've hit your usage limit for Opus You've saved $111 on API model usage this month with Pro+. Switch to a different model or set a Spend Limit to continue with Opus. Your usage limits will reset when your monthly cycle ends on 3/3/2026.
[2026-02-04T06:33:49+0800] Continue in 2s...
[2026-02-04T06:33:51+0800] === ITERATION START ===
T: You've hit your usage limit for Opus You've saved $111 on API model usage this month with Pro+. Switch to a different model or set a Spend Limit to continue with Opus. Your usage limits will reset when your monthly cycle ends on 3/3/2026.
[2026-02-04T06:33:57+0800] Continue in 2s...
[2026-02-04T06:33:59+0800] === ITERATION START ===
T: You've hit your usage limit for Opus You've saved $111 on API model usage this month with Pro+. Switch to a different model or set a Spend Limit to continue with Opus. Your usage limits will reset when your monthly cycle ends on 3/3/2026.
[2026-02-04T06:34:04+0800] Continue in 2s...
[2026-02-04T06:34:06+0800] === ITERATION START ===
T: You've hit your usage limit for Opus You've saved $111 on API model usage this month with Pro+. Switch to a different model or set a Spend Limit to continue with Opus. Your usage limits will reset when your monthly cycle ends on 3/3/2026.
[2026-02-04T06:34:11+0800] Continue in 2s...
[2026-02-04T06:34:13+0800] === ITERATION START ===
T: You've hit your usage limit for Opus You've saved $111 on API model usage this month with Pro+. Switch to a different model or set a Spend Limit to continue with Opus. Your usage limits will reset when your monthly cycle ends on 3/3/2026.
[2026-02-04T06:34:19+0800] Continue in 2s...
[2026-02-04T06:34:21+0800] === ITERATION START ===
T: You've hit your usage limit for Opus You've saved $111 on API model usage this month with Pro+. Switch to a different model or set a Spend Limit to continue with Opus. Your usage limits will reset when your monthly cycle ends on 3/3/2026.
[2026-02-04T06:34:26+0800] Continue in 2s...
[2026-02-04T06:34:28+0800] === ITERATION START ===
T: You've hit your usage limit for Opus You've saved $111 on API model usage this month with Pro+. Switch to a different model or set a Spend Limit to continue with Opus. Your usage limits will reset when your monthly cycle ends on 3/3/2026.
[2026-02-04T06:34:34+0800] Continue in 2s...
[2026-02-04T06:34:36+0800] === ITERATION START ===
T: You've hit your usage limit for Opus You've saved $111 on API model usage this month with Pro+. Switch to a different model or set a Spend Limit to continue with Opus. Your usage limits will reset when your monthly cycle ends on 3/3/2026.
[2026-02-04T06:34:41+0800] Continue in 2s...
[2026-02-04T06:34:43+0800] === ITERATION START ===
T: You've hit your usage limit for Opus You've saved $111 on API model usage this month with Pro+. Switch to a different model or set a Spend Limit to continue with Opus. Your usage limits will reset when your monthly cycle ends on 3/3/2026.
[2026-02-04T06:34:49+0800] Continue in 2s...
[2026-02-04T06:34:51+0800] === ITERATION START ===
T: You've hit your usage limit for Opus You've saved $111 on API model usage this month with Pro+. Switch to a different model or set a Spend Limit to continue with Opus. Your usage limits will reset when your monthly cycle ends on 3/3/2026.
[2026-02-04T06:34:57+0800] Continue in 2s...
[2026-02-04T06:34:59+0800] === ITERATION START ===
T: You've hit your usage limit for Opus You've saved $111 on API model usage this month with Pro+. Switch to a different model or set a Spend Limit to continue with Opus. Your usage limits will reset when your monthly cycle ends on 3/3/2026.
[2026-02-04T06:35:04+0800] Continue in 2s...
[2026-02-04T06:35:06+0800] === ITERATION START ===
T: You've hit your usage limit for Opus You've saved $111 on API model usage this month with Pro+. Switch to a different model or set a Spend Limit to continue with Opus. Your usage limits will reset when your monthly cycle ends on 3/3/2026.
[2026-02-04T06:35:12+0800] Continue in 2s...
[2026-02-04T06:35:14+0800] === ITERATION START ===
T: You've hit your usage limit for Opus You've saved $111 on API model usage this month with Pro+. Switch to a different model or set a Spend Limit to continue with Opus. Your usage limits will reset when your monthly cycle ends on 3/3/2026.
[2026-02-04T06:35:20+0800] Continue in 2s...
[2026-02-04T06:35:22+0800] === ITERATION START ===
T: You've hit your usage limit for Opus You've saved $111 on API model usage this month with Pro+. Switch to a different model or set a Spend Limit to continue with Opus. Your usage limits will reset when your monthly cycle ends on 3/3/2026.
[2026-02-04T06:35:29+0800] Continue in 2s...
[2026-02-04T06:35:31+0800] === ITERATION START ===
T: You've hit your usage limit for Opus You've saved $111 on API model usage this month with Pro+. Switch to a different model or set a Spend Limit to continue with Opus. Your usage limits will reset when your monthly cycle ends on 3/3/2026.
[2026-02-04T06:35:37+0800] Continue in 2s...
[2026-02-04T06:35:39+0800] === ITERATION START ===
T: You've hit your usage limit for Opus You've saved $111 on API model usage this month with Pro+. Switch to a different model or set a Spend Limit to continue with Opus. Your usage limits will reset when your monthly cycle ends on 3/3/2026.
[2026-02-04T06:35:44+0800] Continue in 2s...
[2026-02-04T06:35:46+0800] === ITERATION START ===
T: You've hit your usage limit for Opus You've saved $111 on API model usage this month with Pro+. Switch to a different model or set a Spend Limit to continue with Opus. Your usage limits will reset when your monthly cycle ends on 3/3/2026.
[2026-02-04T06:35:52+0800] Continue in 2s...
[2026-02-04T06:35:54+0800] === ITERATION START ===
T: You've hit your usage limit for Opus You've saved $111 on API model usage this month with Pro+. Switch to a different model or set a Spend Limit to continue with Opus. Your usage limits will reset when your monthly cycle ends on 3/3/2026.
[2026-02-04T06:35:59+0800] Continue in 2s...
[2026-02-04T06:36:01+0800] === ITERATION START ===
T: You've hit your usage limit for Opus You've saved $111 on API model usage this month with Pro+. Switch to a different model or set a Spend Limit to continue with Opus. Your usage limits will reset when your monthly cycle ends on 3/3/2026.
[2026-02-04T06:36:07+0800] Continue in 2s...
[2026-02-04T06:36:09+0800] === ITERATION START ===
T: You've hit your usage limit for Opus You've saved $111 on API model usage this month with Pro+. Switch to a different model or set a Spend Limit to continue with Opus. Your usage limits will reset when your monthly cycle ends on 3/3/2026.
[2026-02-04T06:36:15+0800] Continue in 2s...
[2026-02-04T06:36:17+0800] === ITERATION START ===
T: You've hit your usage limit for Opus You've saved $111 on API model usage this month with Pro+. Switch to a different model or set a Spend Limit to continue with Opus. Your usage limits will reset when your monthly cycle ends on 3/3/2026.
[2026-02-04T06:36:22+0800] Continue in 2s...
[2026-02-04T06:36:24+0800] === ITERATION START ===
T: You've hit your usage limit for Opus You've saved $111 on API model usage this month with Pro+. Switch to a different model or set a Spend Limit to continue with Opus. Your usage limits will reset when your monthly cycle ends on 3/3/2026.
[2026-02-04T06:36:30+0800] Continue in 2s...
[2026-02-04T06:36:32+0800] === ITERATION START ===
T: You've hit your usage limit for Opus You've saved $111 on API model usage this month with Pro+. Switch to a different model or set a Spend Limit to continue with Opus. Your usage limits will reset when your monthly cycle ends on 3/3/2026.
[2026-02-04T06:36:37+0800] Continue in 2s...
[2026-02-04T06:36:39+0800] === ITERATION START ===
T: You've hit your usage limit for Opus You've saved $111 on API model usage this month with Pro+. Switch to a different model or set a Spend Limit to continue with Opus. Your usage limits will reset when your monthly cycle ends on 3/3/2026.
[2026-02-04T06:36:45+0800] Continue in 2s...
[2026-02-04T06:36:47+0800] === ITERATION START ===
T: You've hit your usage limit for Opus You've saved $111 on API model usage this month with Pro+. Switch to a different model or set a Spend Limit to continue with Opus. Your usage limits will reset when your monthly cycle ends on 3/3/2026.
[2026-02-04T06:36:53+0800] Continue in 2s...
[2026-02-04T06:36:55+0800] === ITERATION START ===
T: You've hit your usage limit for Opus You've saved $111 on API model usage this month with Pro+. Switch to a different model or set a Spend Limit to continue with Opus. Your usage limits will reset when your monthly cycle ends on 3/3/2026.
[2026-02-04T06:37:00+0800] Continue in 2s...
[2026-02-04T06:37:02+0800] === ITERATION START ===
T: You've hit your usage limit for Opus You've saved $111 on API model usage this month with Pro+. Switch to a different model or set a Spend Limit to continue with Opus. Your usage limits will reset when your monthly cycle ends on 3/3/2026.
[2026-02-04T06:37:08+0800] Continue in 2s...
[2026-02-04T06:37:10+0800] === ITERATION START ===
T: You've hit your usage limit for Opus You've saved $111 on API model usage this month with Pro+. Switch to a different model or set a Spend Limit to continue with Opus. Your usage limits will reset when your monthly cycle ends on 3/3/2026.
[2026-02-04T06:37:15+0800] Continue in 2s...
[2026-02-04T06:37:17+0800] === ITERATION START ===
T: You've hit your usage limit for Opus You've saved $111 on API model usage this month with Pro+. Switch to a different model or set a Spend Limit to continue with Opus. Your usage limits will reset when your monthly cycle ends on 3/3/2026.
[2026-02-04T06:37:23+0800] Continue in 2s...
[2026-02-04T06:37:25+0800] === ITERATION START ===
T: You've hit your usage limit for Opus You've saved $111 on API model usage this month with Pro+. Switch to a different model or set a Spend Limit to continue with Opus. Your usage limits will reset when your monthly cycle ends on 3/3/2026.
[2026-02-04T06:37:30+0800] Continue in 2s...
[2026-02-04T06:37:32+0800] === ITERATION START ===
T: You've hit your usage limit for Opus You've saved $111 on API model usage this month with Pro+. Switch to a different model or set a Spend Limit to continue with Opus. Your usage limits will reset when your monthly cycle ends on 3/3/2026.
[2026-02-04T06:37:38+0800] Continue in 2s...
[2026-02-04T06:37:40+0800] === ITERATION START ===
T: You've hit your usage limit for Opus You've saved $111 on API model usage this month with Pro+. Switch to a different model or set a Spend Limit to continue with Opus. Your usage limits will reset when your monthly cycle ends on 3/3/2026.
[2026-02-04T06:37:45+0800] Continue in 2s...
[2026-02-04T06:37:47+0800] === ITERATION START ===
T: You've hit your usage limit for Opus You've saved $111 on API model usage this month with Pro+. Switch to a different model or set a Spend Limit to continue with Opus. Your usage limits will reset when your monthly cycle ends on 3/3/2026.
[2026-02-04T06:37:53+0800] Continue in 2s...
[2026-02-04T06:37:55+0800] === ITERATION START ===
T: You've hit your usage limit for Opus You've saved $111 on API model usage this month with Pro+. Switch to a different model or set a Spend Limit to continue with Opus. Your usage limits will reset when your monthly cycle ends on 3/3/2026.
[2026-02-04T06:38:00+0800] Continue in 2s...
[2026-02-04T06:38:02+0800] === ITERATION START ===
T: You've hit your usage limit for Opus You've saved $111 on API model usage this month with Pro+. Switch to a different model or set a Spend Limit to continue with Opus. Your usage limits will reset when your monthly cycle ends on 3/3/2026.
[2026-02-04T06:38:08+0800] Continue in 2s...
[2026-02-04T06:38:10+0800] === ITERATION START ===
T: You've hit your usage limit for Opus You've saved $111 on API model usage this month with Pro+. Switch to a different model or set a Spend Limit to continue with Opus. Your usage limits will reset when your monthly cycle ends on 3/3/2026.
[2026-02-04T06:38:15+0800] Continue in 2s...
[2026-02-04T06:38:17+0800] === ITERATION START ===
T: You've hit your usage limit for Opus You've saved $111 on API model usage this month with Pro+. Switch to a different model or set a Spend Limit to continue with Opus. Your usage limits will reset when your monthly cycle ends on 3/3/2026.
[2026-02-04T06:38:22+0800] Continue in 2s...
[2026-02-04T06:38:24+0800] === ITERATION START ===
T: You've hit your usage limit for Opus You've saved $111 on API model usage this month with Pro+. Switch to a different model or set a Spend Limit to continue with Opus. Your usage limits will reset when your monthly cycle ends on 3/3/2026.
[2026-02-04T06:38:30+0800] Continue in 2s...
[2026-02-04T06:38:32+0800] === ITERATION START ===
T: You've hit your usage limit for Opus You've saved $111 on API model usage this month with Pro+. Switch to a different model or set a Spend Limit to continue with Opus. Your usage limits will reset when your monthly cycle ends on 3/3/2026.
[2026-02-04T06:38:37+0800] Continue in 2s...
[2026-02-04T06:38:39+0800] === ITERATION START ===
T: You've hit your usage limit for Opus You've saved $111 on API model usage this month with Pro+. Switch to a different model or set a Spend Limit to continue with Opus. Your usage limits will reset when your monthly cycle ends on 3/3/2026.
[2026-02-04T06:38:45+0800] Continue in 2s...
[2026-02-04T06:38:47+0800] === ITERATION START ===
T: You've hit your usage limit for Opus You've saved $111 on API model usage this month with Pro+. Switch to a different model or set a Spend Limit to continue with Opus. Your usage limits will reset when your monthly cycle ends on 3/3/2026.
[2026-02-04T06:38:52+0800] Continue in 2s...
[2026-02-04T06:38:54+0800] === ITERATION START ===
T: You've hit your usage limit for Opus You've saved $111 on API model usage this month with Pro+. Switch to a different model or set a Spend Limit to continue with Opus. Your usage limits will reset when your monthly cycle ends on 3/3/2026.
[2026-02-04T06:38:59+0800] Continue in 2s...
[2026-02-04T06:39:02+0800] === ITERATION START ===
T: You've hit your usage limit for Opus You've saved $111 on API model usage this month with Pro+. Switch to a different model or set a Spend Limit to continue with Opus. Your usage limits will reset when your monthly cycle ends on 3/3/2026.
[2026-02-04T06:39:07+0800] Continue in 2s...
[2026-02-04T06:39:09+0800] === ITERATION START ===
T: You've hit your usage limit for Opus You've saved $111 on API model usage this month with Pro+. Switch to a different model or set a Spend Limit to continue with Opus. Your usage limits will reset when your monthly cycle ends on 3/3/2026.
[2026-02-04T06:39:15+0800] Continue in 2s...
[2026-02-04T06:39:17+0800] === ITERATION START ===
T: You've hit your usage limit for Opus You've saved $111 on API model usage this month with Pro+. Switch to a different model or set a Spend Limit to continue with Opus. Your usage limits will reset when your monthly cycle ends on 3/3/2026.
[2026-02-04T06:39:22+0800] Continue in 2s...
[2026-02-04T06:39:24+0800] === ITERATION START ===
T: You've hit your usage limit for Opus You've saved $111 on API model usage this month with Pro+. Switch to a different model or set a Spend Limit to continue with Opus. Your usage limits will reset when your monthly cycle ends on 3/3/2026.
[2026-02-04T06:39:29+0800] Continue in 2s...
[2026-02-04T06:39:32+0800] === ITERATION START ===
T: You've hit your usage limit for Opus You've saved $111 on API model usage this month with Pro+. Switch to a different model or set a Spend Limit to continue with Opus. Your usage limits will reset when your monthly cycle ends on 3/3/2026.
[2026-02-04T06:39:37+0800] Continue in 2s...
[2026-02-04T06:39:39+0800] === ITERATION START ===
T: You've hit your usage limit for Opus You've saved $111 on API model usage this month with Pro+. Switch to a different model or set a Spend Limit to continue with Opus. Your usage limits will reset when your monthly cycle ends on 3/3/2026.
[2026-02-04T06:39:44+0800] Continue in 2s...
[2026-02-04T06:39:46+0800] === ITERATION START ===
T: You've hit your usage limit for Opus You've saved $111 on API model usage this month with Pro+. Switch to a different model or set a Spend Limit to continue with Opus. Your usage limits will reset when your monthly cycle ends on 3/3/2026.
[2026-02-04T06:39:52+0800] Continue in 2s...
[2026-02-04T06:39:54+0800] === ITERATION START ===
T: You've hit your usage limit for Opus You've saved $111 on API model usage this month with Pro+. Switch to a different model or set a Spend Limit to continue with Opus. Your usage limits will reset when your monthly cycle ends on 3/3/2026.
[2026-02-04T06:39:59+0800] Continue in 2s...
[2026-02-04T06:40:01+0800] === ITERATION START ===
T: You've hit your usage limit for Opus You've saved $111 on API model usage this month with Pro+. Switch to a different model or set a Spend Limit to continue with Opus. Your usage limits will reset when your monthly cycle ends on 3/3/2026.
[2026-02-04T06:40:07+0800] Continue in 2s...
[2026-02-04T06:40:09+0800] === ITERATION START ===
T: You've hit your usage limit for Opus You've saved $111 on API model usage this month with Pro+. Switch to a different model or set a Spend Limit to continue with Opus. Your usage limits will reset when your monthly cycle ends on 3/3/2026.
[2026-02-04T06:40:14+0800] Continue in 2s...
[2026-02-04T06:40:16+0800] === ITERATION START ===
T: You've hit your usage limit for Opus You've saved $111 on API model usage this month with Pro+. Switch to a different model or set a Spend Limit to continue with Opus. Your usage limits will reset when your monthly cycle ends on 3/3/2026.
[2026-02-04T06:40:22+0800] Continue in 2s...
[2026-02-04T06:40:24+0800] === ITERATION START ===
T: You've hit your usage limit for Opus You've saved $111 on API model usage this month with Pro+. Switch to a different model or set a Spend Limit to continue with Opus. Your usage limits will reset when your monthly cycle ends on 3/3/2026.
[2026-02-04T06:40:30+0800] Continue in 2s...
[2026-02-04T06:40:32+0800] === ITERATION START ===
T: You've hit your usage limit for Opus You've saved $111 on API model usage this month with Pro+. Switch to a different model or set a Spend Limit to continue with Opus. Your usage limits will reset when your monthly cycle ends on 3/3/2026.
[2026-02-04T06:40:37+0800] Continue in 2s...
[2026-02-04T06:40:39+0800] === ITERATION START ===
T: You've hit your usage limit for Opus You've saved $111 on API model usage this month with Pro+. Switch to a different model or set a Spend Limit to continue with Opus. Your usage limits will reset when your monthly cycle ends on 3/3/2026.
[2026-02-04T06:40:45+0800] Continue in 2s...
[2026-02-04T06:40:47+0800] === ITERATION START ===
T: You've hit your usage limit for Opus You've saved $111 on API model usage this month with Pro+. Switch to a different model or set a Spend Limit to continue with Opus. Your usage limits will reset when your monthly cycle ends on 3/3/2026.
[2026-02-04T06:40:52+0800] Continue in 2s...
[2026-02-04T06:40:54+0800] === ITERATION START ===
T: You've hit your usage limit for Opus You've saved $111 on API model usage this month with Pro+. Switch to a different model or set a Spend Limit to continue with Opus. Your usage limits will reset when your monthly cycle ends on 3/3/2026.
[2026-02-04T06:41:00+0800] Continue in 2s...
[2026-02-04T06:41:02+0800] === ITERATION START ===
T: You've hit your usage limit for Opus You've saved $111 on API model usage this month with Pro+. Switch to a different model or set a Spend Limit to continue with Opus. Your usage limits will reset when your monthly cycle ends on 3/3/2026.
[2026-02-04T06:41:08+0800] Continue in 2s...
[2026-02-04T06:41:10+0800] === ITERATION START ===
T: You've hit your usage limit for Opus You've saved $111 on API model usage this month with Pro+. Switch to a different model or set a Spend Limit to continue with Opus. Your usage limits will reset when your monthly cycle ends on 3/3/2026.
[2026-02-04T06:41:15+0800] Continue in 2s...
[2026-02-04T06:41:17+0800] === ITERATION START ===
T: You've hit your usage limit for Opus You've saved $111 on API model usage this month with Pro+. Switch to a different model or set a Spend Limit to continue with Opus. Your usage limits will reset when your monthly cycle ends on 3/3/2026.
[2026-02-04T06:41:23+0800] Continue in 2s...
[2026-02-04T06:41:25+0800] === ITERATION START ===
T: You've hit your usage limit for Opus You've saved $111 on API model usage this month with Pro+. Switch to a different model or set a Spend Limit to continue with Opus. Your usage limits will reset when your monthly cycle ends on 3/3/2026.
[2026-02-04T06:41:31+0800] Continue in 2s...
[2026-02-04T06:41:33+0800] === ITERATION START ===
T: You've hit your usage limit for Opus You've saved $111 on API model usage this month with Pro+. Switch to a different model or set a Spend Limit to continue with Opus. Your usage limits will reset when your monthly cycle ends on 3/3/2026.
[2026-02-04T06:41:41+0800] Continue in 2s...
[2026-02-04T06:41:43+0800] === ITERATION START ===
T: You've hit your usage limit for Opus You've saved $111 on API model usage this month with Pro+. Switch to a different model or set a Spend Limit to continue with Opus. Your usage limits will reset when your monthly cycle ends on 3/3/2026.
[2026-02-04T06:41:50+0800] Continue in 2s...
[2026-02-04T06:41:52+0800] === ITERATION START ===
T: You've hit your usage limit for Opus You've saved $111 on API model usage this month with Pro+. Switch to a different model or set a Spend Limit to continue with Opus. Your usage limits will reset when your monthly cycle ends on 3/3/2026.
[2026-02-04T06:41:57+0800] Continue in 2s...
[2026-02-04T06:41:59+0800] === ITERATION START ===
T: You've hit your usage limit for Opus You've saved $111 on API model usage this month with Pro+. Switch to a different model or set a Spend Limit to continue with Opus. Your usage limits will reset when your monthly cycle ends on 3/3/2026.
[2026-02-04T06:42:05+0800] Continue in 2s...
[2026-02-04T06:42:07+0800] === ITERATION START ===
T: You've hit your usage limit for Opus You've saved $111 on API model usage this month with Pro+. Switch to a different model or set a Spend Limit to continue with Opus. Your usage limits will reset when your monthly cycle ends on 3/3/2026.
[2026-02-04T06:42:13+0800] Continue in 2s...
[2026-02-04T06:42:15+0800] === ITERATION START ===
T: You've hit your usage limit for Opus You've saved $111 on API model usage this month with Pro+. Switch to a different model or set a Spend Limit to continue with Opus. Your usage limits will reset when your monthly cycle ends on 3/3/2026.
[2026-02-04T06:42:21+0800] Continue in 2s...
[2026-02-04T06:42:23+0800] === ITERATION START ===
T: You've hit your usage limit for Opus You've saved $111 on API model usage this month with Pro+. Switch to a different model or set a Spend Limit to continue with Opus. Your usage limits will reset when your monthly cycle ends on 3/3/2026.
[2026-02-04T06:42:29+0800] Continue in 2s...
[2026-02-04T06:42:31+0800] === ITERATION START ===
T: You've hit your usage limit for Opus You've saved $111 on API model usage this month with Pro+. Switch to a different model or set a Spend Limit to continue with Opus. Your usage limits will reset when your monthly cycle ends on 3/3/2026.
[2026-02-04T06:42:36+0800] Continue in 2s...
[2026-02-04T06:42:38+0800] === ITERATION START ===
T: You've hit your usage limit for Opus You've saved $111 on API model usage this month with Pro+. Switch to a different model or set a Spend Limit to continue with Opus. Your usage limits will reset when your monthly cycle ends on 3/3/2026.
[2026-02-04T06:42:44+0800] Continue in 2s...
[2026-02-04T06:42:46+0800] === ITERATION START ===
T: You've hit your usage limit for Opus You've saved $111 on API model usage this month with Pro+. Switch to a different model or set a Spend Limit to continue with Opus. Your usage limits will reset when your monthly cycle ends on 3/3/2026.
[2026-02-04T06:42:52+0800] Continue in 2s...
[2026-02-04T06:42:54+0800] === ITERATION START ===
T: You've hit your usage limit for Opus You've saved $111 on API model usage this month with Pro+. Switch to a different model or set a Spend Limit to continue with Opus. Your usage limits will reset when your monthly cycle ends on 3/3/2026.
[2026-02-04T06:43:00+0800] Continue in 2s...
[2026-02-04T06:43:02+0800] === ITERATION START ===
T: You've hit your usage limit for Opus You've saved $111 on API model usage this month with Pro+. Switch to a different model or set a Spend Limit to continue with Opus. Your usage limits will reset when your monthly cycle ends on 3/3/2026.
[2026-02-04T06:43:07+0800] Continue in 2s...
[2026-02-04T06:43:09+0800] === ITERATION START ===
T: You've hit your usage limit for Opus You've saved $111 on API model usage this month with Pro+. Switch to a different model or set a Spend Limit to continue with Opus. Your usage limits will reset when your monthly cycle ends on 3/3/2026.
[2026-02-04T06:43:15+0800] Continue in 2s...
[2026-02-04T06:43:17+0800] === ITERATION START ===
T: You've hit your usage limit for Opus You've saved $111 on API model usage this month with Pro+. Switch to a different model or set a Spend Limit to continue with Opus. Your usage limits will reset when your monthly cycle ends on 3/3/2026.
[2026-02-04T06:43:23+0800] Continue in 2s...
[2026-02-04T06:43:25+0800] === ITERATION START ===
T: You've hit your usage limit for Opus You've saved $111 on API model usage this month with Pro+. Switch to a different model or set a Spend Limit to continue with Opus. Your usage limits will reset when your monthly cycle ends on 3/3/2026.
[2026-02-04T06:43:31+0800] Continue in 2s...
[2026-02-04T06:43:33+0800] === ITERATION START ===
T: You've hit your usage limit for Opus You've saved $111 on API model usage this month with Pro+. Switch to a different model or set a Spend Limit to continue with Opus. Your usage limits will reset when your monthly cycle ends on 3/3/2026.
[2026-02-04T06:43:39+0800] Continue in 2s...
[2026-02-04T06:43:41+0800] === ITERATION START ===
T: You've hit your usage limit for Opus You've saved $111 on API model usage this month with Pro+. Switch to a different model or set a Spend Limit to continue with Opus. Your usage limits will reset when your monthly cycle ends on 3/3/2026.
[2026-02-04T06:43:46+0800] Continue in 2s...
[2026-02-04T06:43:49+0800] === ITERATION START ===
T: You've hit your usage limit for Opus You've saved $111 on API model usage this month with Pro+. Switch to a different model or set a Spend Limit to continue with Opus. Your usage limits will reset when your monthly cycle ends on 3/3/2026.
[2026-02-04T06:43:54+0800] Continue in 2s...
[2026-02-04T06:43:56+0800] === ITERATION START ===
T: You've hit your usage limit for Opus You've saved $111 on API model usage this month with Pro+. Switch to a different model or set a Spend Limit to continue with Opus. Your usage limits will reset when your monthly cycle ends on 3/3/2026.
[2026-02-04T06:44:02+0800] Continue in 2s...
[2026-02-04T06:44:04+0800] === ITERATION START ===
T: You've hit your usage limit for Opus You've saved $111 on API model usage this month with Pro+. Switch to a different model or set a Spend Limit to continue with Opus. Your usage limits will reset when your monthly cycle ends on 3/3/2026.
[2026-02-04T06:44:11+0800] Continue in 2s...
[2026-02-04T06:44:13+0800] === ITERATION START ===
T: You've hit your usage limit for Opus You've saved $111 on API model usage this month with Pro+. Switch to a different model or set a Spend Limit to continue with Opus. Your usage limits will reset when your monthly cycle ends on 3/3/2026.
[2026-02-04T06:44:18+0800] Continue in 2s...
[2026-02-04T06:44:20+0800] === ITERATION START ===
T: You've hit your usage limit for Opus You've saved $111 on API model usage this month with Pro+. Switch to a different model or set a Spend Limit to continue with Opus. Your usage limits will reset when your monthly cycle ends on 3/3/2026.
[2026-02-04T06:44:26+0800] Continue in 2s...
[2026-02-04T06:44:28+0800] === ITERATION START ===
T: You've hit your usage limit for Opus You've saved $111 on API model usage this month with Pro+. Switch to a different model or set a Spend Limit to continue with Opus. Your usage limits will reset when your monthly cycle ends on 3/3/2026.
[2026-02-04T06:44:33+0800] Continue in 2s...
[2026-02-04T06:44:35+0800] === ITERATION START ===
T: You've hit your usage limit for Opus You've saved $111 on API model usage this month with Pro+. Switch to a different model or set a Spend Limit to continue with Opus. Your usage limits will reset when your monthly cycle ends on 3/3/2026.
[2026-02-04T06:44:41+0800] Continue in 2s...
[2026-02-04T06:44:43+0800] === ITERATION START ===
T: You've hit your usage limit for Opus You've saved $111 on API model usage this month with Pro+. Switch to a different model or set a Spend Limit to continue with Opus. Your usage limits will reset when your monthly cycle ends on 3/3/2026.
[2026-02-04T06:44:48+0800] Continue in 2s...
[2026-02-04T06:44:50+0800] === ITERATION START ===
T: You've hit your usage limit for Opus You've saved $111 on API model usage this month with Pro+. Switch to a different model or set a Spend Limit to continue with Opus. Your usage limits will reset when your monthly cycle ends on 3/3/2026.
[2026-02-04T06:44:56+0800] Continue in 2s...
[2026-02-04T06:44:58+0800] === ITERATION START ===
T: You've hit your usage limit for Opus You've saved $111 on API model usage this month with Pro+. Switch to a different model or set a Spend Limit to continue with Opus. Your usage limits will reset when your monthly cycle ends on 3/3/2026.
[2026-02-04T06:45:03+0800] Continue in 2s...
[2026-02-04T06:45:06+0800] === ITERATION START ===
T: You've hit your usage limit for Opus You've saved $111 on API model usage this month with Pro+. Switch to a different model or set a Spend Limit to continue with Opus. Your usage limits will reset when your monthly cycle ends on 3/3/2026.
[2026-02-04T06:45:11+0800] Continue in 2s...
[2026-02-04T06:45:13+0800] === ITERATION START ===
T: You've hit your usage limit for Opus You've saved $111 on API model usage this month with Pro+. Switch to a different model or set a Spend Limit to continue with Opus. Your usage limits will reset when your monthly cycle ends on 3/3/2026.
[2026-02-04T06:45:18+0800] Continue in 2s...
[2026-02-04T06:45:21+0800] === ITERATION START ===
T: You've hit your usage limit for Opus You've saved $111 on API model usage this month with Pro+. Switch to a different model or set a Spend Limit to continue with Opus. Your usage limits will reset when your monthly cycle ends on 3/3/2026.
[2026-02-04T06:45:26+0800] Continue in 2s...
[2026-02-04T06:45:28+0800] === ITERATION START ===
T: You've hit your usage limit for Opus You've saved $111 on API model usage this month with Pro+. Switch to a different model or set a Spend Limit to continue with Opus. Your usage limits will reset when your monthly cycle ends on 3/3/2026.
[2026-02-04T06:45:33+0800] Continue in 2s...
[2026-02-04T06:45:35+0800] === ITERATION START ===
T: You've hit your usage limit for Opus You've saved $111 on API model usage this month with Pro+. Switch to a different model or set a Spend Limit to continue with Opus. Your usage limits will reset when your monthly cycle ends on 3/3/2026.
[2026-02-04T06:45:41+0800] Continue in 2s...
[2026-02-04T06:45:43+0800] === ITERATION START ===
T: You've hit your usage limit for Opus You've saved $111 on API model usage this month with Pro+. Switch to a different model or set a Spend Limit to continue with Opus. Your usage limits will reset when your monthly cycle ends on 3/3/2026.
[2026-02-04T06:45:48+0800] Continue in 2s...
[2026-02-04T06:45:51+0800] === ITERATION START ===
T: You've hit your usage limit for Opus You've saved $111 on API model usage this month with Pro+. Switch to a different model or set a Spend Limit to continue with Opus. Your usage limits will reset when your monthly cycle ends on 3/3/2026.
[2026-02-04T06:45:56+0800] Continue in 2s...
[2026-02-04T06:45:58+0800] === ITERATION START ===
T: You've hit your usage limit for Opus You've saved $111 on API model usage this month with Pro+. Switch to a different model or set a Spend Limit to continue with Opus. Your usage limits will reset when your monthly cycle ends on 3/3/2026.
[2026-02-04T06:46:04+0800] Continue in 2s...
[2026-02-04T06:46:06+0800] === ITERATION START ===
T: You've hit your usage limit for Opus You've saved $111 on API model usage this month with Pro+. Switch to a different model or set a Spend Limit to continue with Opus. Your usage limits will reset when your monthly cycle ends on 3/3/2026.
[2026-02-04T06:46:11+0800] Continue in 2s...
[2026-02-04T06:46:13+0800] === ITERATION START ===
T: You've hit your usage limit for Opus You've saved $111 on API model usage this month with Pro+. Switch to a different model or set a Spend Limit to continue with Opus. Your usage limits will reset when your monthly cycle ends on 3/3/2026.
[2026-02-04T06:46:19+0800] Continue in 2s...
[2026-02-04T06:46:21+0800] === ITERATION START ===
T: You've hit your usage limit for Opus You've saved $111 on API model usage this month with Pro+. Switch to a different model or set a Spend Limit to continue with Opus. Your usage limits will reset when your monthly cycle ends on 3/3/2026.
[2026-02-04T06:46:27+0800] Continue in 2s...
[2026-02-04T06:46:29+0800] === ITERATION START ===
T: You've hit your usage limit for Opus You've saved $111 on API model usage this month with Pro+. Switch to a different model or set a Spend Limit to continue with Opus. Your usage limits will reset when your monthly cycle ends on 3/3/2026.
[2026-02-04T06:46:34+0800] Continue in 2s...
[2026-02-04T06:46:36+0800] === ITERATION START ===
T: You've hit your usage limit for Opus You've saved $111 on API model usage this month with Pro+. Switch to a different model or set a Spend Limit to continue with Opus. Your usage limits will reset when your monthly cycle ends on 3/3/2026.
[2026-02-04T06:46:42+0800] Continue in 2s...
[2026-02-04T06:46:44+0800] === ITERATION START ===
T: You've hit your usage limit for Opus You've saved $111 on API model usage this month with Pro+. Switch to a different model or set a Spend Limit to continue with Opus. Your usage limits will reset when your monthly cycle ends on 3/3/2026.
[2026-02-04T06:46:49+0800] Continue in 2s...
[2026-02-04T06:46:51+0800] === ITERATION START ===
T: You've hit your usage limit for Opus You've saved $111 on API model usage this month with Pro+. Switch to a different model or set a Spend Limit to continue with Opus. Your usage limits will reset when your monthly cycle ends on 3/3/2026.
[2026-02-04T06:46:57+0800] Continue in 2s...
[2026-02-04T06:46:59+0800] === ITERATION START ===
T: You've hit your usage limit for Opus You've saved $111 on API model usage this month with Pro+. Switch to a different model or set a Spend Limit to continue with Opus. Your usage limits will reset when your monthly cycle ends on 3/3/2026.
[2026-02-04T06:47:04+0800] Continue in 2s...
[2026-02-04T06:47:06+0800] === ITERATION START ===
T: You've hit your usage limit for Opus You've saved $111 on API model usage this month with Pro+. Switch to a different model or set a Spend Limit to continue with Opus. Your usage limits will reset when your monthly cycle ends on 3/3/2026.
[2026-02-04T06:47:12+0800] Continue in 2s...
[2026-02-04T06:47:14+0800] === ITERATION START ===
T: You've hit your usage limit for Opus You've saved $111 on API model usage this month with Pro+. Switch to a different model or set a Spend Limit to continue with Opus. Your usage limits will reset when your monthly cycle ends on 3/3/2026.
[2026-02-04T06:47:19+0800] Continue in 2s...
[2026-02-04T06:47:22+0800] === ITERATION START ===
T: You've hit your usage limit for Opus You've saved $111 on API model usage this month with Pro+. Switch to a different model or set a Spend Limit to continue with Opus. Your usage limits will reset when your monthly cycle ends on 3/3/2026.
[2026-02-04T06:47:27+0800] Continue in 2s...
[2026-02-04T06:47:29+0800] === ITERATION START ===
T: You've hit your usage limit for Opus You've saved $111 on API model usage this month with Pro+. Switch to a different model or set a Spend Limit to continue with Opus. Your usage limits will reset when your monthly cycle ends on 3/3/2026.
[2026-02-04T06:47:35+0800] Continue in 2s...
[2026-02-04T06:47:37+0800] === ITERATION START ===
T: You've hit your usage limit for Opus You've saved $111 on API model usage this month with Pro+. Switch to a different model or set a Spend Limit to continue with Opus. Your usage limits will reset when your monthly cycle ends on 3/3/2026.
[2026-02-04T06:47:42+0800] Continue in 2s...
[2026-02-04T06:47:44+0800] === ITERATION START ===
T: You've hit your usage limit for Opus You've saved $111 on API model usage this month with Pro+. Switch to a different model or set a Spend Limit to continue with Opus. Your usage limits will reset when your monthly cycle ends on 3/3/2026.
[2026-02-04T06:47:50+0800] Continue in 2s...
[2026-02-04T06:47:52+0800] === ITERATION START ===
T: You've hit your usage limit for Opus You've saved $111 on API model usage this month with Pro+. Switch to a different model or set a Spend Limit to continue with Opus. Your usage limits will reset when your monthly cycle ends on 3/3/2026.
[2026-02-04T06:47:58+0800] Continue in 2s...
[2026-02-04T06:48:00+0800] === ITERATION START ===
T: You've hit your usage limit for Opus You've saved $111 on API model usage this month with Pro+. Switch to a different model or set a Spend Limit to continue with Opus. Your usage limits will reset when your monthly cycle ends on 3/3/2026.
[2026-02-04T06:48:05+0800] Continue in 2s...
[2026-02-04T06:48:07+0800] === ITERATION START ===
T: You've hit your usage limit for Opus You've saved $111 on API model usage this month with Pro+. Switch to a different model or set a Spend Limit to continue with Opus. Your usage limits will reset when your monthly cycle ends on 3/3/2026.
[2026-02-04T06:48:13+0800] Continue in 2s...
[2026-02-04T06:48:15+0800] === ITERATION START ===
T: You've hit your usage limit for Opus You've saved $111 on API model usage this month with Pro+. Switch to a different model or set a Spend Limit to continue with Opus. Your usage limits will reset when your monthly cycle ends on 3/3/2026.
[2026-02-04T06:48:20+0800] Continue in 2s...
[2026-02-04T06:48:23+0800] === ITERATION START ===
T: You've hit your usage limit for Opus You've saved $111 on API model usage this month with Pro+. Switch to a different model or set a Spend Limit to continue with Opus. Your usage limits will reset when your monthly cycle ends on 3/3/2026.
[2026-02-04T06:48:28+0800] Continue in 2s...
[2026-02-04T06:48:30+0800] === ITERATION START ===
T: You've hit your usage limit for Opus You've saved $111 on API model usage this month with Pro+. Switch to a different model or set a Spend Limit to continue with Opus. Your usage limits will reset when your monthly cycle ends on 3/3/2026.
[2026-02-04T06:48:36+0800] Continue in 2s...
[2026-02-04T06:48:38+0800] === ITERATION START ===
T: You've hit your usage limit for Opus You've saved $111 on API model usage this month with Pro+. Switch to a different model or set a Spend Limit to continue with Opus. Your usage limits will reset when your monthly cycle ends on 3/3/2026.
[2026-02-04T06:48:43+0800] Continue in 2s...
[2026-02-04T06:48:45+0800] === ITERATION START ===
T: You've hit your usage limit for Opus You've saved $111 on API model usage this month with Pro+. Switch to a different model or set a Spend Limit to continue with Opus. Your usage limits will reset when your monthly cycle ends on 3/3/2026.
[2026-02-04T06:48:51+0800] Continue in 2s...
[2026-02-04T06:48:53+0800] === ITERATION START ===
T: You've hit your usage limit for Opus You've saved $111 on API model usage this month with Pro+. Switch to a different model or set a Spend Limit to continue with Opus. Your usage limits will reset when your monthly cycle ends on 3/3/2026.
[2026-02-04T06:48:58+0800] Continue in 2s...
[2026-02-04T06:49:01+0800] === ITERATION START ===
T: You've hit your usage limit for Opus You've saved $111 on API model usage this month with Pro+. Switch to a different model or set a Spend Limit to continue with Opus. Your usage limits will reset when your monthly cycle ends on 3/3/2026.
[2026-02-04T06:49:06+0800] Continue in 2s...
[2026-02-04T06:49:08+0800] === ITERATION START ===
T: You've hit your usage limit for Opus You've saved $111 on API model usage this month with Pro+. Switch to a different model or set a Spend Limit to continue with Opus. Your usage limits will reset when your monthly cycle ends on 3/3/2026.
[2026-02-04T06:49:15+0800] Continue in 2s...
[2026-02-04T06:49:17+0800] === ITERATION START ===
T: You've hit your usage limit for Opus You've saved $111 on API model usage this month with Pro+. Switch to a different model or set a Spend Limit to continue with Opus. Your usage limits will reset when your monthly cycle ends on 3/3/2026.
[2026-02-04T06:49:23+0800] Continue in 2s...
[2026-02-04T06:49:25+0800] === ITERATION START ===
T: You've hit your usage limit for Opus You've saved $111 on API model usage this month with Pro+. Switch to a different model or set a Spend Limit to continue with Opus. Your usage limits will reset when your monthly cycle ends on 3/3/2026.
[2026-02-04T06:49:30+0800] Continue in 2s...
[2026-02-04T06:49:32+0800] === ITERATION START ===
T: You've hit your usage limit for Opus You've saved $111 on API model usage this month with Pro+. Switch to a different model or set a Spend Limit to continue with Opus. Your usage limits will reset when your monthly cycle ends on 3/3/2026.
[2026-02-04T06:49:37+0800] Continue in 2s...
[2026-02-04T06:49:39+0800] === ITERATION START ===
T: You've hit your usage limit for Opus You've saved $111 on API model usage this month with Pro+. Switch to a different model or set a Spend Limit to continue with Opus. Your usage limits will reset when your monthly cycle ends on 3/3/2026.
[2026-02-04T06:49:45+0800] Continue in 2s...
[2026-02-04T06:49:47+0800] === ITERATION START ===
T: You've hit your usage limit for Opus You've saved $111 on API model usage this month with Pro+. Switch to a different model or set a Spend Limit to continue with Opus. Your usage limits will reset when your monthly cycle ends on 3/3/2026.
[2026-02-04T06:49:52+0800] Continue in 2s...
[2026-02-04T06:49:55+0800] === ITERATION START ===
T: You've hit your usage limit for Opus You've saved $111 on API model usage this month with Pro+. Switch to a different model or set a Spend Limit to continue with Opus. Your usage limits will reset when your monthly cycle ends on 3/3/2026.
[2026-02-04T06:50:00+0800] Continue in 2s...
[2026-02-04T06:50:02+0800] === ITERATION START ===
T: You've hit your usage limit for Opus You've saved $111 on API model usage this month with Pro+. Switch to a different model or set a Spend Limit to continue with Opus. Your usage limits will reset when your monthly cycle ends on 3/3/2026.
[2026-02-04T06:50:07+0800] Continue in 2s...
[2026-02-04T06:50:09+0800] === ITERATION START ===
T: You've hit your usage limit for Opus You've saved $111 on API model usage this month with Pro+. Switch to a different model or set a Spend Limit to continue with Opus. Your usage limits will reset when your monthly cycle ends on 3/3/2026.
[2026-02-04T06:50:15+0800] Continue in 2s...
[2026-02-04T06:50:17+0800] === ITERATION START ===
T: You've hit your usage limit for Opus You've saved $111 on API model usage this month with Pro+. Switch to a different model or set a Spend Limit to continue with Opus. Your usage limits will reset when your monthly cycle ends on 3/3/2026.
[2026-02-04T06:50:23+0800] Continue in 2s...
[2026-02-04T06:50:25+0800] === ITERATION START ===
T: You've hit your usage limit for Opus You've saved $111 on API model usage this month with Pro+. Switch to a different model or set a Spend Limit to continue with Opus. Your usage limits will reset when your monthly cycle ends on 3/3/2026.
[2026-02-04T06:50:30+0800] Continue in 2s...
[2026-02-04T06:50:32+0800] === ITERATION START ===
T: You've hit your usage limit for Opus You've saved $111 on API model usage this month with Pro+. Switch to a different model or set a Spend Limit to continue with Opus. Your usage limits will reset when your monthly cycle ends on 3/3/2026.
[2026-02-04T06:50:38+0800] Continue in 2s...
[2026-02-04T06:50:40+0800] === ITERATION START ===
T: You've hit your usage limit for Opus You've saved $111 on API model usage this month with Pro+. Switch to a different model or set a Spend Limit to continue with Opus. Your usage limits will reset when your monthly cycle ends on 3/3/2026.
[2026-02-04T06:50:45+0800] Continue in 2s...
[2026-02-04T06:50:47+0800] === ITERATION START ===
T: You've hit your usage limit for Opus You've saved $111 on API model usage this month with Pro+. Switch to a different model or set a Spend Limit to continue with Opus. Your usage limits will reset when your monthly cycle ends on 3/3/2026.
[2026-02-04T06:50:53+0800] Continue in 2s...
[2026-02-04T06:50:55+0800] === ITERATION START ===
T: You've hit your usage limit for Opus You've saved $111 on API model usage this month with Pro+. Switch to a different model or set a Spend Limit to continue with Opus. Your usage limits will reset when your monthly cycle ends on 3/3/2026.
[2026-02-04T06:51:00+0800] Continue in 2s...
[2026-02-04T06:51:02+0800] === ITERATION START ===
T: You've hit your usage limit for Opus You've saved $111 on API model usage this month with Pro+. Switch to a different model or set a Spend Limit to continue with Opus. Your usage limits will reset when your monthly cycle ends on 3/3/2026.
[2026-02-04T06:51:08+0800] Continue in 2s...
[2026-02-04T06:51:10+0800] === ITERATION START ===
T: You've hit your usage limit for Opus You've saved $111 on API model usage this month with Pro+. Switch to a different model or set a Spend Limit to continue with Opus. Your usage limits will reset when your monthly cycle ends on 3/3/2026.
[2026-02-04T06:51:15+0800] Continue in 2s...
[2026-02-04T06:51:17+0800] === ITERATION START ===
T: You've hit your usage limit for Opus You've saved $111 on API model usage this month with Pro+. Switch to a different model or set a Spend Limit to continue with Opus. Your usage limits will reset when your monthly cycle ends on 3/3/2026.
[2026-02-04T06:51:23+0800] Continue in 2s...
[2026-02-04T06:51:25+0800] === ITERATION START ===
T: You've hit your usage limit for Opus You've saved $111 on API model usage this month with Pro+. Switch to a different model or set a Spend Limit to continue with Opus. Your usage limits will reset when your monthly cycle ends on 3/3/2026.
[2026-02-04T06:51:30+0800] Continue in 2s...
[2026-02-04T06:51:32+0800] === ITERATION START ===
T: You've hit your usage limit for Opus You've saved $111 on API model usage this month with Pro+. Switch to a different model or set a Spend Limit to continue with Opus. Your usage limits will reset when your monthly cycle ends on 3/3/2026.
[2026-02-04T06:51:38+0800] Continue in 2s...
[2026-02-04T06:51:40+0800] === ITERATION START ===
T: You've hit your usage limit for Opus You've saved $111 on API model usage this month with Pro+. Switch to a different model or set a Spend Limit to continue with Opus. Your usage limits will reset when your monthly cycle ends on 3/3/2026.
[2026-02-04T06:51:45+0800] Continue in 2s...
[2026-02-04T06:51:47+0800] === ITERATION START ===
T: You've hit your usage limit for Opus You've saved $111 on API model usage this month with Pro+. Switch to a different model or set a Spend Limit to continue with Opus. Your usage limits will reset when your monthly cycle ends on 3/3/2026.
[2026-02-04T06:51:53+0800] Continue in 2s...
[2026-02-04T06:51:55+0800] === ITERATION START ===
T: You've hit your usage limit for Opus You've saved $111 on API model usage this month with Pro+. Switch to a different model or set a Spend Limit to continue with Opus. Your usage limits will reset when your monthly cycle ends on 3/3/2026.
[2026-02-04T06:52:00+0800] Continue in 2s...
[2026-02-04T06:52:02+0800] === ITERATION START ===
T: You've hit your usage limit for Opus You've saved $111 on API model usage this month with Pro+. Switch to a different model or set a Spend Limit to continue with Opus. Your usage limits will reset when your monthly cycle ends on 3/3/2026.
[2026-02-04T06:52:08+0800] Continue in 2s...
[2026-02-04T06:52:10+0800] === ITERATION START ===
T: You've hit your usage limit for Opus You've saved $111 on API model usage this month with Pro+. Switch to a different model or set a Spend Limit to continue with Opus. Your usage limits will reset when your monthly cycle ends on 3/3/2026.
[2026-02-04T06:52:15+0800] Continue in 2s...
[2026-02-04T06:52:17+0800] === ITERATION START ===
T: You've hit your usage limit for Opus You've saved $111 on API model usage this month with Pro+. Switch to a different model or set a Spend Limit to continue with Opus. Your usage limits will reset when your monthly cycle ends on 3/3/2026.
[2026-02-04T06:52:23+0800] Continue in 2s...
[2026-02-04T06:52:25+0800] === ITERATION START ===
T: You've hit your usage limit for Opus You've saved $111 on API model usage this month with Pro+. Switch to a different model or set a Spend Limit to continue with Opus. Your usage limits will reset when your monthly cycle ends on 3/3/2026.
[2026-02-04T06:52:30+0800] Continue in 2s...
[2026-02-04T06:52:32+0800] === ITERATION START ===
T: You've hit your usage limit for Opus You've saved $111 on API model usage this month with Pro+. Switch to a different model or set a Spend Limit to continue with Opus. Your usage limits will reset when your monthly cycle ends on 3/3/2026.
[2026-02-04T06:52:38+0800] Continue in 2s...
[2026-02-04T06:52:40+0800] === ITERATION START ===
T: You've hit your usage limit for Opus You've saved $111 on API model usage this month with Pro+. Switch to a different model or set a Spend Limit to continue with Opus. Your usage limits will reset when your monthly cycle ends on 3/3/2026.
[2026-02-04T06:52:45+0800] Continue in 2s...
[2026-02-04T06:52:47+0800] === ITERATION START ===
T: You've hit your usage limit for Opus You've saved $111 on API model usage this month with Pro+. Switch to a different model or set a Spend Limit to continue with Opus. Your usage limits will reset when your monthly cycle ends on 3/3/2026.
[2026-02-04T06:52:53+0800] Continue in 2s...
[2026-02-04T06:52:55+0800] === ITERATION START ===
T: You've hit your usage limit for Opus You've saved $111 on API model usage this month with Pro+. Switch to a different model or set a Spend Limit to continue with Opus. Your usage limits will reset when your monthly cycle ends on 3/3/2026.
[2026-02-04T06:53:00+0800] Continue in 2s...
[2026-02-04T06:53:02+0800] === ITERATION START ===
T: You've hit your usage limit for Opus You've saved $111 on API model usage this month with Pro+. Switch to a different model or set a Spend Limit to continue with Opus. Your usage limits will reset when your monthly cycle ends on 3/3/2026.
[2026-02-04T06:53:08+0800] Continue in 2s...
[2026-02-04T06:53:10+0800] === ITERATION START ===
T: You've hit your usage limit for Opus You've saved $111 on API model usage this month with Pro+. Switch to a different model or set a Spend Limit to continue with Opus. Your usage limits will reset when your monthly cycle ends on 3/3/2026.
[2026-02-04T06:53:15+0800] Continue in 2s...
[2026-02-04T06:53:17+0800] === ITERATION START ===
T: You've hit your usage limit for Opus You've saved $111 on API model usage this month with Pro+. Switch to a different model or set a Spend Limit to continue with Opus. Your usage limits will reset when your monthly cycle ends on 3/3/2026.
[2026-02-04T06:53:23+0800] Continue in 2s...
[2026-02-04T06:53:25+0800] === ITERATION START ===
T: You've hit your usage limit for Opus You've saved $111 on API model usage this month with Pro+. Switch to a different model or set a Spend Limit to continue with Opus. Your usage limits will reset when your monthly cycle ends on 3/3/2026.
[2026-02-04T06:53:30+0800] Continue in 2s...
[2026-02-04T06:53:32+0800] === ITERATION START ===
T: You've hit your usage limit for Opus You've saved $111 on API model usage this month with Pro+. Switch to a different model or set a Spend Limit to continue with Opus. Your usage limits will reset when your monthly cycle ends on 3/3/2026.
[2026-02-04T06:53:38+0800] Continue in 2s...
[2026-02-04T06:53:40+0800] === ITERATION START ===
T: You've hit your usage limit for Opus You've saved $111 on API model usage this month with Pro+. Switch to a different model or set a Spend Limit to continue with Opus. Your usage limits will reset when your monthly cycle ends on 3/3/2026.
[2026-02-04T06:53:46+0800] Continue in 2s...
[2026-02-04T06:53:48+0800] === ITERATION START ===
T: You've hit your usage limit for Opus You've saved $111 on API model usage this month with Pro+. Switch to a different model or set a Spend Limit to continue with Opus. Your usage limits will reset when your monthly cycle ends on 3/3/2026.
[2026-02-04T06:53:53+0800] Continue in 2s...
[2026-02-04T06:53:55+0800] === ITERATION START ===
T: You've hit your usage limit for Opus You've saved $111 on API model usage this month with Pro+. Switch to a different model or set a Spend Limit to continue with Opus. Your usage limits will reset when your monthly cycle ends on 3/3/2026.
[2026-02-04T06:54:01+0800] Continue in 2s...
[2026-02-04T06:54:03+0800] === ITERATION START ===
T: You've hit your usage limit for Opus You've saved $111 on API model usage this month with Pro+. Switch to a different model or set a Spend Limit to continue with Opus. Your usage limits will reset when your monthly cycle ends on 3/3/2026.
[2026-02-04T06:54:08+0800] Continue in 2s...
[2026-02-04T06:54:10+0800] === ITERATION START ===
T: You've hit your usage limit for Opus You've saved $111 on API model usage this month with Pro+. Switch to a different model or set a Spend Limit to continue with Opus. Your usage limits will reset when your monthly cycle ends on 3/3/2026.
[2026-02-04T06:54:16+0800] Continue in 2s...
[2026-02-04T06:54:18+0800] === ITERATION START ===
T: You've hit your usage limit for Opus You've saved $111 on API model usage this month with Pro+. Switch to a different model or set a Spend Limit to continue with Opus. Your usage limits will reset when your monthly cycle ends on 3/3/2026.
[2026-02-04T06:54:27+0800] Continue in 2s...
[2026-02-04T06:54:29+0800] === ITERATION START ===
T: You've hit your usage limit for Opus You've saved $111 on API model usage this month with Pro+. Switch to a different model or set a Spend Limit to continue with Opus. Your usage limits will reset when your monthly cycle ends on 3/3/2026.
[2026-02-04T06:54:34+0800] Continue in 2s...
[2026-02-04T06:54:36+0800] === ITERATION START ===
T: You've hit your usage limit for Opus You've saved $111 on API model usage this month with Pro+. Switch to a different model or set a Spend Limit to continue with Opus. Your usage limits will reset when your monthly cycle ends on 3/3/2026.
[2026-02-04T06:54:41+0800] Continue in 2s...
[2026-02-04T06:54:43+0800] === ITERATION START ===
T: You've hit your usage limit for Opus You've saved $111 on API model usage this month with Pro+. Switch to a different model or set a Spend Limit to continue with Opus. Your usage limits will reset when your monthly cycle ends on 3/3/2026.
[2026-02-04T06:54:49+0800] Continue in 2s...
[2026-02-04T06:54:51+0800] === ITERATION START ===
T: You've hit your usage limit for Opus You've saved $111 on API model usage this month with Pro+. Switch to a different model or set a Spend Limit to continue with Opus. Your usage limits will reset when your monthly cycle ends on 3/3/2026.
[2026-02-04T06:54:56+0800] Continue in 2s...
[2026-02-04T06:54:58+0800] === ITERATION START ===
T: You've hit your usage limit for Opus You've saved $111 on API model usage this month with Pro+. Switch to a different model or set a Spend Limit to continue with Opus. Your usage limits will reset when your monthly cycle ends on 3/3/2026.
[2026-02-04T06:55:04+0800] Continue in 2s...
[2026-02-04T06:55:06+0800] === ITERATION START ===
T: You've hit your usage limit for Opus You've saved $111 on API model usage this month with Pro+. Switch to a different model or set a Spend Limit to continue with Opus. Your usage limits will reset when your monthly cycle ends on 3/3/2026.
[2026-02-04T06:55:12+0800] Continue in 2s...
[2026-02-04T06:55:14+0800] === ITERATION START ===
T: You've hit your usage limit for Opus You've saved $111 on API model usage this month with Pro+. Switch to a different model or set a Spend Limit to continue with Opus. Your usage limits will reset when your monthly cycle ends on 3/3/2026.
[2026-02-04T06:55:19+0800] Continue in 2s...
[2026-02-04T06:55:21+0800] === ITERATION START ===
T: You've hit your usage limit for Opus You've saved $111 on API model usage this month with Pro+. Switch to a different model or set a Spend Limit to continue with Opus. Your usage limits will reset when your monthly cycle ends on 3/3/2026.
[2026-02-04T06:55:27+0800] Continue in 2s...
[2026-02-04T06:55:29+0800] === ITERATION START ===
T: You've hit your usage limit for Opus You've saved $111 on API model usage this month with Pro+. Switch to a different model or set a Spend Limit to continue with Opus. Your usage limits will reset when your monthly cycle ends on 3/3/2026.
[2026-02-04T06:55:34+0800] Continue in 2s...
[2026-02-04T06:55:36+0800] === ITERATION START ===
T: You've hit your usage limit for Opus You've saved $111 on API model usage this month with Pro+. Switch to a different model or set a Spend Limit to continue with Opus. Your usage limits will reset when your monthly cycle ends on 3/3/2026.
[2026-02-04T06:55:42+0800] Continue in 2s...
[2026-02-04T06:55:44+0800] === ITERATION START ===
T: You've hit your usage limit for Opus You've saved $111 on API model usage this month with Pro+. Switch to a different model or set a Spend Limit to continue with Opus. Your usage limits will reset when your monthly cycle ends on 3/3/2026.
[2026-02-04T06:55:49+0800] Continue in 2s...
[2026-02-04T06:55:51+0800] === ITERATION START ===
T: You've hit your usage limit for Opus You've saved $111 on API model usage this month with Pro+. Switch to a different model or set a Spend Limit to continue with Opus. Your usage limits will reset when your monthly cycle ends on 3/3/2026.
[2026-02-04T06:55:57+0800] Continue in 2s...
[2026-02-04T06:55:59+0800] === ITERATION START ===
T: You've hit your usage limit for Opus You've saved $111 on API model usage this month with Pro+. Switch to a different model or set a Spend Limit to continue with Opus. Your usage limits will reset when your monthly cycle ends on 3/3/2026.
[2026-02-04T06:56:04+0800] Continue in 2s...
[2026-02-04T06:56:06+0800] === ITERATION START ===
T: You've hit your usage limit for Opus You've saved $111 on API model usage this month with Pro+. Switch to a different model or set a Spend Limit to continue with Opus. Your usage limits will reset when your monthly cycle ends on 3/3/2026.
[2026-02-04T06:56:12+0800] Continue in 2s...
[2026-02-04T06:56:14+0800] === ITERATION START ===
T: You've hit your usage limit for Opus You've saved $111 on API model usage this month with Pro+. Switch to a different model or set a Spend Limit to continue with Opus. Your usage limits will reset when your monthly cycle ends on 3/3/2026.
[2026-02-04T06:56:19+0800] Continue in 2s...
[2026-02-04T06:56:21+0800] === ITERATION START ===
T: You've hit your usage limit for Opus You've saved $111 on API model usage this month with Pro+. Switch to a different model or set a Spend Limit to continue with Opus. Your usage limits will reset when your monthly cycle ends on 3/3/2026.
[2026-02-04T06:56:27+0800] Continue in 2s...
[2026-02-04T06:56:29+0800] === ITERATION START ===
T: You've hit your usage limit for Opus You've saved $111 on API model usage this month with Pro+. Switch to a different model or set a Spend Limit to continue with Opus. Your usage limits will reset when your monthly cycle ends on 3/3/2026.
[2026-02-04T06:56:34+0800] Continue in 2s...
[2026-02-04T06:56:36+0800] === ITERATION START ===
T: You've hit your usage limit for Opus You've saved $111 on API model usage this month with Pro+. Switch to a different model or set a Spend Limit to continue with Opus. Your usage limits will reset when your monthly cycle ends on 3/3/2026.
[2026-02-04T06:56:42+0800] Continue in 2s...
[2026-02-04T06:56:44+0800] === ITERATION START ===
T: You've hit your usage limit for Opus You've saved $111 on API model usage this month with Pro+. Switch to a different model or set a Spend Limit to continue with Opus. Your usage limits will reset when your monthly cycle ends on 3/3/2026.
[2026-02-04T06:56:49+0800] Continue in 2s...
[2026-02-04T06:56:51+0800] === ITERATION START ===
T: You've hit your usage limit for Opus You've saved $111 on API model usage this month with Pro+. Switch to a different model or set a Spend Limit to continue with Opus. Your usage limits will reset when your monthly cycle ends on 3/3/2026.
[2026-02-04T06:56:57+0800] Continue in 2s...
[2026-02-04T06:56:59+0800] === ITERATION START ===
T: You've hit your usage limit for Opus You've saved $111 on API model usage this month with Pro+. Switch to a different model or set a Spend Limit to continue with Opus. Your usage limits will reset when your monthly cycle ends on 3/3/2026.
[2026-02-04T06:57:05+0800] Continue in 2s...
[2026-02-04T06:57:07+0800] === ITERATION START ===
T: You've hit your usage limit for Opus You've saved $111 on API model usage this month with Pro+. Switch to a different model or set a Spend Limit to continue with Opus. Your usage limits will reset when your monthly cycle ends on 3/3/2026.
[2026-02-04T06:57:13+0800] Continue in 2s...
[2026-02-04T06:57:15+0800] === ITERATION START ===
T: You've hit your usage limit for Opus You've saved $111 on API model usage this month with Pro+. Switch to a different model or set a Spend Limit to continue with Opus. Your usage limits will reset when your monthly cycle ends on 3/3/2026.
[2026-02-04T06:57:20+0800] Continue in 2s...
[2026-02-04T06:57:22+0800] === ITERATION START ===
T: You've hit your usage limit for Opus You've saved $111 on API model usage this month with Pro+. Switch to a different model or set a Spend Limit to continue with Opus. Your usage limits will reset when your monthly cycle ends on 3/3/2026.
[2026-02-04T06:57:28+0800] Continue in 2s...
[2026-02-04T06:57:30+0800] === ITERATION START ===
T: You've hit your usage limit for Opus You've saved $111 on API model usage this month with Pro+. Switch to a different model or set a Spend Limit to continue with Opus. Your usage limits will reset when your monthly cycle ends on 3/3/2026.
[2026-02-04T06:57:35+0800] Continue in 2s...
[2026-02-04T06:57:37+0800] === ITERATION START ===
T: You've hit your usage limit for Opus You've saved $111 on API model usage this month with Pro+. Switch to a different model or set a Spend Limit to continue with Opus. Your usage limits will reset when your monthly cycle ends on 3/3/2026.
[2026-02-04T06:57:43+0800] Continue in 2s...
[2026-02-04T06:57:45+0800] === ITERATION START ===
T: You've hit your usage limit for Opus You've saved $111 on API model usage this month with Pro+. Switch to a different model or set a Spend Limit to continue with Opus. Your usage limits will reset when your monthly cycle ends on 3/3/2026.
[2026-02-04T06:57:50+0800] Continue in 2s...
[2026-02-04T06:57:52+0800] === ITERATION START ===
T: You've hit your usage limit for Opus You've saved $111 on API model usage this month with Pro+. Switch to a different model or set a Spend Limit to continue with Opus. Your usage limits will reset when your monthly cycle ends on 3/3/2026.
[2026-02-04T06:57:58+0800] Continue in 2s...
[2026-02-04T06:58:00+0800] === ITERATION START ===
T: You've hit your usage limit for Opus You've saved $111 on API model usage this month with Pro+. Switch to a different model or set a Spend Limit to continue with Opus. Your usage limits will reset when your monthly cycle ends on 3/3/2026.
[2026-02-04T06:58:05+0800] Continue in 2s...
[2026-02-04T06:58:07+0800] === ITERATION START ===
T: You've hit your usage limit for Opus You've saved $111 on API model usage this month with Pro+. Switch to a different model or set a Spend Limit to continue with Opus. Your usage limits will reset when your monthly cycle ends on 3/3/2026.
[2026-02-04T06:58:13+0800] Continue in 2s...
[2026-02-04T06:58:15+0800] === ITERATION START ===
T: You've hit your usage limit for Opus You've saved $111 on API model usage this month with Pro+. Switch to a different model or set a Spend Limit to continue with Opus. Your usage limits will reset when your monthly cycle ends on 3/3/2026.
[2026-02-04T06:58:21+0800] Continue in 2s...
[2026-02-04T06:58:23+0800] === ITERATION START ===
T: You've hit your usage limit for Opus You've saved $111 on API model usage this month with Pro+. Switch to a different model or set a Spend Limit to continue with Opus. Your usage limits will reset when your monthly cycle ends on 3/3/2026.
[2026-02-04T06:58:29+0800] Continue in 2s...
[2026-02-04T06:58:31+0800] === ITERATION START ===
T: You've hit your usage limit for Opus You've saved $111 on API model usage this month with Pro+. Switch to a different model or set a Spend Limit to continue with Opus. Your usage limits will reset when your monthly cycle ends on 3/3/2026.
[2026-02-04T06:58:36+0800] Continue in 2s...
[2026-02-04T06:58:38+0800] === ITERATION START ===
T: You've hit your usage limit for Opus You've saved $111 on API model usage this month with Pro+. Switch to a different model or set a Spend Limit to continue with Opus. Your usage limits will reset when your monthly cycle ends on 3/3/2026.
[2026-02-04T06:58:44+0800] Continue in 2s...
[2026-02-04T06:58:46+0800] === ITERATION START ===
T: You've hit your usage limit for Opus You've saved $111 on API model usage this month with Pro+. Switch to a different model or set a Spend Limit to continue with Opus. Your usage limits will reset when your monthly cycle ends on 3/3/2026.
[2026-02-04T06:58:51+0800] Continue in 2s...
[2026-02-04T06:58:54+0800] === ITERATION START ===
T: You've hit your usage limit for Opus You've saved $111 on API model usage this month with Pro+. Switch to a different model or set a Spend Limit to continue with Opus. Your usage limits will reset when your monthly cycle ends on 3/3/2026.
[2026-02-04T06:58:59+0800] Continue in 2s...
[2026-02-04T06:59:01+0800] === ITERATION START ===
T: You've hit your usage limit for Opus You've saved $111 on API model usage this month with Pro+. Switch to a different model or set a Spend Limit to continue with Opus. Your usage limits will reset when your monthly cycle ends on 3/3/2026.
[2026-02-04T06:59:07+0800] Continue in 2s...
[2026-02-04T06:59:09+0800] === ITERATION START ===
T: You've hit your usage limit for Opus You've saved $111 on API model usage this month with Pro+. Switch to a different model or set a Spend Limit to continue with Opus. Your usage limits will reset when your monthly cycle ends on 3/3/2026.
[2026-02-04T06:59:14+0800] Continue in 2s...
[2026-02-04T06:59:16+0800] === ITERATION START ===
T: You've hit your usage limit for Opus You've saved $111 on API model usage this month with Pro+. Switch to a different model or set a Spend Limit to continue with Opus. Your usage limits will reset when your monthly cycle ends on 3/3/2026.
[2026-02-04T06:59:22+0800] Continue in 2s...
[2026-02-04T06:59:24+0800] === ITERATION START ===
T: You've hit your usage limit for Opus You've saved $111 on API model usage this month with Pro+. Switch to a different model or set a Spend Limit to continue with Opus. Your usage limits will reset when your monthly cycle ends on 3/3/2026.
[2026-02-04T06:59:30+0800] Continue in 2s...
[2026-02-04T06:59:32+0800] === ITERATION START ===
T: You've hit your usage limit for Opus You've saved $111 on API model usage this month with Pro+. Switch to a different model or set a Spend Limit to continue with Opus. Your usage limits will reset when your monthly cycle ends on 3/3/2026.
[2026-02-04T06:59:37+0800] Continue in 2s...
[2026-02-04T06:59:39+0800] === ITERATION START ===
T: You've hit your usage limit for Opus You've saved $111 on API model usage this month with Pro+. Switch to a different model or set a Spend Limit to continue with Opus. Your usage limits will reset when your monthly cycle ends on 3/3/2026.
[2026-02-04T06:59:45+0800] Continue in 2s...
[2026-02-04T06:59:47+0800] === ITERATION START ===
T: You've hit your usage limit for Opus You've saved $111 on API model usage this month with Pro+. Switch to a different model or set a Spend Limit to continue with Opus. Your usage limits will reset when your monthly cycle ends on 3/3/2026.
[2026-02-04T06:59:52+0800] Continue in 2s...
[2026-02-04T06:59:54+0800] === ITERATION START ===
T: You've hit your usage limit for Opus You've saved $111 on API model usage this month with Pro+. Switch to a different model or set a Spend Limit to continue with Opus. Your usage limits will reset when your monthly cycle ends on 3/3/2026.
[2026-02-04T07:00:00+0800] Continue in 2s...
[2026-02-04T07:00:02+0800] === ITERATION START ===
T: You've hit your usage limit for Opus You've saved $111 on API model usage this month with Pro+. Switch to a different model or set a Spend Limit to continue with Opus. Your usage limits will reset when your monthly cycle ends on 3/3/2026.
[2026-02-04T07:00:08+0800] Continue in 2s...
[2026-02-04T07:00:10+0800] === ITERATION START ===
T: You've hit your usage limit for Opus You've saved $111 on API model usage this month with Pro+. Switch to a different model or set a Spend Limit to continue with Opus. Your usage limits will reset when your monthly cycle ends on 3/3/2026.
[2026-02-04T07:00:15+0800] Continue in 2s...
[2026-02-04T07:00:17+0800] === ITERATION START ===
T: You've hit your usage limit for Opus You've saved $111 on API model usage this month with Pro+. Switch to a different model or set a Spend Limit to continue with Opus. Your usage limits will reset when your monthly cycle ends on 3/3/2026.
[2026-02-04T07:00:23+0800] Continue in 2s...
[2026-02-04T07:00:25+0800] === ITERATION START ===
T: You've hit your usage limit for Opus You've saved $111 on API model usage this month with Pro+. Switch to a different model or set a Spend Limit to continue with Opus. Your usage limits will reset when your monthly cycle ends on 3/3/2026.
[2026-02-04T07:00:30+0800] Continue in 2s...
[2026-02-04T07:00:32+0800] === ITERATION START ===
T: You've hit your usage limit for Opus You've saved $111 on API model usage this month with Pro+. Switch to a different model or set a Spend Limit to continue with Opus. Your usage limits will reset when your monthly cycle ends on 3/3/2026.
[2026-02-04T07:00:38+0800] Continue in 2s...
[2026-02-04T07:00:40+0800] === ITERATION START ===
T: You've hit your usage limit for Opus You've saved $111 on API model usage this month with Pro+. Switch to a different model or set a Spend Limit to continue with Opus. Your usage limits will reset when your monthly cycle ends on 3/3/2026.
[2026-02-04T07:00:45+0800] Continue in 2s...
[2026-02-04T07:00:47+0800] === ITERATION START ===
T: You've hit your usage limit for Opus You've saved $111 on API model usage this month with Pro+. Switch to a different model or set a Spend Limit to continue with Opus. Your usage limits will reset when your monthly cycle ends on 3/3/2026.
[2026-02-04T07:00:53+0800] Continue in 2s...
[2026-02-04T07:00:55+0800] === ITERATION START ===
T: You've hit your usage limit for Opus You've saved $111 on API model usage this month with Pro+. Switch to a different model or set a Spend Limit to continue with Opus. Your usage limits will reset when your monthly cycle ends on 3/3/2026.
[2026-02-04T07:01:01+0800] Continue in 2s...
[2026-02-04T07:01:03+0800] === ITERATION START ===
T: You've hit your usage limit for Opus You've saved $111 on API model usage this month with Pro+. Switch to a different model or set a Spend Limit to continue with Opus. Your usage limits will reset when your monthly cycle ends on 3/3/2026.
[2026-02-04T07:01:08+0800] Continue in 2s...
[2026-02-04T07:01:10+0800] === ITERATION START ===
T: You've hit your usage limit for Opus You've saved $111 on API model usage this month with Pro+. Switch to a different model or set a Spend Limit to continue with Opus. Your usage limits will reset when your monthly cycle ends on 3/3/2026.
[2026-02-04T07:01:16+0800] Continue in 2s...
[2026-02-04T07:01:18+0800] === ITERATION START ===
T: You've hit your usage limit for Opus You've saved $111 on API model usage this month with Pro+. Switch to a different model or set a Spend Limit to continue with Opus. Your usage limits will reset when your monthly cycle ends on 3/3/2026.
[2026-02-04T07:01:24+0800] Continue in 2s...
[2026-02-04T07:01:26+0800] === ITERATION START ===
T: You've hit your usage limit for Opus You've saved $111 on API model usage this month with Pro+. Switch to a different model or set a Spend Limit to continue with Opus. Your usage limits will reset when your monthly cycle ends on 3/3/2026.
[2026-02-04T07:01:31+0800] Continue in 2s...
[2026-02-04T07:01:33+0800] === ITERATION START ===
T: You've hit your usage limit for Opus You've saved $111 on API model usage this month with Pro+. Switch to a different model or set a Spend Limit to continue with Opus. Your usage limits will reset when your monthly cycle ends on 3/3/2026.
[2026-02-04T07:01:39+0800] Continue in 2s...
[2026-02-04T07:01:41+0800] === ITERATION START ===
T: You've hit your usage limit for Opus You've saved $111 on API model usage this month with Pro+. Switch to a different model or set a Spend Limit to continue with Opus. Your usage limits will reset when your monthly cycle ends on 3/3/2026.
[2026-02-04T07:01:46+0800] Continue in 2s...
[2026-02-04T07:01:49+0800] === ITERATION START ===
T: You've hit your usage limit for Opus You've saved $111 on API model usage this month with Pro+. Switch to a different model or set a Spend Limit to continue with Opus. Your usage limits will reset when your monthly cycle ends on 3/3/2026.
[2026-02-04T07:01:54+0800] Continue in 2s...
[2026-02-04T07:01:56+0800] === ITERATION START ===
T: You've hit your usage limit for Opus You've saved $111 on API model usage this month with Pro+. Switch to a different model or set a Spend Limit to continue with Opus. Your usage limits will reset when your monthly cycle ends on 3/3/2026.
[2026-02-04T07:02:02+0800] Continue in 2s...
[2026-02-04T07:02:04+0800] === ITERATION START ===
T: You've hit your usage limit for Opus You've saved $111 on API model usage this month with Pro+. Switch to a different model or set a Spend Limit to continue with Opus. Your usage limits will reset when your monthly cycle ends on 3/3/2026.
[2026-02-04T07:02:09+0800] Continue in 2s...
[2026-02-04T07:02:11+0800] === ITERATION START ===
T: You've hit your usage limit for Opus You've saved $111 on API model usage this month with Pro+. Switch to a different model or set a Spend Limit to continue with Opus. Your usage limits will reset when your monthly cycle ends on 3/3/2026.
[2026-02-04T07:02:17+0800] Continue in 2s...
[2026-02-04T07:02:19+0800] === ITERATION START ===
T: You've hit your usage limit for Opus You've saved $111 on API model usage this month with Pro+. Switch to a different model or set a Spend Limit to continue with Opus. Your usage limits will reset when your monthly cycle ends on 3/3/2026.
[2026-02-04T07:02:25+0800] Continue in 2s...
[2026-02-04T07:02:27+0800] === ITERATION START ===
T: You've hit your usage limit for Opus You've saved $111 on API model usage this month with Pro+. Switch to a different model or set a Spend Limit to continue with Opus. Your usage limits will reset when your monthly cycle ends on 3/3/2026.
[2026-02-04T07:02:32+0800] Continue in 2s...
[2026-02-04T07:02:35+0800] === ITERATION START ===
T: You've hit your usage limit for Opus You've saved $111 on API model usage this month with Pro+. Switch to a different model or set a Spend Limit to continue with Opus. Your usage limits will reset when your monthly cycle ends on 3/3/2026.
[2026-02-04T07:02:40+0800] Continue in 2s...
[2026-02-04T07:02:42+0800] === ITERATION START ===
T: You've hit your usage limit for Opus You've saved $111 on API model usage this month with Pro+. Switch to a different model or set a Spend Limit to continue with Opus. Your usage limits will reset when your monthly cycle ends on 3/3/2026.
[2026-02-04T07:02:48+0800] Continue in 2s...
[2026-02-04T07:02:50+0800] === ITERATION START ===
T: You've hit your usage limit for Opus You've saved $111 on API model usage this month with Pro+. Switch to a different model or set a Spend Limit to continue with Opus. Your usage limits will reset when your monthly cycle ends on 3/3/2026.
[2026-02-04T07:02:56+0800] Continue in 2s...
[2026-02-04T07:02:58+0800] === ITERATION START ===
T: You've hit your usage limit for Opus You've saved $111 on API model usage this month with Pro+. Switch to a different model or set a Spend Limit to continue with Opus. Your usage limits will reset when your monthly cycle ends on 3/3/2026.
[2026-02-04T07:03:09+0800] Continue in 2s...
[2026-02-04T07:03:11+0800] === ITERATION START ===
T: You've hit your usage limit for Opus You've saved $111 on API model usage this month with Pro+. Switch to a different model or set a Spend Limit to continue with Opus. Your usage limits will reset when your monthly cycle ends on 3/3/2026.
[2026-02-04T07:03:19+0800] Continue in 2s...
[2026-02-04T07:03:21+0800] === ITERATION START ===
T: You've hit your usage limit for Opus You've saved $111 on API model usage this month with Pro+. Switch to a different model or set a Spend Limit to continue with Opus. Your usage limits will reset when your monthly cycle ends on 3/3/2026.
[2026-02-04T07:03:28+0800] Continue in 2s...
[2026-02-04T07:03:30+0800] === ITERATION START ===
T: You've hit your usage limit for Opus You've saved $111 on API model usage this month with Pro+. Switch to a different model or set a Spend Limit to continue with Opus. Your usage limits will reset when your monthly cycle ends on 3/3/2026.
[2026-02-04T07:03:36+0800] Continue in 2s...
[2026-02-04T07:03:38+0800] === ITERATION START ===
T: You've hit your usage limit for Opus You've saved $111 on API model usage this month with Pro+. Switch to a different model or set a Spend Limit to continue with Opus. Your usage limits will reset when your monthly cycle ends on 3/3/2026.
[2026-02-04T07:03:48+0800] Continue in 2s...
[2026-02-04T07:03:50+0800] === ITERATION START ===
T: You've hit your usage limit for Opus You've saved $111 on API model usage this month with Pro+. Switch to a different model or set a Spend Limit to continue with Opus. Your usage limits will reset when your monthly cycle ends on 3/3/2026.
[2026-02-04T07:03:57+0800] Continue in 2s...
[2026-02-04T07:03:59+0800] === ITERATION START ===
T: You've hit your usage limit for Opus You've saved $111 on API model usage this month with Pro+. Switch to a different model or set a Spend Limit to continue with Opus. Your usage limits will reset when your monthly cycle ends on 3/3/2026.
[2026-02-04T07:04:09+0800] Continue in 2s...
[2026-02-04T07:04:11+0800] === ITERATION START ===
T: You've hit your usage limit for Opus You've saved $111 on API model usage this month with Pro+. Switch to a different model or set a Spend Limit to continue with Opus. Your usage limits will reset when your monthly cycle ends on 3/3/2026.
[2026-02-04T07:04:16+0800] Continue in 2s...
[2026-02-04T07:04:18+0800] === ITERATION START ===
T: You've hit your usage limit for Opus You've saved $111 on API model usage this month with Pro+. Switch to a different model or set a Spend Limit to continue with Opus. Your usage limits will reset when your monthly cycle ends on 3/3/2026.
[2026-02-04T07:04:24+0800] Continue in 2s...
[2026-02-04T07:04:26+0800] === ITERATION START ===
T: You've hit your usage limit for Opus You've saved $111 on API model usage this month with Pro+. Switch to a different model or set a Spend Limit to continue with Opus. Your usage limits will reset when your monthly cycle ends on 3/3/2026.
[2026-02-04T07:04:33+0800] Continue in 2s...
[2026-02-04T07:04:35+0800] === ITERATION START ===
T: You've hit your usage limit for Opus You've saved $111 on API model usage this month with Pro+. Switch to a different model or set a Spend Limit to continue with Opus. Your usage limits will reset when your monthly cycle ends on 3/3/2026.
[2026-02-04T07:04:40+0800] Continue in 2s...
[2026-02-04T07:04:43+0800] === ITERATION START ===
T: You've hit your usage limit for Opus You've saved $111 on API model usage this month with Pro+. Switch to a different model or set a Spend Limit to continue with Opus. Your usage limits will reset when your monthly cycle ends on 3/3/2026.
[2026-02-04T07:04:48+0800] Continue in 2s...
[2026-02-04T07:04:50+0800] === ITERATION START ===
T: You've hit your usage limit for Opus You've saved $111 on API model usage this month with Pro+. Switch to a different model or set a Spend Limit to continue with Opus. Your usage limits will reset when your monthly cycle ends on 3/3/2026.
[2026-02-04T07:04:56+0800] Continue in 2s...
[2026-02-04T07:04:58+0800] === ITERATION START ===
T: You've hit your usage limit for Opus You've saved $111 on API model usage this month with Pro+. Switch to a different model or set a Spend Limit to continue with Opus. Your usage limits will reset when your monthly cycle ends on 3/3/2026.
[2026-02-04T07:05:04+0800] Continue in 2s...
[2026-02-04T07:05:06+0800] === ITERATION START ===
T: You've hit your usage limit for Opus You've saved $111 on API model usage this month with Pro+. Switch to a different model or set a Spend Limit to continue with Opus. Your usage limits will reset when your monthly cycle ends on 3/3/2026.
[2026-02-04T07:05:11+0800] Continue in 2s...
[2026-02-04T07:05:14+0800] === ITERATION START ===
T: You've hit your usage limit for Opus You've saved $111 on API model usage this month with Pro+. Switch to a different model or set a Spend Limit to continue with Opus. Your usage limits will reset when your monthly cycle ends on 3/3/2026.
[2026-02-04T07:05:19+0800] Continue in 2s...
[2026-02-04T07:05:21+0800] === ITERATION START ===
T: You've hit your usage limit for Opus You've saved $111 on API model usage this month with Pro+. Switch to a different model or set a Spend Limit to continue with Opus. Your usage limits will reset when your monthly cycle ends on 3/3/2026.
[2026-02-04T07:05:27+0800] Continue in 2s...
[2026-02-04T07:05:29+0800] === ITERATION START ===
T: You've hit your usage limit for Opus You've saved $111 on API model usage this month with Pro+. Switch to a different model or set a Spend Limit to continue with Opus. Your usage limits will reset when your monthly cycle ends on 3/3/2026.
[2026-02-04T07:05:35+0800] Continue in 2s...
[2026-02-04T07:05:37+0800] === ITERATION START ===
T: You've hit your usage limit for Opus You've saved $111 on API model usage this month with Pro+. Switch to a different model or set a Spend Limit to continue with Opus. Your usage limits will reset when your monthly cycle ends on 3/3/2026.
[2026-02-04T07:05:43+0800] Continue in 2s...
[2026-02-04T07:05:45+0800] === ITERATION START ===
T: You've hit your usage limit for Opus You've saved $111 on API model usage this month with Pro+. Switch to a different model or set a Spend Limit to continue with Opus. Your usage limits will reset when your monthly cycle ends on 3/3/2026.
[2026-02-04T07:05:50+0800] Continue in 2s...
[2026-02-04T07:05:52+0800] === ITERATION START ===
T: You've hit your usage limit for Opus You've saved $111 on API model usage this month with Pro+. Switch to a different model or set a Spend Limit to continue with Opus. Your usage limits will reset when your monthly cycle ends on 3/3/2026.
[2026-02-04T07:05:58+0800] Continue in 2s...
[2026-02-04T07:06:00+0800] === ITERATION START ===
T: You've hit your usage limit for Opus You've saved $111 on API model usage this month with Pro+. Switch to a different model or set a Spend Limit to continue with Opus. Your usage limits will reset when your monthly cycle ends on 3/3/2026.
[2026-02-04T07:06:06+0800] Continue in 2s...
[2026-02-04T07:06:08+0800] === ITERATION START ===
T: You've hit your usage limit for Opus You've saved $111 on API model usage this month with Pro+. Switch to a different model or set a Spend Limit to continue with Opus. Your usage limits will reset when your monthly cycle ends on 3/3/2026.
[2026-02-04T07:06:13+0800] Continue in 2s...
[2026-02-04T07:06:16+0800] === ITERATION START ===
T: You've hit your usage limit for Opus You've saved $111 on API model usage this month with Pro+. Switch to a different model or set a Spend Limit to continue with Opus. Your usage limits will reset when your monthly cycle ends on 3/3/2026.
[2026-02-04T07:06:21+0800] Continue in 2s...
[2026-02-04T07:06:23+0800] === ITERATION START ===
T: You've hit your usage limit for Opus You've saved $111 on API model usage this month with Pro+. Switch to a different model or set a Spend Limit to continue with Opus. Your usage limits will reset when your monthly cycle ends on 3/3/2026.
[2026-02-04T07:06:29+0800] Continue in 2s...
[2026-02-04T07:06:31+0800] === ITERATION START ===
Error: ENOENT: no such file or directory, rename '/Users/youfeini/.cursor/cli-config.json.tmp' -> '/Users/youfeini/.cursor/cli-config.json'
[2026-02-04T07:06:36+0800] Continue in 2s...
[2026-02-04T07:06:38+0800] === ITERATION START ===
T: You've hit your usage limit for Opus You've saved $111 on API model usage this month with Pro+. Switch to a different model or set a Spend Limit to continue with Opus. Your usage limits will reset when your monthly cycle ends on 3/3/2026.
[2026-02-04T07:06:43+0800] Continue in 2s...
[2026-02-04T07:06:45+0800] === ITERATION START ===
T: You've hit your usage limit for Opus You've saved $111 on API model usage this month with Pro+. Switch to a different model or set a Spend Limit to continue with Opus. Your usage limits will reset when your monthly cycle ends on 3/3/2026.
[2026-02-04T07:06:51+0800] Continue in 2s...
[2026-02-04T07:06:53+0800] === ITERATION START ===
T: You've hit your usage limit for Opus You've saved $111 on API model usage this month with Pro+. Switch to a different model or set a Spend Limit to continue with Opus. Your usage limits will reset when your monthly cycle ends on 3/3/2026.
[2026-02-04T07:06:58+0800] Continue in 2s...
[2026-02-04T07:07:00+0800] === ITERATION START ===
T: You've hit your usage limit for Opus You've saved $111 on API model usage this month with Pro+. Switch to a different model or set a Spend Limit to continue with Opus. Your usage limits will reset when your monthly cycle ends on 3/3/2026.
[2026-02-04T07:07:06+0800] Continue in 2s...
[2026-02-04T07:07:08+0800] === ITERATION START ===
T: You've hit your usage limit for Opus You've saved $111 on API model usage this month with Pro+. Switch to a different model or set a Spend Limit to continue with Opus. Your usage limits will reset when your monthly cycle ends on 3/3/2026.
[2026-02-04T07:07:13+0800] Continue in 2s...
[2026-02-04T07:07:15+0800] === ITERATION START ===
T: You've hit your usage limit for Opus You've saved $111 on API model usage this month with Pro+. Switch to a different model or set a Spend Limit to continue with Opus. Your usage limits will reset when your monthly cycle ends on 3/3/2026.
[2026-02-04T07:07:21+0800] Continue in 2s...
[2026-02-04T07:07:23+0800] === ITERATION START ===
T: You've hit your usage limit for Opus You've saved $111 on API model usage this month with Pro+. Switch to a different model or set a Spend Limit to continue with Opus. Your usage limits will reset when your monthly cycle ends on 3/3/2026.
[2026-02-04T07:07:28+0800] Continue in 2s...
[2026-02-04T07:07:30+0800] === ITERATION START ===
T: You've hit your usage limit for Opus You've saved $111 on API model usage this month with Pro+. Switch to a different model or set a Spend Limit to continue with Opus. Your usage limits will reset when your monthly cycle ends on 3/3/2026.
[2026-02-04T07:07:37+0800] Continue in 2s...
[2026-02-04T07:07:39+0800] === ITERATION START ===
T: You've hit your usage limit for Opus You've saved $111 on API model usage this month with Pro+. Switch to a different model or set a Spend Limit to continue with Opus. Your usage limits will reset when your monthly cycle ends on 3/3/2026.
[2026-02-04T07:07:44+0800] Continue in 2s...
[2026-02-04T07:07:46+0800] === ITERATION START ===
T: You've hit your usage limit for Opus You've saved $111 on API model usage this month with Pro+. Switch to a different model or set a Spend Limit to continue with Opus. Your usage limits will reset when your monthly cycle ends on 3/3/2026.
[2026-02-04T07:07:52+0800] Continue in 2s...
[2026-02-04T07:07:54+0800] === ITERATION START ===
T: You've hit your usage limit for Opus You've saved $111 on API model usage this month with Pro+. Switch to a different model or set a Spend Limit to continue with Opus. Your usage limits will reset when your monthly cycle ends on 3/3/2026.
[2026-02-04T07:07:59+0800] Continue in 2s...
[2026-02-04T07:08:01+0800] === ITERATION START ===
T: You've hit your usage limit for Opus You've saved $111 on API model usage this month with Pro+. Switch to a different model or set a Spend Limit to continue with Opus. Your usage limits will reset when your monthly cycle ends on 3/3/2026.
[2026-02-04T07:08:07+0800] Continue in 2s...
[2026-02-04T07:08:09+0800] === ITERATION START ===
T: You've hit your usage limit for Opus You've saved $111 on API model usage this month with Pro+. Switch to a different model or set a Spend Limit to continue with Opus. Your usage limits will reset when your monthly cycle ends on 3/3/2026.
[2026-02-04T07:08:15+0800] Continue in 2s...
[2026-02-04T07:08:17+0800] === ITERATION START ===
T: You've hit your usage limit for Opus You've saved $111 on API model usage this month with Pro+. Switch to a different model or set a Spend Limit to continue with Opus. Your usage limits will reset when your monthly cycle ends on 3/3/2026.
[2026-02-04T07:08:22+0800] Continue in 2s...
[2026-02-04T07:08:24+0800] === ITERATION START ===
T: You've hit your usage limit for Opus You've saved $111 on API model usage this month with Pro+. Switch to a different model or set a Spend Limit to continue with Opus. Your usage limits will reset when your monthly cycle ends on 3/3/2026.
[2026-02-04T07:08:30+0800] Continue in 2s...
[2026-02-04T07:08:32+0800] === ITERATION START ===
T: You've hit your usage limit for Opus You've saved $111 on API model usage this month with Pro+. Switch to a different model or set a Spend Limit to continue with Opus. Your usage limits will reset when your monthly cycle ends on 3/3/2026.
[2026-02-04T07:08:37+0800] Continue in 2s...
[2026-02-04T07:08:39+0800] === ITERATION START ===
T: You've hit your usage limit for Opus You've saved $111 on API model usage this month with Pro+. Switch to a different model or set a Spend Limit to continue with Opus. Your usage limits will reset when your monthly cycle ends on 3/3/2026.
[2026-02-04T07:08:45+0800] Continue in 2s...
[2026-02-04T07:08:47+0800] === ITERATION START ===
T: You've hit your usage limit for Opus You've saved $111 on API model usage this month with Pro+. Switch to a different model or set a Spend Limit to continue with Opus. Your usage limits will reset when your monthly cycle ends on 3/3/2026.
[2026-02-04T07:08:53+0800] Continue in 2s...
[2026-02-04T07:08:55+0800] === ITERATION START ===
T: You've hit your usage limit for Opus You've saved $111 on API model usage this month with Pro+. Switch to a different model or set a Spend Limit to continue with Opus. Your usage limits will reset when your monthly cycle ends on 3/3/2026.
[2026-02-04T07:09:00+0800] Continue in 2s...
[2026-02-04T07:09:02+0800] === ITERATION START ===
T: You've hit your usage limit for Opus You've saved $111 on API model usage this month with Pro+. Switch to a different model or set a Spend Limit to continue with Opus. Your usage limits will reset when your monthly cycle ends on 3/3/2026.
[2026-02-04T07:09:08+0800] Continue in 2s...
[2026-02-04T07:09:10+0800] === ITERATION START ===
T: You've hit your usage limit for Opus You've saved $111 on API model usage this month with Pro+. Switch to a different model or set a Spend Limit to continue with Opus. Your usage limits will reset when your monthly cycle ends on 3/3/2026.
[2026-02-04T07:09:15+0800] Continue in 2s...
[2026-02-04T07:09:17+0800] === ITERATION START ===
T: You've hit your usage limit for Opus You've saved $111 on API model usage this month with Pro+. Switch to a different model or set a Spend Limit to continue with Opus. Your usage limits will reset when your monthly cycle ends on 3/3/2026.
[2026-02-04T07:09:23+0800] Continue in 2s...
[2026-02-04T07:09:25+0800] === ITERATION START ===
T: You've hit your usage limit for Opus You've saved $111 on API model usage this month with Pro+. Switch to a different model or set a Spend Limit to continue with Opus. Your usage limits will reset when your monthly cycle ends on 3/3/2026.
[2026-02-04T07:09:30+0800] Continue in 2s...
[2026-02-04T07:09:32+0800] === ITERATION START ===
T: You've hit your usage limit for Opus You've saved $111 on API model usage this month with Pro+. Switch to a different model or set a Spend Limit to continue with Opus. Your usage limits will reset when your monthly cycle ends on 3/3/2026.
[2026-02-04T07:09:38+0800] Continue in 2s...
[2026-02-04T07:09:40+0800] === ITERATION START ===
T: You've hit your usage limit for Opus You've saved $111 on API model usage this month with Pro+. Switch to a different model or set a Spend Limit to continue with Opus. Your usage limits will reset when your monthly cycle ends on 3/3/2026.
[2026-02-04T07:09:45+0800] Continue in 2s...
[2026-02-04T07:09:47+0800] === ITERATION START ===
T: You've hit your usage limit for Opus You've saved $111 on API model usage this month with Pro+. Switch to a different model or set a Spend Limit to continue with Opus. Your usage limits will reset when your monthly cycle ends on 3/3/2026.
[2026-02-04T07:09:54+0800] Continue in 2s...
[2026-02-04T07:09:56+0800] === ITERATION START ===
T: You've hit your usage limit for Opus You've saved $111 on API model usage this month with Pro+. Switch to a different model or set a Spend Limit to continue with Opus. Your usage limits will reset when your monthly cycle ends on 3/3/2026.
[2026-02-04T07:10:01+0800] Continue in 2s...
[2026-02-04T07:10:03+0800] === ITERATION START ===
T: You've hit your usage limit for Opus You've saved $111 on API model usage this month with Pro+. Switch to a different model or set a Spend Limit to continue with Opus. Your usage limits will reset when your monthly cycle ends on 3/3/2026.
[2026-02-04T07:10:09+0800] Continue in 2s...
[2026-02-04T07:10:11+0800] === ITERATION START ===
T: You've hit your usage limit for Opus You've saved $111 on API model usage this month with Pro+. Switch to a different model or set a Spend Limit to continue with Opus. Your usage limits will reset when your monthly cycle ends on 3/3/2026.
[2026-02-04T07:10:16+0800] Continue in 2s...
[2026-02-04T07:10:18+0800] === ITERATION START ===
T: You've hit your usage limit for Opus You've saved $111 on API model usage this month with Pro+. Switch to a different model or set a Spend Limit to continue with Opus. Your usage limits will reset when your monthly cycle ends on 3/3/2026.
[2026-02-04T07:10:24+0800] Continue in 2s...
[2026-02-04T07:10:26+0800] === ITERATION START ===
T: You've hit your usage limit for Opus You've saved $111 on API model usage this month with Pro+. Switch to a different model or set a Spend Limit to continue with Opus. Your usage limits will reset when your monthly cycle ends on 3/3/2026.
[2026-02-04T07:10:31+0800] Continue in 2s...
[2026-02-04T07:10:33+0800] === ITERATION START ===
T: You've hit your usage limit for Opus You've saved $111 on API model usage this month with Pro+. Switch to a different model or set a Spend Limit to continue with Opus. Your usage limits will reset when your monthly cycle ends on 3/3/2026.
[2026-02-04T07:10:39+0800] Continue in 2s...
[2026-02-04T07:10:41+0800] === ITERATION START ===
T: You've hit your usage limit for Opus You've saved $111 on API model usage this month with Pro+. Switch to a different model or set a Spend Limit to continue with Opus. Your usage limits will reset when your monthly cycle ends on 3/3/2026.
[2026-02-04T07:10:46+0800] Continue in 2s...
[2026-02-04T07:10:48+0800] === ITERATION START ===
T: You've hit your usage limit for Opus You've saved $111 on API model usage this month with Pro+. Switch to a different model or set a Spend Limit to continue with Opus. Your usage limits will reset when your monthly cycle ends on 3/3/2026.
[2026-02-04T07:10:53+0800] Continue in 2s...
[2026-02-04T07:10:56+0800] === ITERATION START ===
T: You've hit your usage limit for Opus You've saved $111 on API model usage this month with Pro+. Switch to a different model or set a Spend Limit to continue with Opus. Your usage limits will reset when your monthly cycle ends on 3/3/2026.
[2026-02-04T07:11:01+0800] Continue in 2s...
[2026-02-04T07:11:03+0800] === ITERATION START ===
T: You've hit your usage limit for Opus You've saved $111 on API model usage this month with Pro+. Switch to a different model or set a Spend Limit to continue with Opus. Your usage limits will reset when your monthly cycle ends on 3/3/2026.
[2026-02-04T07:11:08+0800] Continue in 2s...
[2026-02-04T07:11:10+0800] === ITERATION START ===
T: You've hit your usage limit for Opus You've saved $111 on API model usage this month with Pro+. Switch to a different model or set a Spend Limit to continue with Opus. Your usage limits will reset when your monthly cycle ends on 3/3/2026.
[2026-02-04T07:11:16+0800] Continue in 2s...
[2026-02-04T07:11:18+0800] === ITERATION START ===
T: You've hit your usage limit for Opus You've saved $111 on API model usage this month with Pro+. Switch to a different model or set a Spend Limit to continue with Opus. Your usage limits will reset when your monthly cycle ends on 3/3/2026.
[2026-02-04T07:11:24+0800] Continue in 2s...
[2026-02-04T07:11:26+0800] === ITERATION START ===
T: You've hit your usage limit for Opus You've saved $111 on API model usage this month with Pro+. Switch to a different model or set a Spend Limit to continue with Opus. Your usage limits will reset when your monthly cycle ends on 3/3/2026.
[2026-02-04T07:11:31+0800] Continue in 2s...
[2026-02-04T07:11:33+0800] === ITERATION START ===
T: You've hit your usage limit for Opus You've saved $111 on API model usage this month with Pro+. Switch to a different model or set a Spend Limit to continue with Opus. Your usage limits will reset when your monthly cycle ends on 3/3/2026.
[2026-02-04T07:11:39+0800] Continue in 2s...
[2026-02-04T07:11:41+0800] === ITERATION START ===
T: You've hit your usage limit for Opus You've saved $111 on API model usage this month with Pro+. Switch to a different model or set a Spend Limit to continue with Opus. Your usage limits will reset when your monthly cycle ends on 3/3/2026.
[2026-02-04T07:11:46+0800] Continue in 2s...
[2026-02-04T07:11:48+0800] === ITERATION START ===
T: You've hit your usage limit for Opus You've saved $111 on API model usage this month with Pro+. Switch to a different model or set a Spend Limit to continue with Opus. Your usage limits will reset when your monthly cycle ends on 3/3/2026.
[2026-02-04T07:11:54+0800] Continue in 2s...
[2026-02-04T07:11:56+0800] === ITERATION START ===
T: You've hit your usage limit for Opus You've saved $111 on API model usage this month with Pro+. Switch to a different model or set a Spend Limit to continue with Opus. Your usage limits will reset when your monthly cycle ends on 3/3/2026.
[2026-02-04T07:12:01+0800] Continue in 2s...
[2026-02-04T07:12:03+0800] === ITERATION START ===
T: You've hit your usage limit for Opus You've saved $111 on API model usage this month with Pro+. Switch to a different model or set a Spend Limit to continue with Opus. Your usage limits will reset when your monthly cycle ends on 3/3/2026.
[2026-02-04T07:12:09+0800] Continue in 2s...
[2026-02-04T07:12:11+0800] === ITERATION START ===
T: You've hit your usage limit for Opus You've saved $111 on API model usage this month with Pro+. Switch to a different model or set a Spend Limit to continue with Opus. Your usage limits will reset when your monthly cycle ends on 3/3/2026.
[2026-02-04T07:12:16+0800] Continue in 2s...
[2026-02-04T07:12:18+0800] === ITERATION START ===
T: You've hit your usage limit for Opus You've saved $111 on API model usage this month with Pro+. Switch to a different model or set a Spend Limit to continue with Opus. Your usage limits will reset when your monthly cycle ends on 3/3/2026.
[2026-02-04T07:12:24+0800] Continue in 2s...
[2026-02-04T07:12:26+0800] === ITERATION START ===
T: You've hit your usage limit for Opus You've saved $111 on API model usage this month with Pro+. Switch to a different model or set a Spend Limit to continue with Opus. Your usage limits will reset when your monthly cycle ends on 3/3/2026.
[2026-02-04T07:12:32+0800] Continue in 2s...
[2026-02-04T07:12:34+0800] === ITERATION START ===
T: You've hit your usage limit for Opus You've saved $111 on API model usage this month with Pro+. Switch to a different model or set a Spend Limit to continue with Opus. Your usage limits will reset when your monthly cycle ends on 3/3/2026.
[2026-02-04T07:12:39+0800] Continue in 2s...
[2026-02-04T07:12:41+0800] === ITERATION START ===
T: You've hit your usage limit for Opus You've saved $111 on API model usage this month with Pro+. Switch to a different model or set a Spend Limit to continue with Opus. Your usage limits will reset when your monthly cycle ends on 3/3/2026.
[2026-02-04T07:12:47+0800] Continue in 2s...
[2026-02-04T07:12:49+0800] === ITERATION START ===
T: You've hit your usage limit for Opus You've saved $111 on API model usage this month with Pro+. Switch to a different model or set a Spend Limit to continue with Opus. Your usage limits will reset when your monthly cycle ends on 3/3/2026.
[2026-02-04T07:12:54+0800] Continue in 2s...
[2026-02-04T07:12:56+0800] === ITERATION START ===
T: You've hit your usage limit for Opus You've saved $111 on API model usage this month with Pro+. Switch to a different model or set a Spend Limit to continue with Opus. Your usage limits will reset when your monthly cycle ends on 3/3/2026.
[2026-02-04T07:13:02+0800] Continue in 2s...
[2026-02-04T07:13:04+0800] === ITERATION START ===
T: You've hit your usage limit for Opus You've saved $111 on API model usage this month with Pro+. Switch to a different model or set a Spend Limit to continue with Opus. Your usage limits will reset when your monthly cycle ends on 3/3/2026.
[2026-02-04T07:13:09+0800] Continue in 2s...
[2026-02-04T07:13:11+0800] === ITERATION START ===
T: You've hit your usage limit for Opus You've saved $111 on API model usage this month with Pro+. Switch to a different model or set a Spend Limit to continue with Opus. Your usage limits will reset when your monthly cycle ends on 3/3/2026.
[2026-02-04T07:13:17+0800] Continue in 2s...
[2026-02-04T07:13:19+0800] === ITERATION START ===
T: You've hit your usage limit for Opus You've saved $111 on API model usage this month with Pro+. Switch to a different model or set a Spend Limit to continue with Opus. Your usage limits will reset when your monthly cycle ends on 3/3/2026.
[2026-02-04T07:13:24+0800] Continue in 2s...
[2026-02-04T07:13:26+0800] === ITERATION START ===
T: You've hit your usage limit for Opus You've saved $111 on API model usage this month with Pro+. Switch to a different model or set a Spend Limit to continue with Opus. Your usage limits will reset when your monthly cycle ends on 3/3/2026.
[2026-02-04T07:13:32+0800] Continue in 2s...
[2026-02-04T07:13:35+0800] === ITERATION START ===
T: You've hit your usage limit for Opus You've saved $111 on API model usage this month with Pro+. Switch to a different model or set a Spend Limit to continue with Opus. Your usage limits will reset when your monthly cycle ends on 3/3/2026.
[2026-02-04T07:13:42+0800] Continue in 2s...
[2026-02-04T07:13:44+0800] === ITERATION START ===
T: You've hit your usage limit for Opus You've saved $111 on API model usage this month with Pro+. Switch to a different model or set a Spend Limit to continue with Opus. Your usage limits will reset when your monthly cycle ends on 3/3/2026.
[2026-02-04T07:13:51+0800] Continue in 2s...
[2026-02-04T07:13:53+0800] === ITERATION START ===
T: You've hit your usage limit for Opus You've saved $111 on API model usage this month with Pro+. Switch to a different model or set a Spend Limit to continue with Opus. Your usage limits will reset when your monthly cycle ends on 3/3/2026.
[2026-02-04T07:13:59+0800] Continue in 2s...
[2026-02-04T07:14:01+0800] === ITERATION START ===
T: You've hit your usage limit for Opus You've saved $111 on API model usage this month with Pro+. Switch to a different model or set a Spend Limit to continue with Opus. Your usage limits will reset when your monthly cycle ends on 3/3/2026.
[2026-02-04T07:14:07+0800] Continue in 2s...
[2026-02-04T07:14:09+0800] === ITERATION START ===
T: You've hit your usage limit for Opus You've saved $111 on API model usage this month with Pro+. Switch to a different model or set a Spend Limit to continue with Opus. Your usage limits will reset when your monthly cycle ends on 3/3/2026.
[2026-02-04T07:14:14+0800] Continue in 2s...
[2026-02-04T07:14:16+0800] === ITERATION START ===
T: You've hit your usage limit for Opus You've saved $111 on API model usage this month with Pro+. Switch to a different model or set a Spend Limit to continue with Opus. Your usage limits will reset when your monthly cycle ends on 3/3/2026.
[2026-02-04T07:14:22+0800] Continue in 2s...
[2026-02-04T07:14:24+0800] === ITERATION START ===
T: You've hit your usage limit for Opus You've saved $111 on API model usage this month with Pro+. Switch to a different model or set a Spend Limit to continue with Opus. Your usage limits will reset when your monthly cycle ends on 3/3/2026.
[2026-02-04T07:14:29+0800] Continue in 2s...
[2026-02-04T07:14:31+0800] === ITERATION START ===
T: You've hit your usage limit for Opus You've saved $111 on API model usage this month with Pro+. Switch to a different model or set a Spend Limit to continue with Opus. Your usage limits will reset when your monthly cycle ends on 3/3/2026.
[2026-02-04T07:14:37+0800] Continue in 2s...
[2026-02-04T07:14:39+0800] === ITERATION START ===
T: You've hit your usage limit for Opus You've saved $111 on API model usage this month with Pro+. Switch to a different model or set a Spend Limit to continue with Opus. Your usage limits will reset when your monthly cycle ends on 3/3/2026.
[2026-02-04T07:14:44+0800] Continue in 2s...
[2026-02-04T07:14:46+0800] === ITERATION START ===
T: You've hit your usage limit for Opus You've saved $111 on API model usage this month with Pro+. Switch to a different model or set a Spend Limit to continue with Opus. Your usage limits will reset when your monthly cycle ends on 3/3/2026.
[2026-02-04T07:14:52+0800] Continue in 2s...
[2026-02-04T07:14:54+0800] === ITERATION START ===
T: You've hit your usage limit for Opus You've saved $111 on API model usage this month with Pro+. Switch to a different model or set a Spend Limit to continue with Opus. Your usage limits will reset when your monthly cycle ends on 3/3/2026.
[2026-02-04T07:14:59+0800] Continue in 2s...
[2026-02-04T07:15:01+0800] === ITERATION START ===
T: You've hit your usage limit for Opus You've saved $111 on API model usage this month with Pro+. Switch to a different model or set a Spend Limit to continue with Opus. Your usage limits will reset when your monthly cycle ends on 3/3/2026.
[2026-02-04T07:15:06+0800] Continue in 2s...
[2026-02-04T07:15:08+0800] === ITERATION START ===
T: You've hit your usage limit for Opus You've saved $111 on API model usage this month with Pro+. Switch to a different model or set a Spend Limit to continue with Opus. Your usage limits will reset when your monthly cycle ends on 3/3/2026.
[2026-02-04T07:15:14+0800] Continue in 2s...
[2026-02-04T07:15:16+0800] === ITERATION START ===
T: You've hit your usage limit for Opus You've saved $111 on API model usage this month with Pro+. Switch to a different model or set a Spend Limit to continue with Opus. Your usage limits will reset when your monthly cycle ends on 3/3/2026.
[2026-02-04T07:15:21+0800] Continue in 2s...
[2026-02-04T07:15:23+0800] === ITERATION START ===
T: You've hit your usage limit for Opus You've saved $111 on API model usage this month with Pro+. Switch to a different model or set a Spend Limit to continue with Opus. Your usage limits will reset when your monthly cycle ends on 3/3/2026.
[2026-02-04T07:15:29+0800] Continue in 2s...
[2026-02-04T07:15:31+0800] === ITERATION START ===
T: You've hit your usage limit for Opus You've saved $111 on API model usage this month with Pro+. Switch to a different model or set a Spend Limit to continue with Opus. Your usage limits will reset when your monthly cycle ends on 3/3/2026.
[2026-02-04T07:15:36+0800] Continue in 2s...
[2026-02-04T07:15:39+0800] === ITERATION START ===
T: You've hit your usage limit for Opus You've saved $111 on API model usage this month with Pro+. Switch to a different model or set a Spend Limit to continue with Opus. Your usage limits will reset when your monthly cycle ends on 3/3/2026.
[2026-02-04T07:15:44+0800] Continue in 2s...
[2026-02-04T07:15:46+0800] === ITERATION START ===
T: You've hit your usage limit for Opus You've saved $111 on API model usage this month with Pro+. Switch to a different model or set a Spend Limit to continue with Opus. Your usage limits will reset when your monthly cycle ends on 3/3/2026.
[2026-02-04T07:15:52+0800] Continue in 2s...
[2026-02-04T07:15:54+0800] === ITERATION START ===
T: You've hit your usage limit for Opus You've saved $111 on API model usage this month with Pro+. Switch to a different model or set a Spend Limit to continue with Opus. Your usage limits will reset when your monthly cycle ends on 3/3/2026.
[2026-02-04T07:15:59+0800] Continue in 2s...
[2026-02-04T07:16:01+0800] === ITERATION START ===
T: You've hit your usage limit for Opus You've saved $111 on API model usage this month with Pro+. Switch to a different model or set a Spend Limit to continue with Opus. Your usage limits will reset when your monthly cycle ends on 3/3/2026.
[2026-02-04T07:16:07+0800] Continue in 2s...
[2026-02-04T07:16:09+0800] === ITERATION START ===
T: You've hit your usage limit for Opus You've saved $111 on API model usage this month with Pro+. Switch to a different model or set a Spend Limit to continue with Opus. Your usage limits will reset when your monthly cycle ends on 3/3/2026.
[2026-02-04T07:16:14+0800] Continue in 2s...
[2026-02-04T07:16:16+0800] === ITERATION START ===
T: You've hit your usage limit for Opus You've saved $111 on API model usage this month with Pro+. Switch to a different model or set a Spend Limit to continue with Opus. Your usage limits will reset when your monthly cycle ends on 3/3/2026.
[2026-02-04T07:16:22+0800] Continue in 2s...
[2026-02-04T07:16:24+0800] === ITERATION START ===
T: You've hit your usage limit for Opus You've saved $111 on API model usage this month with Pro+. Switch to a different model or set a Spend Limit to continue with Opus. Your usage limits will reset when your monthly cycle ends on 3/3/2026.
[2026-02-04T07:16:30+0800] Continue in 2s...
[2026-02-04T07:16:32+0800] === ITERATION START ===
T: You've hit your usage limit for Opus You've saved $111 on API model usage this month with Pro+. Switch to a different model or set a Spend Limit to continue with Opus. Your usage limits will reset when your monthly cycle ends on 3/3/2026.
[2026-02-04T07:16:38+0800] Continue in 2s...
[2026-02-04T07:16:40+0800] === ITERATION START ===
T: You've hit your usage limit for Opus You've saved $111 on API model usage this month with Pro+. Switch to a different model or set a Spend Limit to continue with Opus. Your usage limits will reset when your monthly cycle ends on 3/3/2026.
[2026-02-04T07:16:45+0800] Continue in 2s...
[2026-02-04T07:16:47+0800] === ITERATION START ===
T: You've hit your usage limit for Opus You've saved $111 on API model usage this month with Pro+. Switch to a different model or set a Spend Limit to continue with Opus. Your usage limits will reset when your monthly cycle ends on 3/3/2026.
[2026-02-04T07:16:53+0800] Continue in 2s...
[2026-02-04T07:16:55+0800] === ITERATION START ===
T: You've hit your usage limit for Opus You've saved $111 on API model usage this month with Pro+. Switch to a different model or set a Spend Limit to continue with Opus. Your usage limits will reset when your monthly cycle ends on 3/3/2026.
[2026-02-04T07:17:00+0800] Continue in 2s...
[2026-02-04T07:17:02+0800] === ITERATION START ===
T: You've hit your usage limit for Opus You've saved $111 on API model usage this month with Pro+. Switch to a different model or set a Spend Limit to continue with Opus. Your usage limits will reset when your monthly cycle ends on 3/3/2026.
[2026-02-04T07:17:08+0800] Continue in 2s...
[2026-02-04T07:17:10+0800] === ITERATION START ===
T: You've hit your usage limit for Opus You've saved $111 on API model usage this month with Pro+. Switch to a different model or set a Spend Limit to continue with Opus. Your usage limits will reset when your monthly cycle ends on 3/3/2026.
[2026-02-04T07:17:15+0800] Continue in 2s...
[2026-02-04T07:17:17+0800] === ITERATION START ===
T: You've hit your usage limit for Opus You've saved $111 on API model usage this month with Pro+. Switch to a different model or set a Spend Limit to continue with Opus. Your usage limits will reset when your monthly cycle ends on 3/3/2026.
[2026-02-04T07:17:23+0800] Continue in 2s...
[2026-02-04T07:17:25+0800] === ITERATION START ===
T: You've hit your usage limit for Opus You've saved $111 on API model usage this month with Pro+. Switch to a different model or set a Spend Limit to continue with Opus. Your usage limits will reset when your monthly cycle ends on 3/3/2026.
[2026-02-04T07:17:30+0800] Continue in 2s...
[2026-02-04T07:17:32+0800] === ITERATION START ===
T: You've hit your usage limit for Opus You've saved $111 on API model usage this month with Pro+. Switch to a different model or set a Spend Limit to continue with Opus. Your usage limits will reset when your monthly cycle ends on 3/3/2026.
[2026-02-04T07:17:38+0800] Continue in 2s...
[2026-02-04T07:17:40+0800] === ITERATION START ===
T: You've hit your usage limit for Opus You've saved $111 on API model usage this month with Pro+. Switch to a different model or set a Spend Limit to continue with Opus. Your usage limits will reset when your monthly cycle ends on 3/3/2026.
[2026-02-04T07:17:45+0800] Continue in 2s...
[2026-02-04T07:17:47+0800] === ITERATION START ===
T: You've hit your usage limit for Opus You've saved $111 on API model usage this month with Pro+. Switch to a different model or set a Spend Limit to continue with Opus. Your usage limits will reset when your monthly cycle ends on 3/3/2026.
[2026-02-04T07:17:53+0800] Continue in 2s...
[2026-02-04T07:17:55+0800] === ITERATION START ===
T: You've hit your usage limit for Opus You've saved $111 on API model usage this month with Pro+. Switch to a different model or set a Spend Limit to continue with Opus. Your usage limits will reset when your monthly cycle ends on 3/3/2026.
[2026-02-04T07:18:00+0800] Continue in 2s...
[2026-02-04T07:18:02+0800] === ITERATION START ===
T: You've hit your usage limit for Opus You've saved $111 on API model usage this month with Pro+. Switch to a different model or set a Spend Limit to continue with Opus. Your usage limits will reset when your monthly cycle ends on 3/3/2026.
[2026-02-04T07:18:08+0800] Continue in 2s...
[2026-02-04T07:18:10+0800] === ITERATION START ===
T: You've hit your usage limit for Opus You've saved $111 on API model usage this month with Pro+. Switch to a different model or set a Spend Limit to continue with Opus. Your usage limits will reset when your monthly cycle ends on 3/3/2026.
[2026-02-04T07:18:15+0800] Continue in 2s...
[2026-02-04T07:18:17+0800] === ITERATION START ===
T: You've hit your usage limit for Opus You've saved $111 on API model usage this month with Pro+. Switch to a different model or set a Spend Limit to continue with Opus. Your usage limits will reset when your monthly cycle ends on 3/3/2026.
[2026-02-04T07:18:23+0800] Continue in 2s...
[2026-02-04T07:18:25+0800] === ITERATION START ===
T: You've hit your usage limit for Opus You've saved $111 on API model usage this month with Pro+. Switch to a different model or set a Spend Limit to continue with Opus. Your usage limits will reset when your monthly cycle ends on 3/3/2026.
[2026-02-04T07:18:30+0800] Continue in 2s...
[2026-02-04T07:18:32+0800] === ITERATION START ===
T: You've hit your usage limit for Opus You've saved $111 on API model usage this month with Pro+. Switch to a different model or set a Spend Limit to continue with Opus. Your usage limits will reset when your monthly cycle ends on 3/3/2026.
[2026-02-04T07:18:38+0800] Continue in 2s...
[2026-02-04T07:18:40+0800] === ITERATION START ===
T: You've hit your usage limit for Opus You've saved $111 on API model usage this month with Pro+. Switch to a different model or set a Spend Limit to continue with Opus. Your usage limits will reset when your monthly cycle ends on 3/3/2026.
[2026-02-04T07:18:45+0800] Continue in 2s...
[2026-02-04T07:18:47+0800] === ITERATION START ===
T: You've hit your usage limit for Opus You've saved $111 on API model usage this month with Pro+. Switch to a different model or set a Spend Limit to continue with Opus. Your usage limits will reset when your monthly cycle ends on 3/3/2026.
[2026-02-04T07:18:53+0800] Continue in 2s...
[2026-02-04T07:18:55+0800] === ITERATION START ===
T: You've hit your usage limit for Opus You've saved $111 on API model usage this month with Pro+. Switch to a different model or set a Spend Limit to continue with Opus. Your usage limits will reset when your monthly cycle ends on 3/3/2026.
[2026-02-04T07:19:01+0800] Continue in 2s...
[2026-02-04T07:19:03+0800] === ITERATION START ===
T: You've hit your usage limit for Opus You've saved $111 on API model usage this month with Pro+. Switch to a different model or set a Spend Limit to continue with Opus. Your usage limits will reset when your monthly cycle ends on 3/3/2026.
[2026-02-04T07:19:08+0800] Continue in 2s...
[2026-02-04T07:19:10+0800] === ITERATION START ===
T: You've hit your usage limit for Opus You've saved $111 on API model usage this month with Pro+. Switch to a different model or set a Spend Limit to continue with Opus. Your usage limits will reset when your monthly cycle ends on 3/3/2026.
[2026-02-04T07:19:16+0800] Continue in 2s...
[2026-02-04T07:19:18+0800] === ITERATION START ===
T: You've hit your usage limit for Opus You've saved $111 on API model usage this month with Pro+. Switch to a different model or set a Spend Limit to continue with Opus. Your usage limits will reset when your monthly cycle ends on 3/3/2026.
[2026-02-04T07:19:23+0800] Continue in 2s...
[2026-02-04T07:19:25+0800] === ITERATION START ===
T: You've hit your usage limit for Opus You've saved $111 on API model usage this month with Pro+. Switch to a different model or set a Spend Limit to continue with Opus. Your usage limits will reset when your monthly cycle ends on 3/3/2026.
[2026-02-04T07:19:31+0800] Continue in 2s...
[2026-02-04T07:19:33+0800] === ITERATION START ===
T: You've hit your usage limit for Opus You've saved $111 on API model usage this month with Pro+. Switch to a different model or set a Spend Limit to continue with Opus. Your usage limits will reset when your monthly cycle ends on 3/3/2026.
[2026-02-04T07:19:38+0800] Continue in 2s...
[2026-02-04T07:19:41+0800] === ITERATION START ===
T: You've hit your usage limit for Opus You've saved $111 on API model usage this month with Pro+. Switch to a different model or set a Spend Limit to continue with Opus. Your usage limits will reset when your monthly cycle ends on 3/3/2026.
[2026-02-04T07:19:46+0800] Continue in 2s...
[2026-02-04T07:19:48+0800] === ITERATION START ===
T: You've hit your usage limit for Opus You've saved $111 on API model usage this month with Pro+. Switch to a different model or set a Spend Limit to continue with Opus. Your usage limits will reset when your monthly cycle ends on 3/3/2026.
[2026-02-04T07:19:54+0800] Continue in 2s...
[2026-02-04T07:19:56+0800] === ITERATION START ===
T: You've hit your usage limit for Opus You've saved $111 on API model usage this month with Pro+. Switch to a different model or set a Spend Limit to continue with Opus. Your usage limits will reset when your monthly cycle ends on 3/3/2026.
[2026-02-04T07:20:02+0800] Continue in 2s...
[2026-02-04T07:20:04+0800] === ITERATION START ===
T: You've hit your usage limit for Opus You've saved $111 on API model usage this month with Pro+. Switch to a different model or set a Spend Limit to continue with Opus. Your usage limits will reset when your monthly cycle ends on 3/3/2026.
[2026-02-04T07:20:09+0800] Continue in 2s...
[2026-02-04T07:20:11+0800] === ITERATION START ===
T: You've hit your usage limit for Opus You've saved $111 on API model usage this month with Pro+. Switch to a different model or set a Spend Limit to continue with Opus. Your usage limits will reset when your monthly cycle ends on 3/3/2026.
[2026-02-04T07:20:17+0800] Continue in 2s...
[2026-02-04T07:20:19+0800] === ITERATION START ===
T: You've hit your usage limit for Opus You've saved $111 on API model usage this month with Pro+. Switch to a different model or set a Spend Limit to continue with Opus. Your usage limits will reset when your monthly cycle ends on 3/3/2026.
[2026-02-04T07:20:24+0800] Continue in 2s...
[2026-02-04T07:20:26+0800] === ITERATION START ===
T: You've hit your usage limit for Opus You've saved $111 on API model usage this month with Pro+. Switch to a different model or set a Spend Limit to continue with Opus. Your usage limits will reset when your monthly cycle ends on 3/3/2026.
[2026-02-04T07:20:32+0800] Continue in 2s...
[2026-02-04T07:20:34+0800] === ITERATION START ===
T: You've hit your usage limit for Opus You've saved $111 on API model usage this month with Pro+. Switch to a different model or set a Spend Limit to continue with Opus. Your usage limits will reset when your monthly cycle ends on 3/3/2026.
[2026-02-04T07:20:39+0800] Continue in 2s...
[2026-02-04T07:20:41+0800] === ITERATION START ===
T: You've hit your usage limit for Opus You've saved $111 on API model usage this month with Pro+. Switch to a different model or set a Spend Limit to continue with Opus. Your usage limits will reset when your monthly cycle ends on 3/3/2026.
[2026-02-04T07:20:47+0800] Continue in 2s...
[2026-02-04T07:20:49+0800] === ITERATION START ===
T: You've hit your usage limit for Opus You've saved $111 on API model usage this month with Pro+. Switch to a different model or set a Spend Limit to continue with Opus. Your usage limits will reset when your monthly cycle ends on 3/3/2026.
[2026-02-04T07:20:54+0800] Continue in 2s...
[2026-02-04T07:20:56+0800] === ITERATION START ===
T: You've hit your usage limit for Opus You've saved $111 on API model usage this month with Pro+. Switch to a different model or set a Spend Limit to continue with Opus. Your usage limits will reset when your monthly cycle ends on 3/3/2026.
[2026-02-04T07:21:02+0800] Continue in 2s...
[2026-02-04T07:21:04+0800] === ITERATION START ===
T: You've hit your usage limit for Opus You've saved $111 on API model usage this month with Pro+. Switch to a different model or set a Spend Limit to continue with Opus. Your usage limits will reset when your monthly cycle ends on 3/3/2026.
[2026-02-04T07:21:09+0800] Continue in 2s...
[2026-02-04T07:21:11+0800] === ITERATION START ===
T: You've hit your usage limit for Opus You've saved $111 on API model usage this month with Pro+. Switch to a different model or set a Spend Limit to continue with Opus. Your usage limits will reset when your monthly cycle ends on 3/3/2026.
[2026-02-04T07:21:17+0800] Continue in 2s...
[2026-02-04T07:21:19+0800] === ITERATION START ===
T: You've hit your usage limit for Opus You've saved $111 on API model usage this month with Pro+. Switch to a different model or set a Spend Limit to continue with Opus. Your usage limits will reset when your monthly cycle ends on 3/3/2026.
[2026-02-04T07:21:24+0800] Continue in 2s...
[2026-02-04T07:21:26+0800] === ITERATION START ===
T: You've hit your usage limit for Opus You've saved $111 on API model usage this month with Pro+. Switch to a different model or set a Spend Limit to continue with Opus. Your usage limits will reset when your monthly cycle ends on 3/3/2026.
[2026-02-04T07:21:32+0800] Continue in 2s...
[2026-02-04T07:21:34+0800] === ITERATION START ===
T: You've hit your usage limit for Opus You've saved $111 on API model usage this month with Pro+. Switch to a different model or set a Spend Limit to continue with Opus. Your usage limits will reset when your monthly cycle ends on 3/3/2026.
[2026-02-04T07:21:39+0800] Continue in 2s...
[2026-02-04T07:21:41+0800] === ITERATION START ===
T: You've hit your usage limit for Opus You've saved $111 on API model usage this month with Pro+. Switch to a different model or set a Spend Limit to continue with Opus. Your usage limits will reset when your monthly cycle ends on 3/3/2026.
[2026-02-04T07:21:50+0800] Continue in 2s...
[2026-02-04T07:21:52+0800] === ITERATION START ===
T: You've hit your usage limit for Opus You've saved $111 on API model usage this month with Pro+. Switch to a different model or set a Spend Limit to continue with Opus. Your usage limits will reset when your monthly cycle ends on 3/3/2026.
[2026-02-04T07:21:59+0800] Continue in 2s...
[2026-02-04T07:22:01+0800] === ITERATION START ===
w: [aborted] Client network socket disconnected before secure TLS connection was established
[2026-02-04T07:22:15+0800] Continue in 2s...
[2026-02-04T07:22:17+0800] === ITERATION START ===
T: You've hit your usage limit for Opus You've saved $111 on API model usage this month with Pro+. Switch to a different model or set a Spend Limit to continue with Opus. Your usage limits will reset when your monthly cycle ends on 3/3/2026.
[2026-02-04T07:22:22+0800] Continue in 2s...
[2026-02-04T07:22:24+0800] === ITERATION START ===
T: You've hit your usage limit for Opus You've saved $111 on API model usage this month with Pro+. Switch to a different model or set a Spend Limit to continue with Opus. Your usage limits will reset when your monthly cycle ends on 3/3/2026.
[2026-02-04T07:22:30+0800] Continue in 2s...
[2026-02-04T07:22:32+0800] === ITERATION START ===
T: You've hit your usage limit for Opus You've saved $111 on API model usage this month with Pro+. Switch to a different model or set a Spend Limit to continue with Opus. Your usage limits will reset when your monthly cycle ends on 3/3/2026.
[2026-02-04T07:22:37+0800] Continue in 2s...
[2026-02-04T07:22:40+0800] === ITERATION START ===
T: You've hit your usage limit for Opus You've saved $111 on API model usage this month with Pro+. Switch to a different model or set a Spend Limit to continue with Opus. Your usage limits will reset when your monthly cycle ends on 3/3/2026.
[2026-02-04T07:22:45+0800] Continue in 2s...
[2026-02-04T07:22:47+0800] === ITERATION START ===
T: You've hit your usage limit for Opus You've saved $111 on API model usage this month with Pro+. Switch to a different model or set a Spend Limit to continue with Opus. Your usage limits will reset when your monthly cycle ends on 3/3/2026.
[2026-02-04T07:22:53+0800] Continue in 2s...
[2026-02-04T07:22:55+0800] === ITERATION START ===
T: You've hit your usage limit for Opus You've saved $111 on API model usage this month with Pro+. Switch to a different model or set a Spend Limit to continue with Opus. Your usage limits will reset when your monthly cycle ends on 3/3/2026.
[2026-02-04T07:23:00+0800] Continue in 2s...
[2026-02-04T07:23:02+0800] === ITERATION START ===
T: You've hit your usage limit for Opus You've saved $111 on API model usage this month with Pro+. Switch to a different model or set a Spend Limit to continue with Opus. Your usage limits will reset when your monthly cycle ends on 3/3/2026.
[2026-02-04T07:23:08+0800] Continue in 2s...
[2026-02-04T07:23:10+0800] === ITERATION START ===
T: You've hit your usage limit for Opus You've saved $111 on API model usage this month with Pro+. Switch to a different model or set a Spend Limit to continue with Opus. Your usage limits will reset when your monthly cycle ends on 3/3/2026.
[2026-02-04T07:23:16+0800] Continue in 2s...
[2026-02-04T07:23:18+0800] === ITERATION START ===
T: You've hit your usage limit for Opus You've saved $111 on API model usage this month with Pro+. Switch to a different model or set a Spend Limit to continue with Opus. Your usage limits will reset when your monthly cycle ends on 3/3/2026.
[2026-02-04T07:23:23+0800] Continue in 2s...
[2026-02-04T07:23:25+0800] === ITERATION START ===
T: You've hit your usage limit for Opus You've saved $111 on API model usage this month with Pro+. Switch to a different model or set a Spend Limit to continue with Opus. Your usage limits will reset when your monthly cycle ends on 3/3/2026.
[2026-02-04T07:23:31+0800] Continue in 2s...
[2026-02-04T07:23:33+0800] === ITERATION START ===
T: You've hit your usage limit for Opus You've saved $111 on API model usage this month with Pro+. Switch to a different model or set a Spend Limit to continue with Opus. Your usage limits will reset when your monthly cycle ends on 3/3/2026.
[2026-02-04T07:23:39+0800] Continue in 2s...
[2026-02-04T07:23:41+0800] === ITERATION START ===
T: You've hit your usage limit for Opus You've saved $111 on API model usage this month with Pro+. Switch to a different model or set a Spend Limit to continue with Opus. Your usage limits will reset when your monthly cycle ends on 3/3/2026.
[2026-02-04T07:23:47+0800] Continue in 2s...
[2026-02-04T07:23:49+0800] === ITERATION START ===
T: You've hit your usage limit for Opus You've saved $111 on API model usage this month with Pro+. Switch to a different model or set a Spend Limit to continue with Opus. Your usage limits will reset when your monthly cycle ends on 3/3/2026.
[2026-02-04T07:23:54+0800] Continue in 2s...
[2026-02-04T07:23:56+0800] === ITERATION START ===
T: You've hit your usage limit for Opus You've saved $111 on API model usage this month with Pro+. Switch to a different model or set a Spend Limit to continue with Opus. Your usage limits will reset when your monthly cycle ends on 3/3/2026.
[2026-02-04T07:24:03+0800] Continue in 2s...
[2026-02-04T07:24:05+0800] === ITERATION START ===
T: You've hit your usage limit for Opus You've saved $111 on API model usage this month with Pro+. Switch to a different model or set a Spend Limit to continue with Opus. Your usage limits will reset when your monthly cycle ends on 3/3/2026.
[2026-02-04T07:24:10+0800] Continue in 2s...
[2026-02-04T07:24:12+0800] === ITERATION START ===
T: You've hit your usage limit for Opus You've saved $111 on API model usage this month with Pro+. Switch to a different model or set a Spend Limit to continue with Opus. Your usage limits will reset when your monthly cycle ends on 3/3/2026.
[2026-02-04T07:24:18+0800] Continue in 2s...
[2026-02-04T07:24:20+0800] === ITERATION START ===
T: You've hit your usage limit for Opus You've saved $111 on API model usage this month with Pro+. Switch to a different model or set a Spend Limit to continue with Opus. Your usage limits will reset when your monthly cycle ends on 3/3/2026.
[2026-02-04T07:24:26+0800] Continue in 2s...
[2026-02-04T07:24:28+0800] === ITERATION START ===
T: You've hit your usage limit for Opus You've saved $111 on API model usage this month with Pro+. Switch to a different model or set a Spend Limit to continue with Opus. Your usage limits will reset when your monthly cycle ends on 3/3/2026.
[2026-02-04T07:24:33+0800] Continue in 2s...
[2026-02-04T07:24:35+0800] === ITERATION START ===
T: You've hit your usage limit for Opus You've saved $111 on API model usage this month with Pro+. Switch to a different model or set a Spend Limit to continue with Opus. Your usage limits will reset when your monthly cycle ends on 3/3/2026.
[2026-02-04T07:24:41+0800] Continue in 2s...
[2026-02-04T07:24:43+0800] === ITERATION START ===
T: You've hit your usage limit for Opus You've saved $111 on API model usage this month with Pro+. Switch to a different model or set a Spend Limit to continue with Opus. Your usage limits will reset when your monthly cycle ends on 3/3/2026.
[2026-02-04T07:24:48+0800] Continue in 2s...
[2026-02-04T07:24:50+0800] === ITERATION START ===
T: You've hit your usage limit for Opus You've saved $111 on API model usage this month with Pro+. Switch to a different model or set a Spend Limit to continue with Opus. Your usage limits will reset when your monthly cycle ends on 3/3/2026.
[2026-02-04T07:24:56+0800] Continue in 2s...
[2026-02-04T07:24:58+0800] === ITERATION START ===
T: You've hit your usage limit for Opus You've saved $111 on API model usage this month with Pro+. Switch to a different model or set a Spend Limit to continue with Opus. Your usage limits will reset when your monthly cycle ends on 3/3/2026.
[2026-02-04T07:25:03+0800] Continue in 2s...
[2026-02-04T07:25:05+0800] === ITERATION START ===
T: You've hit your usage limit for Opus You've saved $111 on API model usage this month with Pro+. Switch to a different model or set a Spend Limit to continue with Opus. Your usage limits will reset when your monthly cycle ends on 3/3/2026.
[2026-02-04T07:25:11+0800] Continue in 2s...
[2026-02-04T07:25:13+0800] === ITERATION START ===
T: You've hit your usage limit for Opus You've saved $111 on API model usage this month with Pro+. Switch to a different model or set a Spend Limit to continue with Opus. Your usage limits will reset when your monthly cycle ends on 3/3/2026.
[2026-02-04T07:25:18+0800] Continue in 2s...
[2026-02-04T07:25:21+0800] === ITERATION START ===
T: You've hit your usage limit for Opus You've saved $111 on API model usage this month with Pro+. Switch to a different model or set a Spend Limit to continue with Opus. Your usage limits will reset when your monthly cycle ends on 3/3/2026.
[2026-02-04T07:25:26+0800] Continue in 2s...
[2026-02-04T07:25:28+0800] === ITERATION START ===
T: You've hit your usage limit for Opus You've saved $111 on API model usage this month with Pro+. Switch to a different model or set a Spend Limit to continue with Opus. Your usage limits will reset when your monthly cycle ends on 3/3/2026.
[2026-02-04T07:25:33+0800] Continue in 2s...
[2026-02-04T07:25:36+0800] === ITERATION START ===
T: You've hit your usage limit for Opus You've saved $111 on API model usage this month with Pro+. Switch to a different model or set a Spend Limit to continue with Opus. Your usage limits will reset when your monthly cycle ends on 3/3/2026.
[2026-02-04T07:25:41+0800] Continue in 2s...
[2026-02-04T07:25:43+0800] === ITERATION START ===
T: You've hit your usage limit for Opus You've saved $111 on API model usage this month with Pro+. Switch to a different model or set a Spend Limit to continue with Opus. Your usage limits will reset when your monthly cycle ends on 3/3/2026.
[2026-02-04T07:25:48+0800] Continue in 2s...
[2026-02-04T07:25:51+0800] === ITERATION START ===
T: You've hit your usage limit for Opus You've saved $111 on API model usage this month with Pro+. Switch to a different model or set a Spend Limit to continue with Opus. Your usage limits will reset when your monthly cycle ends on 3/3/2026.
[2026-02-04T07:25:56+0800] Continue in 2s...
[2026-02-04T07:25:58+0800] === ITERATION START ===
T: You've hit your usage limit for Opus You've saved $111 on API model usage this month with Pro+. Switch to a different model or set a Spend Limit to continue with Opus. Your usage limits will reset when your monthly cycle ends on 3/3/2026.
[2026-02-04T07:26:03+0800] Continue in 2s...
[2026-02-04T07:26:05+0800] === ITERATION START ===
T: You've hit your usage limit for Opus You've saved $111 on API model usage this month with Pro+. Switch to a different model or set a Spend Limit to continue with Opus. Your usage limits will reset when your monthly cycle ends on 3/3/2026.
[2026-02-04T07:26:11+0800] Continue in 2s...
[2026-02-04T07:26:13+0800] === ITERATION START ===
T: You've hit your usage limit for Opus You've saved $111 on API model usage this month with Pro+. Switch to a different model or set a Spend Limit to continue with Opus. Your usage limits will reset when your monthly cycle ends on 3/3/2026.
[2026-02-04T07:26:18+0800] Continue in 2s...
[2026-02-04T07:26:20+0800] === ITERATION START ===
T: You've hit your usage limit for Opus You've saved $111 on API model usage this month with Pro+. Switch to a different model or set a Spend Limit to continue with Opus. Your usage limits will reset when your monthly cycle ends on 3/3/2026.
[2026-02-04T07:26:26+0800] Continue in 2s...
[2026-02-04T07:26:28+0800] === ITERATION START ===
T: You've hit your usage limit for Opus You've saved $111 on API model usage this month with Pro+. Switch to a different model or set a Spend Limit to continue with Opus. Your usage limits will reset when your monthly cycle ends on 3/3/2026.
[2026-02-04T07:26:33+0800] Continue in 2s...
[2026-02-04T07:26:35+0800] === ITERATION START ===
T: You've hit your usage limit for Opus You've saved $111 on API model usage this month with Pro+. Switch to a different model or set a Spend Limit to continue with Opus. Your usage limits will reset when your monthly cycle ends on 3/3/2026.
[2026-02-04T07:26:41+0800] Continue in 2s...
[2026-02-04T07:26:43+0800] === ITERATION START ===
T: You've hit your usage limit for Opus You've saved $111 on API model usage this month with Pro+. Switch to a different model or set a Spend Limit to continue with Opus. Your usage limits will reset when your monthly cycle ends on 3/3/2026.
[2026-02-04T07:26:48+0800] Continue in 2s...
[2026-02-04T07:26:50+0800] === ITERATION START ===
T: You've hit your usage limit for Opus You've saved $111 on API model usage this month with Pro+. Switch to a different model or set a Spend Limit to continue with Opus. Your usage limits will reset when your monthly cycle ends on 3/3/2026.
[2026-02-04T07:26:56+0800] Continue in 2s...
[2026-02-04T07:26:58+0800] === ITERATION START ===
T: You've hit your usage limit for Opus You've saved $111 on API model usage this month with Pro+. Switch to a different model or set a Spend Limit to continue with Opus. Your usage limits will reset when your monthly cycle ends on 3/3/2026.
[2026-02-04T07:27:04+0800] Continue in 2s...
[2026-02-04T07:27:06+0800] === ITERATION START ===
T: You've hit your usage limit for Opus You've saved $111 on API model usage this month with Pro+. Switch to a different model or set a Spend Limit to continue with Opus. Your usage limits will reset when your monthly cycle ends on 3/3/2026.
[2026-02-04T07:27:11+0800] Continue in 2s...
[2026-02-04T07:27:13+0800] === ITERATION START ===
T: You've hit your usage limit for Opus You've saved $111 on API model usage this month with Pro+. Switch to a different model or set a Spend Limit to continue with Opus. Your usage limits will reset when your monthly cycle ends on 3/3/2026.
[2026-02-04T07:27:19+0800] Continue in 2s...
[2026-02-04T07:27:21+0800] === ITERATION START ===
T: You've hit your usage limit for Opus You've saved $111 on API model usage this month with Pro+. Switch to a different model or set a Spend Limit to continue with Opus. Your usage limits will reset when your monthly cycle ends on 3/3/2026.
[2026-02-04T07:27:26+0800] Continue in 2s...
[2026-02-04T07:27:28+0800] === ITERATION START ===
T: You've hit your usage limit for Opus You've saved $111 on API model usage this month with Pro+. Switch to a different model or set a Spend Limit to continue with Opus. Your usage limits will reset when your monthly cycle ends on 3/3/2026.
[2026-02-04T07:27:34+0800] Continue in 2s...
[2026-02-04T07:27:36+0800] === ITERATION START ===
T: You've hit your usage limit for Opus You've saved $111 on API model usage this month with Pro+. Switch to a different model or set a Spend Limit to continue with Opus. Your usage limits will reset when your monthly cycle ends on 3/3/2026.
[2026-02-04T07:27:41+0800] Continue in 2s...
[2026-02-04T07:27:43+0800] === ITERATION START ===
T: You've hit your usage limit for Opus You've saved $111 on API model usage this month with Pro+. Switch to a different model or set a Spend Limit to continue with Opus. Your usage limits will reset when your monthly cycle ends on 3/3/2026.
[2026-02-04T07:27:49+0800] Continue in 2s...
[2026-02-04T07:27:51+0800] === ITERATION START ===
T: You've hit your usage limit for Opus You've saved $111 on API model usage this month with Pro+. Switch to a different model or set a Spend Limit to continue with Opus. Your usage limits will reset when your monthly cycle ends on 3/3/2026.
[2026-02-04T07:27:56+0800] Continue in 2s...
[2026-02-04T07:27:58+0800] === ITERATION START ===
T: You've hit your usage limit for Opus You've saved $111 on API model usage this month with Pro+. Switch to a different model or set a Spend Limit to continue with Opus. Your usage limits will reset when your monthly cycle ends on 3/3/2026.
[2026-02-04T07:28:04+0800] Continue in 2s...
[2026-02-04T07:28:06+0800] === ITERATION START ===
T: You've hit your usage limit for Opus You've saved $111 on API model usage this month with Pro+. Switch to a different model or set a Spend Limit to continue with Opus. Your usage limits will reset when your monthly cycle ends on 3/3/2026.
[2026-02-04T07:28:11+0800] Continue in 2s...
[2026-02-04T07:28:13+0800] === ITERATION START ===
T: You've hit your usage limit for Opus You've saved $111 on API model usage this month with Pro+. Switch to a different model or set a Spend Limit to continue with Opus. Your usage limits will reset when your monthly cycle ends on 3/3/2026.
[2026-02-04T07:28:19+0800] Continue in 2s...
[2026-02-04T07:28:21+0800] === ITERATION START ===
T: You've hit your usage limit for Opus You've saved $111 on API model usage this month with Pro+. Switch to a different model or set a Spend Limit to continue with Opus. Your usage limits will reset when your monthly cycle ends on 3/3/2026.
[2026-02-04T07:28:26+0800] Continue in 2s...
[2026-02-04T07:28:28+0800] === ITERATION START ===
T: You've hit your usage limit for Opus You've saved $111 on API model usage this month with Pro+. Switch to a different model or set a Spend Limit to continue with Opus. Your usage limits will reset when your monthly cycle ends on 3/3/2026.
[2026-02-04T07:28:34+0800] Continue in 2s...
[2026-02-04T07:28:36+0800] === ITERATION START ===
T: You've hit your usage limit for Opus You've saved $111 on API model usage this month with Pro+. Switch to a different model or set a Spend Limit to continue with Opus. Your usage limits will reset when your monthly cycle ends on 3/3/2026.
[2026-02-04T07:28:42+0800] Continue in 2s...
[2026-02-04T07:28:44+0800] === ITERATION START ===
T: You've hit your usage limit for Opus You've saved $111 on API model usage this month with Pro+. Switch to a different model or set a Spend Limit to continue with Opus. Your usage limits will reset when your monthly cycle ends on 3/3/2026.
[2026-02-04T07:28:49+0800] Continue in 2s...
[2026-02-04T07:28:51+0800] === ITERATION START ===
T: You've hit your usage limit for Opus You've saved $111 on API model usage this month with Pro+. Switch to a different model or set a Spend Limit to continue with Opus. Your usage limits will reset when your monthly cycle ends on 3/3/2026.
[2026-02-04T07:28:57+0800] Continue in 2s...
[2026-02-04T07:28:59+0800] === ITERATION START ===
T: You've hit your usage limit for Opus You've saved $111 on API model usage this month with Pro+. Switch to a different model or set a Spend Limit to continue with Opus. Your usage limits will reset when your monthly cycle ends on 3/3/2026.
[2026-02-04T07:29:04+0800] Continue in 2s...
[2026-02-04T07:29:07+0800] === ITERATION START ===
T: You've hit your usage limit for Opus You've saved $111 on API model usage this month with Pro+. Switch to a different model or set a Spend Limit to continue with Opus. Your usage limits will reset when your monthly cycle ends on 3/3/2026.
[2026-02-04T07:29:12+0800] Continue in 2s...
[2026-02-04T07:29:14+0800] === ITERATION START ===
T: You've hit your usage limit for Opus You've saved $111 on API model usage this month with Pro+. Switch to a different model or set a Spend Limit to continue with Opus. Your usage limits will reset when your monthly cycle ends on 3/3/2026.
[2026-02-04T07:29:20+0800] Continue in 2s...
[2026-02-04T07:29:22+0800] === ITERATION START ===
T: You've hit your usage limit for Opus You've saved $111 on API model usage this month with Pro+. Switch to a different model or set a Spend Limit to continue with Opus. Your usage limits will reset when your monthly cycle ends on 3/3/2026.
[2026-02-04T07:29:27+0800] Continue in 2s...
[2026-02-04T07:29:29+0800] === ITERATION START ===
T: You've hit your usage limit for Opus You've saved $111 on API model usage this month with Pro+. Switch to a different model or set a Spend Limit to continue with Opus. Your usage limits will reset when your monthly cycle ends on 3/3/2026.
[2026-02-04T07:29:35+0800] Continue in 2s...
[2026-02-04T07:29:37+0800] === ITERATION START ===
T: You've hit your usage limit for Opus You've saved $111 on API model usage this month with Pro+. Switch to a different model or set a Spend Limit to continue with Opus. Your usage limits will reset when your monthly cycle ends on 3/3/2026.
[2026-02-04T07:29:42+0800] Continue in 2s...
[2026-02-04T07:29:44+0800] === ITERATION START ===
T: You've hit your usage limit for Opus You've saved $111 on API model usage this month with Pro+. Switch to a different model or set a Spend Limit to continue with Opus. Your usage limits will reset when your monthly cycle ends on 3/3/2026.
[2026-02-04T07:29:49+0800] Continue in 2s...
[2026-02-04T07:29:51+0800] === ITERATION START ===
T: You've hit your usage limit for Opus You've saved $111 on API model usage this month with Pro+. Switch to a different model or set a Spend Limit to continue with Opus. Your usage limits will reset when your monthly cycle ends on 3/3/2026.
[2026-02-04T07:29:57+0800] Continue in 2s...
[2026-02-04T07:29:59+0800] === ITERATION START ===
T: You've hit your usage limit for Opus You've saved $111 on API model usage this month with Pro+. Switch to a different model or set a Spend Limit to continue with Opus. Your usage limits will reset when your monthly cycle ends on 3/3/2026.
[2026-02-04T07:30:05+0800] Continue in 2s...
[2026-02-04T07:30:07+0800] === ITERATION START ===
T: You've hit your usage limit for Opus You've saved $111 on API model usage this month with Pro+. Switch to a different model or set a Spend Limit to continue with Opus. Your usage limits will reset when your monthly cycle ends on 3/3/2026.
[2026-02-04T07:30:12+0800] Continue in 2s...
[2026-02-04T07:30:14+0800] === ITERATION START ===
T: You've hit your usage limit for Opus You've saved $111 on API model usage this month with Pro+. Switch to a different model or set a Spend Limit to continue with Opus. Your usage limits will reset when your monthly cycle ends on 3/3/2026.
[2026-02-04T07:30:20+0800] Continue in 2s...
[2026-02-04T07:30:22+0800] === ITERATION START ===
T: You've hit your usage limit for Opus You've saved $111 on API model usage this month with Pro+. Switch to a different model or set a Spend Limit to continue with Opus. Your usage limits will reset when your monthly cycle ends on 3/3/2026.
[2026-02-04T07:30:27+0800] Continue in 2s...
[2026-02-04T07:30:29+0800] === ITERATION START ===
T: You've hit your usage limit for Opus You've saved $111 on API model usage this month with Pro+. Switch to a different model or set a Spend Limit to continue with Opus. Your usage limits will reset when your monthly cycle ends on 3/3/2026.
[2026-02-04T07:30:34+0800] Continue in 2s...
[2026-02-04T07:30:37+0800] === ITERATION START ===
T: You've hit your usage limit for Opus You've saved $111 on API model usage this month with Pro+. Switch to a different model or set a Spend Limit to continue with Opus. Your usage limits will reset when your monthly cycle ends on 3/3/2026.
[2026-02-04T07:30:42+0800] Continue in 2s...
[2026-02-04T07:30:44+0800] === ITERATION START ===
T: You've hit your usage limit for Opus You've saved $111 on API model usage this month with Pro+. Switch to a different model or set a Spend Limit to continue with Opus. Your usage limits will reset when your monthly cycle ends on 3/3/2026.
[2026-02-04T07:30:50+0800] Continue in 2s...
[2026-02-04T07:30:52+0800] === ITERATION START ===
T: You've hit your usage limit for Opus You've saved $111 on API model usage this month with Pro+. Switch to a different model or set a Spend Limit to continue with Opus. Your usage limits will reset when your monthly cycle ends on 3/3/2026.
[2026-02-04T07:30:58+0800] Continue in 2s...
[2026-02-04T07:31:00+0800] === ITERATION START ===
T: You've hit your usage limit for Opus You've saved $111 on API model usage this month with Pro+. Switch to a different model or set a Spend Limit to continue with Opus. Your usage limits will reset when your monthly cycle ends on 3/3/2026.
[2026-02-04T07:31:06+0800] Continue in 2s...
[2026-02-04T07:31:08+0800] === ITERATION START ===
T: You've hit your usage limit for Opus You've saved $111 on API model usage this month with Pro+. Switch to a different model or set a Spend Limit to continue with Opus. Your usage limits will reset when your monthly cycle ends on 3/3/2026.
[2026-02-04T07:31:13+0800] Continue in 2s...
[2026-02-04T07:31:15+0800] === ITERATION START ===
T: You've hit your usage limit for Opus You've saved $111 on API model usage this month with Pro+. Switch to a different model or set a Spend Limit to continue with Opus. Your usage limits will reset when your monthly cycle ends on 3/3/2026.
[2026-02-04T07:31:20+0800] Continue in 2s...
[2026-02-04T07:31:22+0800] === ITERATION START ===
T: You've hit your usage limit for Opus You've saved $111 on API model usage this month with Pro+. Switch to a different model or set a Spend Limit to continue with Opus. Your usage limits will reset when your monthly cycle ends on 3/3/2026.
[2026-02-04T07:31:28+0800] Continue in 2s...
[2026-02-04T07:31:30+0800] === ITERATION START ===
T: You've hit your usage limit for Opus You've saved $111 on API model usage this month with Pro+. Switch to a different model or set a Spend Limit to continue with Opus. Your usage limits will reset when your monthly cycle ends on 3/3/2026.
[2026-02-04T07:31:35+0800] Continue in 2s...
[2026-02-04T07:31:37+0800] === ITERATION START ===
T: You've hit your usage limit for Opus You've saved $111 on API model usage this month with Pro+. Switch to a different model or set a Spend Limit to continue with Opus. Your usage limits will reset when your monthly cycle ends on 3/3/2026.
[2026-02-04T07:31:43+0800] Continue in 2s...
[2026-02-04T07:31:45+0800] === ITERATION START ===
T: You've hit your usage limit for Opus You've saved $111 on API model usage this month with Pro+. Switch to a different model or set a Spend Limit to continue with Opus. Your usage limits will reset when your monthly cycle ends on 3/3/2026.
[2026-02-04T07:31:50+0800] Continue in 2s...
[2026-02-04T07:31:52+0800] === ITERATION START ===
T: You've hit your usage limit for Opus You've saved $111 on API model usage this month with Pro+. Switch to a different model or set a Spend Limit to continue with Opus. Your usage limits will reset when your monthly cycle ends on 3/3/2026.
[2026-02-04T07:31:58+0800] Continue in 2s...
[2026-02-04T07:32:00+0800] === ITERATION START ===
T: You've hit your usage limit for Opus You've saved $111 on API model usage this month with Pro+. Switch to a different model or set a Spend Limit to continue with Opus. Your usage limits will reset when your monthly cycle ends on 3/3/2026.
[2026-02-04T07:32:05+0800] Continue in 2s...
[2026-02-04T07:32:07+0800] === ITERATION START ===
T: You've hit your usage limit for Opus You've saved $111 on API model usage this month with Pro+. Switch to a different model or set a Spend Limit to continue with Opus. Your usage limits will reset when your monthly cycle ends on 3/3/2026.
[2026-02-04T07:32:13+0800] Continue in 2s...
[2026-02-04T07:32:15+0800] === ITERATION START ===
T: You've hit your usage limit for Opus You've saved $111 on API model usage this month with Pro+. Switch to a different model or set a Spend Limit to continue with Opus. Your usage limits will reset when your monthly cycle ends on 3/3/2026.
[2026-02-04T07:32:20+0800] Continue in 2s...
[2026-02-04T07:32:22+0800] === ITERATION START ===
T: You've hit your usage limit for Opus You've saved $111 on API model usage this month with Pro+. Switch to a different model or set a Spend Limit to continue with Opus. Your usage limits will reset when your monthly cycle ends on 3/3/2026.
[2026-02-04T07:32:28+0800] Continue in 2s...
[2026-02-04T07:32:30+0800] === ITERATION START ===
T: You've hit your usage limit for Opus You've saved $111 on API model usage this month with Pro+. Switch to a different model or set a Spend Limit to continue with Opus. Your usage limits will reset when your monthly cycle ends on 3/3/2026.
[2026-02-04T07:32:35+0800] Continue in 2s...
[2026-02-04T07:32:37+0800] === ITERATION START ===
T: You've hit your usage limit for Opus You've saved $111 on API model usage this month with Pro+. Switch to a different model or set a Spend Limit to continue with Opus. Your usage limits will reset when your monthly cycle ends on 3/3/2026.
[2026-02-04T07:32:43+0800] Continue in 2s...
[2026-02-04T07:32:45+0800] === ITERATION START ===
T: You've hit your usage limit for Opus You've saved $111 on API model usage this month with Pro+. Switch to a different model or set a Spend Limit to continue with Opus. Your usage limits will reset when your monthly cycle ends on 3/3/2026.
[2026-02-04T07:32:50+0800] Continue in 2s...
[2026-02-04T07:32:52+0800] === ITERATION START ===
T: You've hit your usage limit for Opus You've saved $111 on API model usage this month with Pro+. Switch to a different model or set a Spend Limit to continue with Opus. Your usage limits will reset when your monthly cycle ends on 3/3/2026.
[2026-02-04T07:32:58+0800] Continue in 2s...
[2026-02-04T07:33:00+0800] === ITERATION START ===
T: You've hit your usage limit for Opus You've saved $111 on API model usage this month with Pro+. Switch to a different model or set a Spend Limit to continue with Opus. Your usage limits will reset when your monthly cycle ends on 3/3/2026.
[2026-02-04T07:33:05+0800] Continue in 2s...
[2026-02-04T07:33:07+0800] === ITERATION START ===
T: You've hit your usage limit for Opus You've saved $111 on API model usage this month with Pro+. Switch to a different model or set a Spend Limit to continue with Opus. Your usage limits will reset when your monthly cycle ends on 3/3/2026.
[2026-02-04T07:33:13+0800] Continue in 2s...
[2026-02-04T07:33:15+0800] === ITERATION START ===
T: You've hit your usage limit for Opus You've saved $111 on API model usage this month with Pro+. Switch to a different model or set a Spend Limit to continue with Opus. Your usage limits will reset when your monthly cycle ends on 3/3/2026.
[2026-02-04T07:33:20+0800] Continue in 2s...
[2026-02-04T07:33:22+0800] === ITERATION START ===
T: You've hit your usage limit for Opus You've saved $111 on API model usage this month with Pro+. Switch to a different model or set a Spend Limit to continue with Opus. Your usage limits will reset when your monthly cycle ends on 3/3/2026.
[2026-02-04T07:33:28+0800] Continue in 2s...
[2026-02-04T07:33:30+0800] === ITERATION START ===
T: You've hit your usage limit for Opus You've saved $111 on API model usage this month with Pro+. Switch to a different model or set a Spend Limit to continue with Opus. Your usage limits will reset when your monthly cycle ends on 3/3/2026.
[2026-02-04T07:33:35+0800] Continue in 2s...
[2026-02-04T07:33:37+0800] === ITERATION START ===
T: You've hit your usage limit for Opus You've saved $111 on API model usage this month with Pro+. Switch to a different model or set a Spend Limit to continue with Opus. Your usage limits will reset when your monthly cycle ends on 3/3/2026.
[2026-02-04T07:33:43+0800] Continue in 2s...
[2026-02-04T07:33:45+0800] === ITERATION START ===
T: You've hit your usage limit for Opus You've saved $111 on API model usage this month with Pro+. Switch to a different model or set a Spend Limit to continue with Opus. Your usage limits will reset when your monthly cycle ends on 3/3/2026.
[2026-02-04T07:33:51+0800] Continue in 2s...
[2026-02-04T07:33:53+0800] === ITERATION START ===
T: You've hit your usage limit for Opus You've saved $111 on API model usage this month with Pro+. Switch to a different model or set a Spend Limit to continue with Opus. Your usage limits will reset when your monthly cycle ends on 3/3/2026.
[2026-02-04T07:33:58+0800] Continue in 2s...
[2026-02-04T07:34:00+0800] === ITERATION START ===
T: You've hit your usage limit for Opus You've saved $111 on API model usage this month with Pro+. Switch to a different model or set a Spend Limit to continue with Opus. Your usage limits will reset when your monthly cycle ends on 3/3/2026.
[2026-02-04T07:34:06+0800] Continue in 2s...
[2026-02-04T07:34:08+0800] === ITERATION START ===
T: You've hit your usage limit for Opus You've saved $111 on API model usage this month with Pro+. Switch to a different model or set a Spend Limit to continue with Opus. Your usage limits will reset when your monthly cycle ends on 3/3/2026.
[2026-02-04T07:34:14+0800] Continue in 2s...
[2026-02-04T07:34:16+0800] === ITERATION START ===
T: You've hit your usage limit for Opus You've saved $111 on API model usage this month with Pro+. Switch to a different model or set a Spend Limit to continue with Opus. Your usage limits will reset when your monthly cycle ends on 3/3/2026.
[2026-02-04T07:34:21+0800] Continue in 2s...
[2026-02-04T07:34:23+0800] === ITERATION START ===
T: You've hit your usage limit for Opus You've saved $111 on API model usage this month with Pro+. Switch to a different model or set a Spend Limit to continue with Opus. Your usage limits will reset when your monthly cycle ends on 3/3/2026.
[2026-02-04T07:34:28+0800] Continue in 2s...
[2026-02-04T07:34:31+0800] === ITERATION START ===
T: You've hit your usage limit for Opus You've saved $111 on API model usage this month with Pro+. Switch to a different model or set a Spend Limit to continue with Opus. Your usage limits will reset when your monthly cycle ends on 3/3/2026.
[2026-02-04T07:34:36+0800] Continue in 2s...
[2026-02-04T07:34:38+0800] === ITERATION START ===
T: You've hit your usage limit for Opus You've saved $111 on API model usage this month with Pro+. Switch to a different model or set a Spend Limit to continue with Opus. Your usage limits will reset when your monthly cycle ends on 3/3/2026.
[2026-02-04T07:34:43+0800] Continue in 2s...
[2026-02-04T07:34:46+0800] === ITERATION START ===
T: You've hit your usage limit for Opus You've saved $111 on API model usage this month with Pro+. Switch to a different model or set a Spend Limit to continue with Opus. Your usage limits will reset when your monthly cycle ends on 3/3/2026.
[2026-02-04T07:34:51+0800] Continue in 2s...
[2026-02-04T07:34:54+0800] === ITERATION START ===
T: You've hit your usage limit for Opus You've saved $111 on API model usage this month with Pro+. Switch to a different model or set a Spend Limit to continue with Opus. Your usage limits will reset when your monthly cycle ends on 3/3/2026.
[2026-02-04T07:35:00+0800] Continue in 2s...
[2026-02-04T07:35:03+0800] === ITERATION START ===
T: You've hit your usage limit for Opus You've saved $111 on API model usage this month with Pro+. Switch to a different model or set a Spend Limit to continue with Opus. Your usage limits will reset when your monthly cycle ends on 3/3/2026.
[2026-02-04T07:35:09+0800] Continue in 2s...
[2026-02-04T07:35:11+0800] === ITERATION START ===
T: You've hit your usage limit for Opus You've saved $111 on API model usage this month with Pro+. Switch to a different model or set a Spend Limit to continue with Opus. Your usage limits will reset when your monthly cycle ends on 3/3/2026.
[2026-02-04T07:35:16+0800] Continue in 2s...
[2026-02-04T07:35:18+0800] === ITERATION START ===
T: You've hit your usage limit for Opus You've saved $111 on API model usage this month with Pro+. Switch to a different model or set a Spend Limit to continue with Opus. Your usage limits will reset when your monthly cycle ends on 3/3/2026.
[2026-02-04T07:35:24+0800] Continue in 2s...
[2026-02-04T07:35:26+0800] === ITERATION START ===
T: You've hit your usage limit for Opus You've saved $111 on API model usage this month with Pro+. Switch to a different model or set a Spend Limit to continue with Opus. Your usage limits will reset when your monthly cycle ends on 3/3/2026.
[2026-02-04T07:35:32+0800] Continue in 2s...
[2026-02-04T07:35:34+0800] === ITERATION START ===
T: You've hit your usage limit for Opus You've saved $111 on API model usage this month with Pro+. Switch to a different model or set a Spend Limit to continue with Opus. Your usage limits will reset when your monthly cycle ends on 3/3/2026.
[2026-02-04T07:35:39+0800] Continue in 2s...
[2026-02-04T07:35:41+0800] === ITERATION START ===
T: You've hit your usage limit for Opus You've saved $111 on API model usage this month with Pro+. Switch to a different model or set a Spend Limit to continue with Opus. Your usage limits will reset when your monthly cycle ends on 3/3/2026.
[2026-02-04T07:35:47+0800] Continue in 2s...
[2026-02-04T07:35:49+0800] === ITERATION START ===
T: You've hit your usage limit for Opus You've saved $111 on API model usage this month with Pro+. Switch to a different model or set a Spend Limit to continue with Opus. Your usage limits will reset when your monthly cycle ends on 3/3/2026.
[2026-02-04T07:35:54+0800] Continue in 2s...
[2026-02-04T07:35:56+0800] === ITERATION START ===
T: You've hit your usage limit for Opus You've saved $111 on API model usage this month with Pro+. Switch to a different model or set a Spend Limit to continue with Opus. Your usage limits will reset when your monthly cycle ends on 3/3/2026.
[2026-02-04T07:36:02+0800] Continue in 2s...
[2026-02-04T07:36:04+0800] === ITERATION START ===
T: You've hit your usage limit for Opus You've saved $111 on API model usage this month with Pro+. Switch to a different model or set a Spend Limit to continue with Opus. Your usage limits will reset when your monthly cycle ends on 3/3/2026.
[2026-02-04T07:36:09+0800] Continue in 2s...
[2026-02-04T07:36:11+0800] === ITERATION START ===
T: You've hit your usage limit for Opus You've saved $111 on API model usage this month with Pro+. Switch to a different model or set a Spend Limit to continue with Opus. Your usage limits will reset when your monthly cycle ends on 3/3/2026.
[2026-02-04T07:36:17+0800] Continue in 2s...
[2026-02-04T07:36:19+0800] === ITERATION START ===
T: You've hit your usage limit for Opus You've saved $111 on API model usage this month with Pro+. Switch to a different model or set a Spend Limit to continue with Opus. Your usage limits will reset when your monthly cycle ends on 3/3/2026.
[2026-02-04T07:36:24+0800] Continue in 2s...
[2026-02-04T07:36:26+0800] === ITERATION START ===
T: You've hit your usage limit for Opus You've saved $111 on API model usage this month with Pro+. Switch to a different model or set a Spend Limit to continue with Opus. Your usage limits will reset when your monthly cycle ends on 3/3/2026.
[2026-02-04T07:36:32+0800] Continue in 2s...
[2026-02-04T07:36:34+0800] === ITERATION START ===
T: You've hit your usage limit for Opus You've saved $111 on API model usage this month with Pro+. Switch to a different model or set a Spend Limit to continue with Opus. Your usage limits will reset when your monthly cycle ends on 3/3/2026.
[2026-02-04T07:36:39+0800] Continue in 2s...
[2026-02-04T07:36:41+0800] === ITERATION START ===
T: You've hit your usage limit for Opus You've saved $111 on API model usage this month with Pro+. Switch to a different model or set a Spend Limit to continue with Opus. Your usage limits will reset when your monthly cycle ends on 3/3/2026.
[2026-02-04T07:36:47+0800] Continue in 2s...
[2026-02-04T07:36:49+0800] === ITERATION START ===
T: You've hit your usage limit for Opus You've saved $111 on API model usage this month with Pro+. Switch to a different model or set a Spend Limit to continue with Opus. Your usage limits will reset when your monthly cycle ends on 3/3/2026.
[2026-02-04T07:36:54+0800] Continue in 2s...
[2026-02-04T07:36:56+0800] === ITERATION START ===
T: You've hit your usage limit for Opus You've saved $111 on API model usage this month with Pro+. Switch to a different model or set a Spend Limit to continue with Opus. Your usage limits will reset when your monthly cycle ends on 3/3/2026.
[2026-02-04T07:37:02+0800] Continue in 2s...
[2026-02-04T07:37:04+0800] === ITERATION START ===
T: You've hit your usage limit for Opus You've saved $111 on API model usage this month with Pro+. Switch to a different model or set a Spend Limit to continue with Opus. Your usage limits will reset when your monthly cycle ends on 3/3/2026.
[2026-02-04T07:37:10+0800] Continue in 2s...
[2026-02-04T07:37:12+0800] === ITERATION START ===
T: You've hit your usage limit for Opus You've saved $111 on API model usage this month with Pro+. Switch to a different model or set a Spend Limit to continue with Opus. Your usage limits will reset when your monthly cycle ends on 3/3/2026.
[2026-02-04T07:37:17+0800] Continue in 2s...
[2026-02-04T07:37:19+0800] === ITERATION START ===
T: You've hit your usage limit for Opus You've saved $111 on API model usage this month with Pro+. Switch to a different model or set a Spend Limit to continue with Opus. Your usage limits will reset when your monthly cycle ends on 3/3/2026.
[2026-02-04T07:37:25+0800] Continue in 2s...
[2026-02-04T07:37:27+0800] === ITERATION START ===
T: You've hit your usage limit for Opus You've saved $111 on API model usage this month with Pro+. Switch to a different model or set a Spend Limit to continue with Opus. Your usage limits will reset when your monthly cycle ends on 3/3/2026.
[2026-02-04T07:37:33+0800] Continue in 2s...
[2026-02-04T07:37:35+0800] === ITERATION START ===
T: You've hit your usage limit for Opus You've saved $111 on API model usage this month with Pro+. Switch to a different model or set a Spend Limit to continue with Opus. Your usage limits will reset when your monthly cycle ends on 3/3/2026.
[2026-02-04T07:37:40+0800] Continue in 2s...
[2026-02-04T07:37:42+0800] === ITERATION START ===
T: You've hit your usage limit for Opus You've saved $111 on API model usage this month with Pro+. Switch to a different model or set a Spend Limit to continue with Opus. Your usage limits will reset when your monthly cycle ends on 3/3/2026.
[2026-02-04T07:37:49+0800] Continue in 2s...
[2026-02-04T07:37:51+0800] === ITERATION START ===
T: You've hit your usage limit for Opus You've saved $111 on API model usage this month with Pro+. Switch to a different model or set a Spend Limit to continue with Opus. Your usage limits will reset when your monthly cycle ends on 3/3/2026.
[2026-02-04T07:37:56+0800] Continue in 2s...
[2026-02-04T07:37:58+0800] === ITERATION START ===
T: You've hit your usage limit for Opus You've saved $111 on API model usage this month with Pro+. Switch to a different model or set a Spend Limit to continue with Opus. Your usage limits will reset when your monthly cycle ends on 3/3/2026.
[2026-02-04T07:38:04+0800] Continue in 2s...
[2026-02-04T07:38:06+0800] === ITERATION START ===
T: You've hit your usage limit for Opus You've saved $111 on API model usage this month with Pro+. Switch to a different model or set a Spend Limit to continue with Opus. Your usage limits will reset when your monthly cycle ends on 3/3/2026.
[2026-02-04T07:38:11+0800] Continue in 2s...
[2026-02-04T07:38:13+0800] === ITERATION START ===
T: You've hit your usage limit for Opus You've saved $111 on API model usage this month with Pro+. Switch to a different model or set a Spend Limit to continue with Opus. Your usage limits will reset when your monthly cycle ends on 3/3/2026.
[2026-02-04T07:38:18+0800] Continue in 2s...
[2026-02-04T07:38:21+0800] === ITERATION START ===
T: You've hit your usage limit for Opus You've saved $111 on API model usage this month with Pro+. Switch to a different model or set a Spend Limit to continue with Opus. Your usage limits will reset when your monthly cycle ends on 3/3/2026.
[2026-02-04T07:38:26+0800] Continue in 2s...
[2026-02-04T07:38:28+0800] === ITERATION START ===
T: You've hit your usage limit for Opus You've saved $111 on API model usage this month with Pro+. Switch to a different model or set a Spend Limit to continue with Opus. Your usage limits will reset when your monthly cycle ends on 3/3/2026.
[2026-02-04T07:38:34+0800] Continue in 2s...
[2026-02-04T07:38:36+0800] === ITERATION START ===
T: You've hit your usage limit for Opus You've saved $111 on API model usage this month with Pro+. Switch to a different model or set a Spend Limit to continue with Opus. Your usage limits will reset when your monthly cycle ends on 3/3/2026.
[2026-02-04T07:38:41+0800] Continue in 2s...
[2026-02-04T07:38:43+0800] === ITERATION START ===
T: You've hit your usage limit for Opus You've saved $111 on API model usage this month with Pro+. Switch to a different model or set a Spend Limit to continue with Opus. Your usage limits will reset when your monthly cycle ends on 3/3/2026.
[2026-02-04T07:38:49+0800] Continue in 2s...
[2026-02-04T07:38:51+0800] === ITERATION START ===
T: You've hit your usage limit for Opus You've saved $111 on API model usage this month with Pro+. Switch to a different model or set a Spend Limit to continue with Opus. Your usage limits will reset when your monthly cycle ends on 3/3/2026.
[2026-02-04T07:38:56+0800] Continue in 2s...
[2026-02-04T07:38:58+0800] === ITERATION START ===
T: You've hit your usage limit for Opus You've saved $111 on API model usage this month with Pro+. Switch to a different model or set a Spend Limit to continue with Opus. Your usage limits will reset when your monthly cycle ends on 3/3/2026.
[2026-02-04T07:39:04+0800] Continue in 2s...
[2026-02-04T07:39:06+0800] === ITERATION START ===
T: You've hit your usage limit for Opus You've saved $111 on API model usage this month with Pro+. Switch to a different model or set a Spend Limit to continue with Opus. Your usage limits will reset when your monthly cycle ends on 3/3/2026.
[2026-02-04T07:39:11+0800] Continue in 2s...
[2026-02-04T07:39:13+0800] === ITERATION START ===
T: You've hit your usage limit for Opus You've saved $111 on API model usage this month with Pro+. Switch to a different model or set a Spend Limit to continue with Opus. Your usage limits will reset when your monthly cycle ends on 3/3/2026.
[2026-02-04T07:39:19+0800] Continue in 2s...
[2026-02-04T07:39:21+0800] === ITERATION START ===
T: You've hit your usage limit for Opus You've saved $111 on API model usage this month with Pro+. Switch to a different model or set a Spend Limit to continue with Opus. Your usage limits will reset when your monthly cycle ends on 3/3/2026.
[2026-02-04T07:39:26+0800] Continue in 2s...
[2026-02-04T07:39:28+0800] === ITERATION START ===
T: You've hit your usage limit for Opus You've saved $111 on API model usage this month with Pro+. Switch to a different model or set a Spend Limit to continue with Opus. Your usage limits will reset when your monthly cycle ends on 3/3/2026.
[2026-02-04T07:39:34+0800] Continue in 2s...
[2026-02-04T07:39:36+0800] === ITERATION START ===
T: You've hit your usage limit for Opus You've saved $111 on API model usage this month with Pro+. Switch to a different model or set a Spend Limit to continue with Opus. Your usage limits will reset when your monthly cycle ends on 3/3/2026.
[2026-02-04T07:39:41+0800] Continue in 2s...
[2026-02-04T07:39:43+0800] === ITERATION START ===
T: You've hit your usage limit for Opus You've saved $111 on API model usage this month with Pro+. Switch to a different model or set a Spend Limit to continue with Opus. Your usage limits will reset when your monthly cycle ends on 3/3/2026.
[2026-02-04T07:39:49+0800] Continue in 2s...
[2026-02-04T07:39:51+0800] === ITERATION START ===
T: You've hit your usage limit for Opus You've saved $111 on API model usage this month with Pro+. Switch to a different model or set a Spend Limit to continue with Opus. Your usage limits will reset when your monthly cycle ends on 3/3/2026.
[2026-02-04T07:39:56+0800] Continue in 2s...
[2026-02-04T07:39:58+0800] === ITERATION START ===
T: You've hit your usage limit for Opus You've saved $111 on API model usage this month with Pro+. Switch to a different model or set a Spend Limit to continue with Opus. Your usage limits will reset when your monthly cycle ends on 3/3/2026.
[2026-02-04T07:40:04+0800] Continue in 2s...
[2026-02-04T07:40:06+0800] === ITERATION START ===
T: You've hit your usage limit for Opus You've saved $111 on API model usage this month with Pro+. Switch to a different model or set a Spend Limit to continue with Opus. Your usage limits will reset when your monthly cycle ends on 3/3/2026.
[2026-02-04T07:40:12+0800] Continue in 2s...
[2026-02-04T07:40:14+0800] === ITERATION START ===
T: You've hit your usage limit for Opus You've saved $111 on API model usage this month with Pro+. Switch to a different model or set a Spend Limit to continue with Opus. Your usage limits will reset when your monthly cycle ends on 3/3/2026.
[2026-02-04T07:40:20+0800] Continue in 2s...
[2026-02-04T07:40:22+0800] === ITERATION START ===
T: You've hit your usage limit for Opus You've saved $111 on API model usage this month with Pro+. Switch to a different model or set a Spend Limit to continue with Opus. Your usage limits will reset when your monthly cycle ends on 3/3/2026.
[2026-02-04T07:40:28+0800] Continue in 2s...
[2026-02-04T07:40:30+0800] === ITERATION START ===
T: You've hit your usage limit for Opus You've saved $111 on API model usage this month with Pro+. Switch to a different model or set a Spend Limit to continue with Opus. Your usage limits will reset when your monthly cycle ends on 3/3/2026.
[2026-02-04T07:40:35+0800] Continue in 2s...
[2026-02-04T07:40:37+0800] === ITERATION START ===
T: You've hit your usage limit for Opus You've saved $111 on API model usage this month with Pro+. Switch to a different model or set a Spend Limit to continue with Opus. Your usage limits will reset when your monthly cycle ends on 3/3/2026.
[2026-02-04T07:40:43+0800] Continue in 2s...
[2026-02-04T07:40:45+0800] === ITERATION START ===
T: You've hit your usage limit for Opus You've saved $111 on API model usage this month with Pro+. Switch to a different model or set a Spend Limit to continue with Opus. Your usage limits will reset when your monthly cycle ends on 3/3/2026.
[2026-02-04T07:40:50+0800] Continue in 2s...
[2026-02-04T07:40:52+0800] === ITERATION START ===
T: You've hit your usage limit for Opus You've saved $111 on API model usage this month with Pro+. Switch to a different model or set a Spend Limit to continue with Opus. Your usage limits will reset when your monthly cycle ends on 3/3/2026.
[2026-02-04T07:40:58+0800] Continue in 2s...
[2026-02-04T07:41:00+0800] === ITERATION START ===
T: You've hit your usage limit for Opus You've saved $111 on API model usage this month with Pro+. Switch to a different model or set a Spend Limit to continue with Opus. Your usage limits will reset when your monthly cycle ends on 3/3/2026.
[2026-02-04T07:41:05+0800] Continue in 2s...
[2026-02-04T07:41:07+0800] === ITERATION START ===
T: You've hit your usage limit for Opus You've saved $111 on API model usage this month with Pro+. Switch to a different model or set a Spend Limit to continue with Opus. Your usage limits will reset when your monthly cycle ends on 3/3/2026.
[2026-02-04T07:41:13+0800] Continue in 2s...
[2026-02-04T07:41:15+0800] === ITERATION START ===
T: You've hit your usage limit for Opus You've saved $111 on API model usage this month with Pro+. Switch to a different model or set a Spend Limit to continue with Opus. Your usage limits will reset when your monthly cycle ends on 3/3/2026.
[2026-02-04T07:41:20+0800] Continue in 2s...
[2026-02-04T07:41:22+0800] === ITERATION START ===
T: You've hit your usage limit for Opus You've saved $111 on API model usage this month with Pro+. Switch to a different model or set a Spend Limit to continue with Opus. Your usage limits will reset when your monthly cycle ends on 3/3/2026.
[2026-02-04T07:41:28+0800] Continue in 2s...
[2026-02-04T07:41:30+0800] === ITERATION START ===
T: You've hit your usage limit for Opus You've saved $111 on API model usage this month with Pro+. Switch to a different model or set a Spend Limit to continue with Opus. Your usage limits will reset when your monthly cycle ends on 3/3/2026.
[2026-02-04T07:41:35+0800] Continue in 2s...
[2026-02-04T07:41:37+0800] === ITERATION START ===
T: You've hit your usage limit for Opus You've saved $111 on API model usage this month with Pro+. Switch to a different model or set a Spend Limit to continue with Opus. Your usage limits will reset when your monthly cycle ends on 3/3/2026.
[2026-02-04T07:41:43+0800] Continue in 2s...
[2026-02-04T07:41:45+0800] === ITERATION START ===
T: You've hit your usage limit for Opus You've saved $111 on API model usage this month with Pro+. Switch to a different model or set a Spend Limit to continue with Opus. Your usage limits will reset when your monthly cycle ends on 3/3/2026.
[2026-02-04T07:41:50+0800] Continue in 2s...
[2026-02-04T07:41:52+0800] === ITERATION START ===
T: You've hit your usage limit for Opus You've saved $111 on API model usage this month with Pro+. Switch to a different model or set a Spend Limit to continue with Opus. Your usage limits will reset when your monthly cycle ends on 3/3/2026.
[2026-02-04T07:41:58+0800] Continue in 2s...
[2026-02-04T07:42:00+0800] === ITERATION START ===
T: You've hit your usage limit for Opus You've saved $111 on API model usage this month with Pro+. Switch to a different model or set a Spend Limit to continue with Opus. Your usage limits will reset when your monthly cycle ends on 3/3/2026.
[2026-02-04T07:42:05+0800] Continue in 2s...
[2026-02-04T07:42:07+0800] === ITERATION START ===
T: You've hit your usage limit for Opus You've saved $111 on API model usage this month with Pro+. Switch to a different model or set a Spend Limit to continue with Opus. Your usage limits will reset when your monthly cycle ends on 3/3/2026.
[2026-02-04T07:42:13+0800] Continue in 2s...
[2026-02-04T07:42:15+0800] === ITERATION START ===
T: You've hit your usage limit for Opus You've saved $111 on API model usage this month with Pro+. Switch to a different model or set a Spend Limit to continue with Opus. Your usage limits will reset when your monthly cycle ends on 3/3/2026.
[2026-02-04T07:42:20+0800] Continue in 2s...
[2026-02-04T07:42:22+0800] === ITERATION START ===
T: You've hit your usage limit for Opus You've saved $111 on API model usage this month with Pro+. Switch to a different model or set a Spend Limit to continue with Opus. Your usage limits will reset when your monthly cycle ends on 3/3/2026.
[2026-02-04T07:42:28+0800] Continue in 2s...
[2026-02-04T07:42:30+0800] === ITERATION START ===
T: You've hit your usage limit for Opus You've saved $111 on API model usage this month with Pro+. Switch to a different model or set a Spend Limit to continue with Opus. Your usage limits will reset when your monthly cycle ends on 3/3/2026.
[2026-02-04T07:42:35+0800] Continue in 2s...
[2026-02-04T07:42:37+0800] === ITERATION START ===
T: You've hit your usage limit for Opus You've saved $111 on API model usage this month with Pro+. Switch to a different model or set a Spend Limit to continue with Opus. Your usage limits will reset when your monthly cycle ends on 3/3/2026.
[2026-02-04T07:42:43+0800] Continue in 2s...
[2026-02-04T07:42:45+0800] === ITERATION START ===
T: You've hit your usage limit for Opus You've saved $111 on API model usage this month with Pro+. Switch to a different model or set a Spend Limit to continue with Opus. Your usage limits will reset when your monthly cycle ends on 3/3/2026.
[2026-02-04T07:42:50+0800] Continue in 2s...
[2026-02-04T07:42:52+0800] === ITERATION START ===
T: You've hit your usage limit for Opus You've saved $111 on API model usage this month with Pro+. Switch to a different model or set a Spend Limit to continue with Opus. Your usage limits will reset when your monthly cycle ends on 3/3/2026.
[2026-02-04T07:42:58+0800] Continue in 2s...
[2026-02-04T07:43:00+0800] === ITERATION START ===
T: You've hit your usage limit for Opus You've saved $111 on API model usage this month with Pro+. Switch to a different model or set a Spend Limit to continue with Opus. Your usage limits will reset when your monthly cycle ends on 3/3/2026.
[2026-02-04T07:43:05+0800] Continue in 2s...
[2026-02-04T07:43:07+0800] === ITERATION START ===
T: You've hit your usage limit for Opus You've saved $111 on API model usage this month with Pro+. Switch to a different model or set a Spend Limit to continue with Opus. Your usage limits will reset when your monthly cycle ends on 3/3/2026.
[2026-02-04T07:43:13+0800] Continue in 2s...
[2026-02-04T07:43:15+0800] === ITERATION START ===
T: You've hit your usage limit for Opus You've saved $111 on API model usage this month with Pro+. Switch to a different model or set a Spend Limit to continue with Opus. Your usage limits will reset when your monthly cycle ends on 3/3/2026.
[2026-02-04T07:43:20+0800] Continue in 2s...
[2026-02-04T07:43:22+0800] === ITERATION START ===
T: You've hit your usage limit for Opus You've saved $111 on API model usage this month with Pro+. Switch to a different model or set a Spend Limit to continue with Opus. Your usage limits will reset when your monthly cycle ends on 3/3/2026.
[2026-02-04T07:43:28+0800] Continue in 2s...
[2026-02-04T07:43:30+0800] === ITERATION START ===
T: You've hit your usage limit for Opus You've saved $111 on API model usage this month with Pro+. Switch to a different model or set a Spend Limit to continue with Opus. Your usage limits will reset when your monthly cycle ends on 3/3/2026.
[2026-02-04T07:43:36+0800] Continue in 2s...
[2026-02-04T07:43:38+0800] === ITERATION START ===
T: You've hit your usage limit for Opus You've saved $111 on API model usage this month with Pro+. Switch to a different model or set a Spend Limit to continue with Opus. Your usage limits will reset when your monthly cycle ends on 3/3/2026.
[2026-02-04T07:43:43+0800] Continue in 2s...
[2026-02-04T07:43:45+0800] === ITERATION START ===
T: You've hit your usage limit for Opus You've saved $111 on API model usage this month with Pro+. Switch to a different model or set a Spend Limit to continue with Opus. Your usage limits will reset when your monthly cycle ends on 3/3/2026.
[2026-02-04T07:43:51+0800] Continue in 2s...
[2026-02-04T07:43:53+0800] === ITERATION START ===
T: You've hit your usage limit for Opus You've saved $111 on API model usage this month with Pro+. Switch to a different model or set a Spend Limit to continue with Opus. Your usage limits will reset when your monthly cycle ends on 3/3/2026.
[2026-02-04T07:43:58+0800] Continue in 2s...
[2026-02-04T07:44:00+0800] === ITERATION START ===
T: You've hit your usage limit for Opus You've saved $111 on API model usage this month with Pro+. Switch to a different model or set a Spend Limit to continue with Opus. Your usage limits will reset when your monthly cycle ends on 3/3/2026.
[2026-02-04T07:44:06+0800] Continue in 2s...
[2026-02-04T07:44:08+0800] === ITERATION START ===
T: You've hit your usage limit for Opus You've saved $111 on API model usage this month with Pro+. Switch to a different model or set a Spend Limit to continue with Opus. Your usage limits will reset when your monthly cycle ends on 3/3/2026.
[2026-02-04T07:44:13+0800] Continue in 2s...
[2026-02-04T07:44:15+0800] === ITERATION START ===
T: You've hit your usage limit for Opus You've saved $111 on API model usage this month with Pro+. Switch to a different model or set a Spend Limit to continue with Opus. Your usage limits will reset when your monthly cycle ends on 3/3/2026.
[2026-02-04T07:44:21+0800] Continue in 2s...
[2026-02-04T07:44:23+0800] === ITERATION START ===
T: You've hit your usage limit for Opus You've saved $111 on API model usage this month with Pro+. Switch to a different model or set a Spend Limit to continue with Opus. Your usage limits will reset when your monthly cycle ends on 3/3/2026.
[2026-02-04T07:44:28+0800] Continue in 2s...
[2026-02-04T07:44:30+0800] === ITERATION START ===
T: You've hit your usage limit for Opus You've saved $111 on API model usage this month with Pro+. Switch to a different model or set a Spend Limit to continue with Opus. Your usage limits will reset when your monthly cycle ends on 3/3/2026.
[2026-02-04T07:44:36+0800] Continue in 2s...
[2026-02-04T07:44:38+0800] === ITERATION START ===
T: You've hit your usage limit for Opus You've saved $111 on API model usage this month with Pro+. Switch to a different model or set a Spend Limit to continue with Opus. Your usage limits will reset when your monthly cycle ends on 3/3/2026.
[2026-02-04T07:44:43+0800] Continue in 2s...
[2026-02-04T07:44:45+0800] === ITERATION START ===
T: You've hit your usage limit for Opus You've saved $111 on API model usage this month with Pro+. Switch to a different model or set a Spend Limit to continue with Opus. Your usage limits will reset when your monthly cycle ends on 3/3/2026.
[2026-02-04T07:44:51+0800] Continue in 2s...
[2026-02-04T07:44:53+0800] === ITERATION START ===
T: You've hit your usage limit for Opus You've saved $111 on API model usage this month with Pro+. Switch to a different model or set a Spend Limit to continue with Opus. Your usage limits will reset when your monthly cycle ends on 3/3/2026.
[2026-02-04T07:44:58+0800] Continue in 2s...
[2026-02-04T07:45:00+0800] === ITERATION START ===
T: You've hit your usage limit for Opus You've saved $111 on API model usage this month with Pro+. Switch to a different model or set a Spend Limit to continue with Opus. Your usage limits will reset when your monthly cycle ends on 3/3/2026.
[2026-02-04T07:45:06+0800] Continue in 2s...
[2026-02-04T07:45:08+0800] === ITERATION START ===
T: You've hit your usage limit for Opus You've saved $111 on API model usage this month with Pro+. Switch to a different model or set a Spend Limit to continue with Opus. Your usage limits will reset when your monthly cycle ends on 3/3/2026.
[2026-02-04T07:45:13+0800] Continue in 2s...
[2026-02-04T07:45:15+0800] === ITERATION START ===
T: You've hit your usage limit for Opus You've saved $111 on API model usage this month with Pro+. Switch to a different model or set a Spend Limit to continue with Opus. Your usage limits will reset when your monthly cycle ends on 3/3/2026.
[2026-02-04T07:45:21+0800] Continue in 2s...
[2026-02-04T07:45:23+0800] === ITERATION START ===
T: You've hit your usage limit for Opus You've saved $111 on API model usage this month with Pro+. Switch to a different model or set a Spend Limit to continue with Opus. Your usage limits will reset when your monthly cycle ends on 3/3/2026.
[2026-02-04T07:45:28+0800] Continue in 2s...
[2026-02-04T07:45:31+0800] === ITERATION START ===
T: You've hit your usage limit for Opus You've saved $111 on API model usage this month with Pro+. Switch to a different model or set a Spend Limit to continue with Opus. Your usage limits will reset when your monthly cycle ends on 3/3/2026.
[2026-02-04T07:45:36+0800] Continue in 2s...
[2026-02-04T07:45:38+0800] === ITERATION START ===
T: You've hit your usage limit for Opus You've saved $111 on API model usage this month with Pro+. Switch to a different model or set a Spend Limit to continue with Opus. Your usage limits will reset when your monthly cycle ends on 3/3/2026.
[2026-02-04T07:45:45+0800] Continue in 2s...
[2026-02-04T07:45:47+0800] === ITERATION START ===
T: You've hit your usage limit for Opus You've saved $111 on API model usage this month with Pro+. Switch to a different model or set a Spend Limit to continue with Opus. Your usage limits will reset when your monthly cycle ends on 3/3/2026.
[2026-02-04T07:45:52+0800] Continue in 2s...
[2026-02-04T07:45:54+0800] === ITERATION START ===
T: You've hit your usage limit for Opus You've saved $111 on API model usage this month with Pro+. Switch to a different model or set a Spend Limit to continue with Opus. Your usage limits will reset when your monthly cycle ends on 3/3/2026.
[2026-02-04T07:46:00+0800] Continue in 2s...
[2026-02-04T07:46:02+0800] === ITERATION START ===
T: You've hit your usage limit for Opus You've saved $111 on API model usage this month with Pro+. Switch to a different model or set a Spend Limit to continue with Opus. Your usage limits will reset when your monthly cycle ends on 3/3/2026.
[2026-02-04T07:46:08+0800] Continue in 2s...
[2026-02-04T07:46:10+0800] === ITERATION START ===
T: You've hit your usage limit for Opus You've saved $111 on API model usage this month with Pro+. Switch to a different model or set a Spend Limit to continue with Opus. Your usage limits will reset when your monthly cycle ends on 3/3/2026.
[2026-02-04T07:46:15+0800] Continue in 2s...
[2026-02-04T07:46:17+0800] === ITERATION START ===
T: You've hit your usage limit for Opus You've saved $111 on API model usage this month with Pro+. Switch to a different model or set a Spend Limit to continue with Opus. Your usage limits will reset when your monthly cycle ends on 3/3/2026.
[2026-02-04T07:46:23+0800] Continue in 2s...
[2026-02-04T07:46:25+0800] === ITERATION START ===
T: You've hit your usage limit for Opus You've saved $111 on API model usage this month with Pro+. Switch to a different model or set a Spend Limit to continue with Opus. Your usage limits will reset when your monthly cycle ends on 3/3/2026.
[2026-02-04T07:46:30+0800] Continue in 2s...
[2026-02-04T07:46:32+0800] === ITERATION START ===
T: You've hit your usage limit for Opus You've saved $111 on API model usage this month with Pro+. Switch to a different model or set a Spend Limit to continue with Opus. Your usage limits will reset when your monthly cycle ends on 3/3/2026.
[2026-02-04T07:46:38+0800] Continue in 2s...
[2026-02-04T07:46:40+0800] === ITERATION START ===
T: You've hit your usage limit for Opus You've saved $111 on API model usage this month with Pro+. Switch to a different model or set a Spend Limit to continue with Opus. Your usage limits will reset when your monthly cycle ends on 3/3/2026.
[2026-02-04T07:46:45+0800] Continue in 2s...
[2026-02-04T07:46:48+0800] === ITERATION START ===
T: You've hit your usage limit for Opus You've saved $111 on API model usage this month with Pro+. Switch to a different model or set a Spend Limit to continue with Opus. Your usage limits will reset when your monthly cycle ends on 3/3/2026.
[2026-02-04T07:46:53+0800] Continue in 2s...
[2026-02-04T07:46:55+0800] === ITERATION START ===
T: You've hit your usage limit for Opus You've saved $111 on API model usage this month with Pro+. Switch to a different model or set a Spend Limit to continue with Opus. Your usage limits will reset when your monthly cycle ends on 3/3/2026.
[2026-02-04T07:47:01+0800] Continue in 2s...
[2026-02-04T07:47:03+0800] === ITERATION START ===
T: You've hit your usage limit for Opus You've saved $111 on API model usage this month with Pro+. Switch to a different model or set a Spend Limit to continue with Opus. Your usage limits will reset when your monthly cycle ends on 3/3/2026.
[2026-02-04T07:47:08+0800] Continue in 2s...
[2026-02-04T07:47:11+0800] === ITERATION START ===
T: You've hit your usage limit for Opus You've saved $111 on API model usage this month with Pro+. Switch to a different model or set a Spend Limit to continue with Opus. Your usage limits will reset when your monthly cycle ends on 3/3/2026.
[2026-02-04T07:47:19+0800] Continue in 2s...
[2026-02-04T07:47:21+0800] === ITERATION START ===
T: You've hit your usage limit for Opus You've saved $111 on API model usage this month with Pro+. Switch to a different model or set a Spend Limit to continue with Opus. Your usage limits will reset when your monthly cycle ends on 3/3/2026.
[2026-02-04T07:47:27+0800] Continue in 2s...
[2026-02-04T07:47:29+0800] === ITERATION START ===
T: You've hit your usage limit for Opus You've saved $111 on API model usage this month with Pro+. Switch to a different model or set a Spend Limit to continue with Opus. Your usage limits will reset when your monthly cycle ends on 3/3/2026.
[2026-02-04T07:47:34+0800] Continue in 2s...
[2026-02-04T07:47:36+0800] === ITERATION START ===
T: You've hit your usage limit for Opus You've saved $111 on API model usage this month with Pro+. Switch to a different model or set a Spend Limit to continue with Opus. Your usage limits will reset when your monthly cycle ends on 3/3/2026.
[2026-02-04T07:47:42+0800] Continue in 2s...
[2026-02-04T07:47:44+0800] === ITERATION START ===
T: You've hit your usage limit for Opus You've saved $111 on API model usage this month with Pro+. Switch to a different model or set a Spend Limit to continue with Opus. Your usage limits will reset when your monthly cycle ends on 3/3/2026.
[2026-02-04T07:47:49+0800] Continue in 2s...
[2026-02-04T07:47:51+0800] === ITERATION START ===
T: You've hit your usage limit for Opus You've saved $111 on API model usage this month with Pro+. Switch to a different model or set a Spend Limit to continue with Opus. Your usage limits will reset when your monthly cycle ends on 3/3/2026.
[2026-02-04T07:47:57+0800] Continue in 2s...
[2026-02-04T07:47:59+0800] === ITERATION START ===
T: You've hit your usage limit for Opus You've saved $111 on API model usage this month with Pro+. Switch to a different model or set a Spend Limit to continue with Opus. Your usage limits will reset when your monthly cycle ends on 3/3/2026.
[2026-02-04T07:48:04+0800] Continue in 2s...
[2026-02-04T07:48:06+0800] === ITERATION START ===
T: You've hit your usage limit for Opus You've saved $111 on API model usage this month with Pro+. Switch to a different model or set a Spend Limit to continue with Opus. Your usage limits will reset when your monthly cycle ends on 3/3/2026.
[2026-02-04T07:48:12+0800] Continue in 2s...
[2026-02-04T07:48:14+0800] === ITERATION START ===
T: You've hit your usage limit for Opus You've saved $111 on API model usage this month with Pro+. Switch to a different model or set a Spend Limit to continue with Opus. Your usage limits will reset when your monthly cycle ends on 3/3/2026.
[2026-02-04T07:48:19+0800] Continue in 2s...
[2026-02-04T07:48:21+0800] === ITERATION START ===
T: You've hit your usage limit for Opus You've saved $111 on API model usage this month with Pro+. Switch to a different model or set a Spend Limit to continue with Opus. Your usage limits will reset when your monthly cycle ends on 3/3/2026.
[2026-02-04T07:48:27+0800] Continue in 2s...
[2026-02-04T07:48:29+0800] === ITERATION START ===
T: You've hit your usage limit for Opus You've saved $111 on API model usage this month with Pro+. Switch to a different model or set a Spend Limit to continue with Opus. Your usage limits will reset when your monthly cycle ends on 3/3/2026.
[2026-02-04T07:48:34+0800] Continue in 2s...
[2026-02-04T07:48:36+0800] === ITERATION START ===
T: You've hit your usage limit for Opus You've saved $111 on API model usage this month with Pro+. Switch to a different model or set a Spend Limit to continue with Opus. Your usage limits will reset when your monthly cycle ends on 3/3/2026.
[2026-02-04T07:48:41+0800] Continue in 2s...
[2026-02-04T07:48:44+0800] === ITERATION START ===
T: You've hit your usage limit for Opus You've saved $111 on API model usage this month with Pro+. Switch to a different model or set a Spend Limit to continue with Opus. Your usage limits will reset when your monthly cycle ends on 3/3/2026.
[2026-02-04T07:48:49+0800] Continue in 2s...
[2026-02-04T07:48:51+0800] === ITERATION START ===
T: You've hit your usage limit for Opus You've saved $111 on API model usage this month with Pro+. Switch to a different model or set a Spend Limit to continue with Opus. Your usage limits will reset when your monthly cycle ends on 3/3/2026.
[2026-02-04T07:48:57+0800] Continue in 2s...
[2026-02-04T07:48:59+0800] === ITERATION START ===
T: You've hit your usage limit for Opus You've saved $111 on API model usage this month with Pro+. Switch to a different model or set a Spend Limit to continue with Opus. Your usage limits will reset when your monthly cycle ends on 3/3/2026.
[2026-02-04T07:49:04+0800] Continue in 2s...
[2026-02-04T07:49:06+0800] === ITERATION START ===
T: You've hit your usage limit for Opus You've saved $111 on API model usage this month with Pro+. Switch to a different model or set a Spend Limit to continue with Opus. Your usage limits will reset when your monthly cycle ends on 3/3/2026.
[2026-02-04T07:49:12+0800] Continue in 2s...
[2026-02-04T07:49:14+0800] === ITERATION START ===
T: You've hit your usage limit for Opus You've saved $111 on API model usage this month with Pro+. Switch to a different model or set a Spend Limit to continue with Opus. Your usage limits will reset when your monthly cycle ends on 3/3/2026.
[2026-02-04T07:49:19+0800] Continue in 2s...
[2026-02-04T07:49:21+0800] === ITERATION START ===
T: You've hit your usage limit for Opus You've saved $111 on API model usage this month with Pro+. Switch to a different model or set a Spend Limit to continue with Opus. Your usage limits will reset when your monthly cycle ends on 3/3/2026.
[2026-02-04T07:49:27+0800] Continue in 2s...
[2026-02-04T07:49:29+0800] === ITERATION START ===
T: You've hit your usage limit for Opus You've saved $111 on API model usage this month with Pro+. Switch to a different model or set a Spend Limit to continue with Opus. Your usage limits will reset when your monthly cycle ends on 3/3/2026.
[2026-02-04T07:49:34+0800] Continue in 2s...
[2026-02-04T07:49:36+0800] === ITERATION START ===
T: You've hit your usage limit for Opus You've saved $111 on API model usage this month with Pro+. Switch to a different model or set a Spend Limit to continue with Opus. Your usage limits will reset when your monthly cycle ends on 3/3/2026.
[2026-02-04T07:49:42+0800] Continue in 2s...
[2026-02-04T07:49:44+0800] === ITERATION START ===
T: You've hit your usage limit for Opus You've saved $111 on API model usage this month with Pro+. Switch to a different model or set a Spend Limit to continue with Opus. Your usage limits will reset when your monthly cycle ends on 3/3/2026.
[2026-02-04T07:49:49+0800] Continue in 2s...
[2026-02-04T07:49:51+0800] === ITERATION START ===
T: You've hit your usage limit for Opus You've saved $111 on API model usage this month with Pro+. Switch to a different model or set a Spend Limit to continue with Opus. Your usage limits will reset when your monthly cycle ends on 3/3/2026.
[2026-02-04T07:49:57+0800] Continue in 2s...
[2026-02-04T07:49:59+0800] === ITERATION START ===
T: You've hit your usage limit for Opus You've saved $111 on API model usage this month with Pro+. Switch to a different model or set a Spend Limit to continue with Opus. Your usage limits will reset when your monthly cycle ends on 3/3/2026.
[2026-02-04T07:50:05+0800] Continue in 2s...
[2026-02-04T07:50:07+0800] === ITERATION START ===
T: You've hit your usage limit for Opus You've saved $111 on API model usage this month with Pro+. Switch to a different model or set a Spend Limit to continue with Opus. Your usage limits will reset when your monthly cycle ends on 3/3/2026.
[2026-02-04T07:50:12+0800] Continue in 2s...
[2026-02-04T07:50:14+0800] === ITERATION START ===
T: You've hit your usage limit for Opus You've saved $111 on API model usage this month with Pro+. Switch to a different model or set a Spend Limit to continue with Opus. Your usage limits will reset when your monthly cycle ends on 3/3/2026.
[2026-02-04T07:50:19+0800] Continue in 2s...
[2026-02-04T07:50:22+0800] === ITERATION START ===
T: You've hit your usage limit for Opus You've saved $111 on API model usage this month with Pro+. Switch to a different model or set a Spend Limit to continue with Opus. Your usage limits will reset when your monthly cycle ends on 3/3/2026.
[2026-02-04T07:50:27+0800] Continue in 2s...
[2026-02-04T07:50:29+0800] === ITERATION START ===
T: You've hit your usage limit for Opus You've saved $111 on API model usage this month with Pro+. Switch to a different model or set a Spend Limit to continue with Opus. Your usage limits will reset when your monthly cycle ends on 3/3/2026.
[2026-02-04T07:50:35+0800] Continue in 2s...
[2026-02-04T07:50:37+0800] === ITERATION START ===
T: You've hit your usage limit for Opus You've saved $111 on API model usage this month with Pro+. Switch to a different model or set a Spend Limit to continue with Opus. Your usage limits will reset when your monthly cycle ends on 3/3/2026.
[2026-02-04T07:50:42+0800] Continue in 2s...
[2026-02-04T07:50:44+0800] === ITERATION START ===
T: You've hit your usage limit for Opus You've saved $111 on API model usage this month with Pro+. Switch to a different model or set a Spend Limit to continue with Opus. Your usage limits will reset when your monthly cycle ends on 3/3/2026.
[2026-02-04T07:50:50+0800] Continue in 2s...
[2026-02-04T07:50:52+0800] === ITERATION START ===
T: You've hit your usage limit for Opus You've saved $111 on API model usage this month with Pro+. Switch to a different model or set a Spend Limit to continue with Opus. Your usage limits will reset when your monthly cycle ends on 3/3/2026.
[2026-02-04T07:50:58+0800] Continue in 2s...
[2026-02-04T07:51:00+0800] === ITERATION START ===
T: You've hit your usage limit for Opus You've saved $111 on API model usage this month with Pro+. Switch to a different model or set a Spend Limit to continue with Opus. Your usage limits will reset when your monthly cycle ends on 3/3/2026.
[2026-02-04T07:51:05+0800] Continue in 2s...
[2026-02-04T07:51:07+0800] === ITERATION START ===
T: You've hit your usage limit for Opus You've saved $111 on API model usage this month with Pro+. Switch to a different model or set a Spend Limit to continue with Opus. Your usage limits will reset when your monthly cycle ends on 3/3/2026.
[2026-02-04T07:51:13+0800] Continue in 2s...
[2026-02-04T07:51:15+0800] === ITERATION START ===
T: You've hit your usage limit for Opus You've saved $111 on API model usage this month with Pro+. Switch to a different model or set a Spend Limit to continue with Opus. Your usage limits will reset when your monthly cycle ends on 3/3/2026.
[2026-02-04T07:51:20+0800] Continue in 2s...
[2026-02-04T07:51:22+0800] === ITERATION START ===
T: You've hit your usage limit for Opus You've saved $111 on API model usage this month with Pro+. Switch to a different model or set a Spend Limit to continue with Opus. Your usage limits will reset when your monthly cycle ends on 3/3/2026.
[2026-02-04T07:51:28+0800] Continue in 2s...
[2026-02-04T07:51:30+0800] === ITERATION START ===
T: You've hit your usage limit for Opus You've saved $111 on API model usage this month with Pro+. Switch to a different model or set a Spend Limit to continue with Opus. Your usage limits will reset when your monthly cycle ends on 3/3/2026.
[2026-02-04T07:51:36+0800] Continue in 2s...
[2026-02-04T07:51:38+0800] === ITERATION START ===
T: You've hit your usage limit for Opus You've saved $111 on API model usage this month with Pro+. Switch to a different model or set a Spend Limit to continue with Opus. Your usage limits will reset when your monthly cycle ends on 3/3/2026.
[2026-02-04T07:51:43+0800] Continue in 2s...
[2026-02-04T07:51:45+0800] === ITERATION START ===
T: You've hit your usage limit for Opus You've saved $111 on API model usage this month with Pro+. Switch to a different model or set a Spend Limit to continue with Opus. Your usage limits will reset when your monthly cycle ends on 3/3/2026.
[2026-02-04T07:51:51+0800] Continue in 2s...
[2026-02-04T07:51:53+0800] === ITERATION START ===
T: You've hit your usage limit for Opus You've saved $111 on API model usage this month with Pro+. Switch to a different model or set a Spend Limit to continue with Opus. Your usage limits will reset when your monthly cycle ends on 3/3/2026.
[2026-02-04T07:51:58+0800] Continue in 2s...
[2026-02-04T07:52:00+0800] === ITERATION START ===
T: You've hit your usage limit for Opus You've saved $111 on API model usage this month with Pro+. Switch to a different model or set a Spend Limit to continue with Opus. Your usage limits will reset when your monthly cycle ends on 3/3/2026.
[2026-02-04T07:52:06+0800] Continue in 2s...
[2026-02-04T07:52:08+0800] === ITERATION START ===
T: You've hit your usage limit for Opus You've saved $111 on API model usage this month with Pro+. Switch to a different model or set a Spend Limit to continue with Opus. Your usage limits will reset when your monthly cycle ends on 3/3/2026.
[2026-02-04T07:52:13+0800] Continue in 2s...
[2026-02-04T07:52:15+0800] === ITERATION START ===
T: You've hit your usage limit for Opus You've saved $111 on API model usage this month with Pro+. Switch to a different model or set a Spend Limit to continue with Opus. Your usage limits will reset when your monthly cycle ends on 3/3/2026.
[2026-02-04T07:52:21+0800] Continue in 2s...
[2026-02-04T07:52:23+0800] === ITERATION START ===
T: You've hit your usage limit for Opus You've saved $111 on API model usage this month with Pro+. Switch to a different model or set a Spend Limit to continue with Opus. Your usage limits will reset when your monthly cycle ends on 3/3/2026.
[2026-02-04T07:52:28+0800] Continue in 2s...
[2026-02-04T07:52:30+0800] === ITERATION START ===
T: You've hit your usage limit for Opus You've saved $111 on API model usage this month with Pro+. Switch to a different model or set a Spend Limit to continue with Opus. Your usage limits will reset when your monthly cycle ends on 3/3/2026.
[2026-02-04T07:52:36+0800] Continue in 2s...
[2026-02-04T07:52:38+0800] === ITERATION START ===
T: You've hit your usage limit for Opus You've saved $111 on API model usage this month with Pro+. Switch to a different model or set a Spend Limit to continue with Opus. Your usage limits will reset when your monthly cycle ends on 3/3/2026.
[2026-02-04T07:52:43+0800] Continue in 2s...
[2026-02-04T07:52:45+0800] === ITERATION START ===
T: You've hit your usage limit for Opus You've saved $111 on API model usage this month with Pro+. Switch to a different model or set a Spend Limit to continue with Opus. Your usage limits will reset when your monthly cycle ends on 3/3/2026.
[2026-02-04T07:52:51+0800] Continue in 2s...
[2026-02-04T07:52:53+0800] === ITERATION START ===
T: You've hit your usage limit for Opus You've saved $111 on API model usage this month with Pro+. Switch to a different model or set a Spend Limit to continue with Opus. Your usage limits will reset when your monthly cycle ends on 3/3/2026.
[2026-02-04T07:52:58+0800] Continue in 2s...
[2026-02-04T07:53:00+0800] === ITERATION START ===
T: You've hit your usage limit for Opus You've saved $111 on API model usage this month with Pro+. Switch to a different model or set a Spend Limit to continue with Opus. Your usage limits will reset when your monthly cycle ends on 3/3/2026.
[2026-02-04T07:53:06+0800] Continue in 2s...
[2026-02-04T07:53:08+0800] === ITERATION START ===
T: You've hit your usage limit for Opus You've saved $111 on API model usage this month with Pro+. Switch to a different model or set a Spend Limit to continue with Opus. Your usage limits will reset when your monthly cycle ends on 3/3/2026.
[2026-02-04T07:53:13+0800] Continue in 2s...
[2026-02-04T07:53:15+0800] === ITERATION START ===
T: You've hit your usage limit for Opus You've saved $111 on API model usage this month with Pro+. Switch to a different model or set a Spend Limit to continue with Opus. Your usage limits will reset when your monthly cycle ends on 3/3/2026.
[2026-02-04T07:53:21+0800] Continue in 2s...
[2026-02-04T07:53:23+0800] === ITERATION START ===
T: You've hit your usage limit for Opus You've saved $111 on API model usage this month with Pro+. Switch to a different model or set a Spend Limit to continue with Opus. Your usage limits will reset when your monthly cycle ends on 3/3/2026.
[2026-02-04T07:53:28+0800] Continue in 2s...
[2026-02-04T07:53:30+0800] === ITERATION START ===
T: You've hit your usage limit for Opus You've saved $111 on API model usage this month with Pro+. Switch to a different model or set a Spend Limit to continue with Opus. Your usage limits will reset when your monthly cycle ends on 3/3/2026.
[2026-02-04T07:53:36+0800] Continue in 2s...
[2026-02-04T07:53:38+0800] === ITERATION START ===
T: You've hit your usage limit for Opus You've saved $111 on API model usage this month with Pro+. Switch to a different model or set a Spend Limit to continue with Opus. Your usage limits will reset when your monthly cycle ends on 3/3/2026.
[2026-02-04T07:53:44+0800] Continue in 2s...
[2026-02-04T07:53:46+0800] === ITERATION START ===
T: You've hit your usage limit for Opus You've saved $111 on API model usage this month with Pro+. Switch to a different model or set a Spend Limit to continue with Opus. Your usage limits will reset when your monthly cycle ends on 3/3/2026.
[2026-02-04T07:53:52+0800] Continue in 2s...
[2026-02-04T07:53:54+0800] === ITERATION START ===
T: You've hit your usage limit for Opus You've saved $111 on API model usage this month with Pro+. Switch to a different model or set a Spend Limit to continue with Opus. Your usage limits will reset when your monthly cycle ends on 3/3/2026.
[2026-02-04T07:53:59+0800] Continue in 2s...
[2026-02-04T07:54:02+0800] === ITERATION START ===
T: You've hit your usage limit for Opus You've saved $111 on API model usage this month with Pro+. Switch to a different model or set a Spend Limit to continue with Opus. Your usage limits will reset when your monthly cycle ends on 3/3/2026.
[2026-02-04T07:54:07+0800] Continue in 2s...
[2026-02-04T07:54:09+0800] === ITERATION START ===
T: You've hit your usage limit for Opus You've saved $111 on API model usage this month with Pro+. Switch to a different model or set a Spend Limit to continue with Opus. Your usage limits will reset when your monthly cycle ends on 3/3/2026.
[2026-02-04T07:54:16+0800] Continue in 2s...
[2026-02-04T07:54:18+0800] === ITERATION START ===
T: You've hit your usage limit for Opus You've saved $111 on API model usage this month with Pro+. Switch to a different model or set a Spend Limit to continue with Opus. Your usage limits will reset when your monthly cycle ends on 3/3/2026.
[2026-02-04T07:54:23+0800] Continue in 2s...
[2026-02-04T07:54:25+0800] === ITERATION START ===
T: You've hit your usage limit for Opus You've saved $111 on API model usage this month with Pro+. Switch to a different model or set a Spend Limit to continue with Opus. Your usage limits will reset when your monthly cycle ends on 3/3/2026.
[2026-02-04T07:54:31+0800] Continue in 2s...
[2026-02-04T07:54:33+0800] === ITERATION START ===
T: You've hit your usage limit for Opus You've saved $111 on API model usage this month with Pro+. Switch to a different model or set a Spend Limit to continue with Opus. Your usage limits will reset when your monthly cycle ends on 3/3/2026.
[2026-02-04T07:54:39+0800] Continue in 2s...
[2026-02-04T07:54:41+0800] === ITERATION START ===
T: You've hit your usage limit for Opus You've saved $111 on API model usage this month with Pro+. Switch to a different model or set a Spend Limit to continue with Opus. Your usage limits will reset when your monthly cycle ends on 3/3/2026.
[2026-02-04T07:54:46+0800] Continue in 2s...
[2026-02-04T07:54:48+0800] === ITERATION START ===
T: You've hit your usage limit for Opus You've saved $111 on API model usage this month with Pro+. Switch to a different model or set a Spend Limit to continue with Opus. Your usage limits will reset when your monthly cycle ends on 3/3/2026.
[2026-02-04T07:54:54+0800] Continue in 2s...
[2026-02-04T07:54:56+0800] === ITERATION START ===
T: You've hit your usage limit for Opus You've saved $111 on API model usage this month with Pro+. Switch to a different model or set a Spend Limit to continue with Opus. Your usage limits will reset when your monthly cycle ends on 3/3/2026.
[2026-02-04T07:55:01+0800] Continue in 2s...
[2026-02-04T07:55:03+0800] === ITERATION START ===
T: You've hit your usage limit for Opus You've saved $111 on API model usage this month with Pro+. Switch to a different model or set a Spend Limit to continue with Opus. Your usage limits will reset when your monthly cycle ends on 3/3/2026.
[2026-02-04T07:55:09+0800] Continue in 2s...
[2026-02-04T07:55:11+0800] === ITERATION START ===
T: You've hit your usage limit for Opus You've saved $111 on API model usage this month with Pro+. Switch to a different model or set a Spend Limit to continue with Opus. Your usage limits will reset when your monthly cycle ends on 3/3/2026.
[2026-02-04T07:55:17+0800] Continue in 2s...
[2026-02-04T07:55:19+0800] === ITERATION START ===
T: You've hit your usage limit for Opus You've saved $111 on API model usage this month with Pro+. Switch to a different model or set a Spend Limit to continue with Opus. Your usage limits will reset when your monthly cycle ends on 3/3/2026.
[2026-02-04T07:55:24+0800] Continue in 2s...
[2026-02-04T07:55:26+0800] === ITERATION START ===
T: You've hit your usage limit for Opus You've saved $111 on API model usage this month with Pro+. Switch to a different model or set a Spend Limit to continue with Opus. Your usage limits will reset when your monthly cycle ends on 3/3/2026.
[2026-02-04T07:55:32+0800] Continue in 2s...
[2026-02-04T07:55:34+0800] === ITERATION START ===
T: You've hit your usage limit for Opus You've saved $111 on API model usage this month with Pro+. Switch to a different model or set a Spend Limit to continue with Opus. Your usage limits will reset when your monthly cycle ends on 3/3/2026.
[2026-02-04T07:55:39+0800] Continue in 2s...
[2026-02-04T07:55:41+0800] === ITERATION START ===
T: You've hit your usage limit for Opus You've saved $111 on API model usage this month with Pro+. Switch to a different model or set a Spend Limit to continue with Opus. Your usage limits will reset when your monthly cycle ends on 3/3/2026.
[2026-02-04T07:55:47+0800] Continue in 2s...
[2026-02-04T07:55:49+0800] === ITERATION START ===
T: You've hit your usage limit for Opus You've saved $111 on API model usage this month with Pro+. Switch to a different model or set a Spend Limit to continue with Opus. Your usage limits will reset when your monthly cycle ends on 3/3/2026.
[2026-02-04T07:55:54+0800] Continue in 2s...
[2026-02-04T07:55:56+0800] === ITERATION START ===
T: You've hit your usage limit for Opus You've saved $111 on API model usage this month with Pro+. Switch to a different model or set a Spend Limit to continue with Opus. Your usage limits will reset when your monthly cycle ends on 3/3/2026.
[2026-02-04T07:56:02+0800] Continue in 2s...
[2026-02-04T07:56:04+0800] === ITERATION START ===
T: You've hit your usage limit for Opus You've saved $111 on API model usage this month with Pro+. Switch to a different model or set a Spend Limit to continue with Opus. Your usage limits will reset when your monthly cycle ends on 3/3/2026.
[2026-02-04T07:56:09+0800] Continue in 2s...
[2026-02-04T07:56:11+0800] === ITERATION START ===
T: You've hit your usage limit for Opus You've saved $111 on API model usage this month with Pro+. Switch to a different model or set a Spend Limit to continue with Opus. Your usage limits will reset when your monthly cycle ends on 3/3/2026.
[2026-02-04T07:56:17+0800] Continue in 2s...
[2026-02-04T07:56:19+0800] === ITERATION START ===
T: You've hit your usage limit for Opus You've saved $111 on API model usage this month with Pro+. Switch to a different model or set a Spend Limit to continue with Opus. Your usage limits will reset when your monthly cycle ends on 3/3/2026.
[2026-02-04T07:56:24+0800] Continue in 2s...
[2026-02-04T07:56:26+0800] === ITERATION START ===
T: You've hit your usage limit for Opus You've saved $111 on API model usage this month with Pro+. Switch to a different model or set a Spend Limit to continue with Opus. Your usage limits will reset when your monthly cycle ends on 3/3/2026.
[2026-02-04T07:56:32+0800] Continue in 2s...
[2026-02-04T07:56:34+0800] === ITERATION START ===
T: You've hit your usage limit for Opus You've saved $111 on API model usage this month with Pro+. Switch to a different model or set a Spend Limit to continue with Opus. Your usage limits will reset when your monthly cycle ends on 3/3/2026.
[2026-02-04T07:56:39+0800] Continue in 2s...
[2026-02-04T07:56:41+0800] === ITERATION START ===
T: You've hit your usage limit for Opus You've saved $111 on API model usage this month with Pro+. Switch to a different model or set a Spend Limit to continue with Opus. Your usage limits will reset when your monthly cycle ends on 3/3/2026.
[2026-02-04T07:56:47+0800] Continue in 2s...
[2026-02-04T07:56:49+0800] === ITERATION START ===
T: You've hit your usage limit for Opus You've saved $111 on API model usage this month with Pro+. Switch to a different model or set a Spend Limit to continue with Opus. Your usage limits will reset when your monthly cycle ends on 3/3/2026.
[2026-02-04T07:56:55+0800] Continue in 2s...
[2026-02-04T07:56:57+0800] === ITERATION START ===
T: You've hit your usage limit for Opus You've saved $111 on API model usage this month with Pro+. Switch to a different model or set a Spend Limit to continue with Opus. Your usage limits will reset when your monthly cycle ends on 3/3/2026.
[2026-02-04T07:57:02+0800] Continue in 2s...
[2026-02-04T07:57:04+0800] === ITERATION START ===
T: You've hit your usage limit for Opus You've saved $111 on API model usage this month with Pro+. Switch to a different model or set a Spend Limit to continue with Opus. Your usage limits will reset when your monthly cycle ends on 3/3/2026.
[2026-02-04T07:57:10+0800] Continue in 2s...
[2026-02-04T07:57:12+0800] === ITERATION START ===
T: You've hit your usage limit for Opus You've saved $111 on API model usage this month with Pro+. Switch to a different model or set a Spend Limit to continue with Opus. Your usage limits will reset when your monthly cycle ends on 3/3/2026.
[2026-02-04T07:57:17+0800] Continue in 2s...
[2026-02-04T07:57:19+0800] === ITERATION START ===
T: You've hit your usage limit for Opus You've saved $111 on API model usage this month with Pro+. Switch to a different model or set a Spend Limit to continue with Opus. Your usage limits will reset when your monthly cycle ends on 3/3/2026.
[2026-02-04T07:57:24+0800] Continue in 2s...
[2026-02-04T07:57:27+0800] === ITERATION START ===
T: You've hit your usage limit for Opus You've saved $111 on API model usage this month with Pro+. Switch to a different model or set a Spend Limit to continue with Opus. Your usage limits will reset when your monthly cycle ends on 3/3/2026.
[2026-02-04T07:57:32+0800] Continue in 2s...
[2026-02-04T07:57:34+0800] === ITERATION START ===
T: You've hit your usage limit for Opus You've saved $111 on API model usage this month with Pro+. Switch to a different model or set a Spend Limit to continue with Opus. Your usage limits will reset when your monthly cycle ends on 3/3/2026.
[2026-02-04T07:57:39+0800] Continue in 2s...
[2026-02-04T07:57:41+0800] === ITERATION START ===
T: You've hit your usage limit for Opus You've saved $111 on API model usage this month with Pro+. Switch to a different model or set a Spend Limit to continue with Opus. Your usage limits will reset when your monthly cycle ends on 3/3/2026.
[2026-02-04T07:57:47+0800] Continue in 2s...
[2026-02-04T07:57:49+0800] === ITERATION START ===
T: You've hit your usage limit for Opus You've saved $111 on API model usage this month with Pro+. Switch to a different model or set a Spend Limit to continue with Opus. Your usage limits will reset when your monthly cycle ends on 3/3/2026.
[2026-02-04T07:57:55+0800] Continue in 2s...
[2026-02-04T07:57:57+0800] === ITERATION START ===
T: You've hit your usage limit for Opus You've saved $111 on API model usage this month with Pro+. Switch to a different model or set a Spend Limit to continue with Opus. Your usage limits will reset when your monthly cycle ends on 3/3/2026.
[2026-02-04T07:58:02+0800] Continue in 2s...
[2026-02-04T07:58:04+0800] === ITERATION START ===
T: You've hit your usage limit for Opus You've saved $111 on API model usage this month with Pro+. Switch to a different model or set a Spend Limit to continue with Opus. Your usage limits will reset when your monthly cycle ends on 3/3/2026.
[2026-02-04T07:58:10+0800] Continue in 2s...
[2026-02-04T07:58:12+0800] === ITERATION START ===
T: You've hit your usage limit for Opus You've saved $111 on API model usage this month with Pro+. Switch to a different model or set a Spend Limit to continue with Opus. Your usage limits will reset when your monthly cycle ends on 3/3/2026.
[2026-02-04T07:58:17+0800] Continue in 2s...
[2026-02-04T07:58:20+0800] === ITERATION START ===
T: You've hit your usage limit for Opus You've saved $111 on API model usage this month with Pro+. Switch to a different model or set a Spend Limit to continue with Opus. Your usage limits will reset when your monthly cycle ends on 3/3/2026.
[2026-02-04T07:58:25+0800] Continue in 2s...
[2026-02-04T07:58:27+0800] === ITERATION START ===
T: You've hit your usage limit for Opus You've saved $111 on API model usage this month with Pro+. Switch to a different model or set a Spend Limit to continue with Opus. Your usage limits will reset when your monthly cycle ends on 3/3/2026.
[2026-02-04T07:58:32+0800] Continue in 2s...
[2026-02-04T07:58:34+0800] === ITERATION START ===
T: You've hit your usage limit for Opus You've saved $111 on API model usage this month with Pro+. Switch to a different model or set a Spend Limit to continue with Opus. Your usage limits will reset when your monthly cycle ends on 3/3/2026.
[2026-02-04T07:58:40+0800] Continue in 2s...
[2026-02-04T07:58:42+0800] === ITERATION START ===
T: You've hit your usage limit for Opus You've saved $111 on API model usage this month with Pro+. Switch to a different model or set a Spend Limit to continue with Opus. Your usage limits will reset when your monthly cycle ends on 3/3/2026.
[2026-02-04T07:58:48+0800] Continue in 2s...
[2026-02-04T07:58:50+0800] === ITERATION START ===
T: You've hit your usage limit for Opus You've saved $111 on API model usage this month with Pro+. Switch to a different model or set a Spend Limit to continue with Opus. Your usage limits will reset when your monthly cycle ends on 3/3/2026.
[2026-02-04T07:58:55+0800] Continue in 2s...
[2026-02-04T07:58:57+0800] === ITERATION START ===
T: You've hit your usage limit for Opus You've saved $111 on API model usage this month with Pro+. Switch to a different model or set a Spend Limit to continue with Opus. Your usage limits will reset when your monthly cycle ends on 3/3/2026.
[2026-02-04T07:59:03+0800] Continue in 2s...
[2026-02-04T07:59:05+0800] === ITERATION START ===
T: You've hit your usage limit for Opus You've saved $111 on API model usage this month with Pro+. Switch to a different model or set a Spend Limit to continue with Opus. Your usage limits will reset when your monthly cycle ends on 3/3/2026.
[2026-02-04T07:59:10+0800] Continue in 2s...
[2026-02-04T07:59:12+0800] === ITERATION START ===
T: You've hit your usage limit for Opus You've saved $111 on API model usage this month with Pro+. Switch to a different model or set a Spend Limit to continue with Opus. Your usage limits will reset when your monthly cycle ends on 3/3/2026.
[2026-02-04T07:59:18+0800] Continue in 2s...
[2026-02-04T07:59:20+0800] === ITERATION START ===
T: You've hit your usage limit for Opus You've saved $111 on API model usage this month with Pro+. Switch to a different model or set a Spend Limit to continue with Opus. Your usage limits will reset when your monthly cycle ends on 3/3/2026.
[2026-02-04T07:59:26+0800] Continue in 2s...
[2026-02-04T07:59:28+0800] === ITERATION START ===
T: You've hit your usage limit for Opus You've saved $111 on API model usage this month with Pro+. Switch to a different model or set a Spend Limit to continue with Opus. Your usage limits will reset when your monthly cycle ends on 3/3/2026.
[2026-02-04T07:59:33+0800] Continue in 2s...
[2026-02-04T07:59:35+0800] === ITERATION START ===
T: You've hit your usage limit for Opus You've saved $111 on API model usage this month with Pro+. Switch to a different model or set a Spend Limit to continue with Opus. Your usage limits will reset when your monthly cycle ends on 3/3/2026.
[2026-02-04T07:59:41+0800] Continue in 2s...
[2026-02-04T07:59:43+0800] === ITERATION START ===
T: You've hit your usage limit for Opus You've saved $111 on API model usage this month with Pro+. Switch to a different model or set a Spend Limit to continue with Opus. Your usage limits will reset when your monthly cycle ends on 3/3/2026.
[2026-02-04T07:59:48+0800] Continue in 2s...
[2026-02-04T07:59:50+0800] === ITERATION START ===
T: You've hit your usage limit for Opus You've saved $111 on API model usage this month with Pro+. Switch to a different model or set a Spend Limit to continue with Opus. Your usage limits will reset when your monthly cycle ends on 3/3/2026.
[2026-02-04T07:59:56+0800] Continue in 2s...
[2026-02-04T07:59:58+0800] === ITERATION START ===
T: You've hit your usage limit for Opus You've saved $111 on API model usage this month with Pro+. Switch to a different model or set a Spend Limit to continue with Opus. Your usage limits will reset when your monthly cycle ends on 3/3/2026.
[2026-02-04T08:00:03+0800] Continue in 2s...
[2026-02-04T08:00:05+0800] === ITERATION START ===
T: You've hit your usage limit for Opus You've saved $111 on API model usage this month with Pro+. Switch to a different model or set a Spend Limit to continue with Opus. Your usage limits will reset when your monthly cycle ends on 3/3/2026.
[2026-02-04T08:00:11+0800] Continue in 2s...
[2026-02-04T08:00:13+0800] === ITERATION START ===
T: You've hit your usage limit for Opus You've saved $111 on API model usage this month with Pro+. Switch to a different model or set a Spend Limit to continue with Opus. Your usage limits will reset when your monthly cycle ends on 3/3/2026.
[2026-02-04T08:00:18+0800] Continue in 2s...
[2026-02-04T08:00:21+0800] === ITERATION START ===
T: You've hit your usage limit for Opus You've saved $111 on API model usage this month with Pro+. Switch to a different model or set a Spend Limit to continue with Opus. Your usage limits will reset when your monthly cycle ends on 3/3/2026.
[2026-02-04T08:00:26+0800] Continue in 2s...
[2026-02-04T08:00:28+0800] === ITERATION START ===
T: You've hit your usage limit for Opus You've saved $111 on API model usage this month with Pro+. Switch to a different model or set a Spend Limit to continue with Opus. Your usage limits will reset when your monthly cycle ends on 3/3/2026.
[2026-02-04T08:00:33+0800] Continue in 2s...
[2026-02-04T08:00:35+0800] === ITERATION START ===
T: You've hit your usage limit for Opus You've saved $111 on API model usage this month with Pro+. Switch to a different model or set a Spend Limit to continue with Opus. Your usage limits will reset when your monthly cycle ends on 3/3/2026.
[2026-02-04T08:00:41+0800] Continue in 2s...
[2026-02-04T08:00:43+0800] === ITERATION START ===
T: You've hit your usage limit for Opus You've saved $111 on API model usage this month with Pro+. Switch to a different model or set a Spend Limit to continue with Opus. Your usage limits will reset when your monthly cycle ends on 3/3/2026.
[2026-02-04T08:00:49+0800] Continue in 2s...
[2026-02-04T08:00:51+0800] === ITERATION START ===
T: You've hit your usage limit for Opus You've saved $111 on API model usage this month with Pro+. Switch to a different model or set a Spend Limit to continue with Opus. Your usage limits will reset when your monthly cycle ends on 3/3/2026.
[2026-02-04T08:00:56+0800] Continue in 2s...
[2026-02-04T08:00:58+0800] === ITERATION START ===
T: You've hit your usage limit for Opus You've saved $111 on API model usage this month with Pro+. Switch to a different model or set a Spend Limit to continue with Opus. Your usage limits will reset when your monthly cycle ends on 3/3/2026.
[2026-02-04T08:01:03+0800] Continue in 2s...
[2026-02-04T08:01:05+0800] === ITERATION START ===
T: You've hit your usage limit for Opus You've saved $111 on API model usage this month with Pro+. Switch to a different model or set a Spend Limit to continue with Opus. Your usage limits will reset when your monthly cycle ends on 3/3/2026.
[2026-02-04T08:01:11+0800] Continue in 2s...
[2026-02-04T08:01:13+0800] === ITERATION START ===
T: You've hit your usage limit for Opus You've saved $111 on API model usage this month with Pro+. Switch to a different model or set a Spend Limit to continue with Opus. Your usage limits will reset when your monthly cycle ends on 3/3/2026.
[2026-02-04T08:01:18+0800] Continue in 2s...
[2026-02-04T08:01:21+0800] === ITERATION START ===
T: You've hit your usage limit for Opus You've saved $111 on API model usage this month with Pro+. Switch to a different model or set a Spend Limit to continue with Opus. Your usage limits will reset when your monthly cycle ends on 3/3/2026.
[2026-02-04T08:01:26+0800] Continue in 2s...
[2026-02-04T08:01:28+0800] === ITERATION START ===
T: You've hit your usage limit for Opus You've saved $111 on API model usage this month with Pro+. Switch to a different model or set a Spend Limit to continue with Opus. Your usage limits will reset when your monthly cycle ends on 3/3/2026.
[2026-02-04T08:01:33+0800] Continue in 2s...
[2026-02-04T08:01:35+0800] === ITERATION START ===
T: You've hit your usage limit for Opus You've saved $111 on API model usage this month with Pro+. Switch to a different model or set a Spend Limit to continue with Opus. Your usage limits will reset when your monthly cycle ends on 3/3/2026.
[2026-02-04T08:01:41+0800] Continue in 2s...
[2026-02-04T08:01:43+0800] === ITERATION START ===
T: You've hit your usage limit for Opus You've saved $111 on API model usage this month with Pro+. Switch to a different model or set a Spend Limit to continue with Opus. Your usage limits will reset when your monthly cycle ends on 3/3/2026.
[2026-02-04T08:01:48+0800] Continue in 2s...
[2026-02-04T08:01:51+0800] === ITERATION START ===
T: You've hit your usage limit for Opus You've saved $111 on API model usage this month with Pro+. Switch to a different model or set a Spend Limit to continue with Opus. Your usage limits will reset when your monthly cycle ends on 3/3/2026.
[2026-02-04T08:01:56+0800] Continue in 2s...
[2026-02-04T08:01:58+0800] === ITERATION START ===
T: You've hit your usage limit for Opus You've saved $111 on API model usage this month with Pro+. Switch to a different model or set a Spend Limit to continue with Opus. Your usage limits will reset when your monthly cycle ends on 3/3/2026.
[2026-02-04T08:02:04+0800] Continue in 2s...
[2026-02-04T08:02:06+0800] === ITERATION START ===
T: You've hit your usage limit for Opus You've saved $111 on API model usage this month with Pro+. Switch to a different model or set a Spend Limit to continue with Opus. Your usage limits will reset when your monthly cycle ends on 3/3/2026.
[2026-02-04T08:02:11+0800] Continue in 2s...
[2026-02-04T08:02:13+0800] === ITERATION START ===
T: You've hit your usage limit for Opus You've saved $111 on API model usage this month with Pro+. Switch to a different model or set a Spend Limit to continue with Opus. Your usage limits will reset when your monthly cycle ends on 3/3/2026.
[2026-02-04T08:02:19+0800] Continue in 2s...
[2026-02-04T08:02:21+0800] === ITERATION START ===
T: You've hit your usage limit for Opus You've saved $111 on API model usage this month with Pro+. Switch to a different model or set a Spend Limit to continue with Opus. Your usage limits will reset when your monthly cycle ends on 3/3/2026.
[2026-02-04T08:02:26+0800] Continue in 2s...
[2026-02-04T08:02:28+0800] === ITERATION START ===
T: You've hit your usage limit for Opus You've saved $111 on API model usage this month with Pro+. Switch to a different model or set a Spend Limit to continue with Opus. Your usage limits will reset when your monthly cycle ends on 3/3/2026.
[2026-02-04T08:02:34+0800] Continue in 2s...
[2026-02-04T08:02:36+0800] === ITERATION START ===
T: You've hit your usage limit for Opus You've saved $111 on API model usage this month with Pro+. Switch to a different model or set a Spend Limit to continue with Opus. Your usage limits will reset when your monthly cycle ends on 3/3/2026.
[2026-02-04T08:02:41+0800] Continue in 2s...
[2026-02-04T08:02:43+0800] === ITERATION START ===
T: You've hit your usage limit for Opus You've saved $111 on API model usage this month with Pro+. Switch to a different model or set a Spend Limit to continue with Opus. Your usage limits will reset when your monthly cycle ends on 3/3/2026.
[2026-02-04T08:02:49+0800] Continue in 2s...
[2026-02-04T08:02:51+0800] === ITERATION START ===
T: You've hit your usage limit for Opus You've saved $111 on API model usage this month with Pro+. Switch to a different model or set a Spend Limit to continue with Opus. Your usage limits will reset when your monthly cycle ends on 3/3/2026.
[2026-02-04T08:02:56+0800] Continue in 2s...
[2026-02-04T08:02:58+0800] === ITERATION START ===
T: You've hit your usage limit for Opus You've saved $111 on API model usage this month with Pro+. Switch to a different model or set a Spend Limit to continue with Opus. Your usage limits will reset when your monthly cycle ends on 3/3/2026.
[2026-02-04T08:03:04+0800] Continue in 2s...
[2026-02-04T08:03:06+0800] === ITERATION START ===
T: You've hit your usage limit for Opus You've saved $111 on API model usage this month with Pro+. Switch to a different model or set a Spend Limit to continue with Opus. Your usage limits will reset when your monthly cycle ends on 3/3/2026.
[2026-02-04T08:03:11+0800] Continue in 2s...
[2026-02-04T08:03:13+0800] === ITERATION START ===
T: You've hit your usage limit for Opus You've saved $111 on API model usage this month with Pro+. Switch to a different model or set a Spend Limit to continue with Opus. Your usage limits will reset when your monthly cycle ends on 3/3/2026.
[2026-02-04T08:03:19+0800] Continue in 2s...
[2026-02-04T08:03:21+0800] === ITERATION START ===
T: You've hit your usage limit for Opus You've saved $111 on API model usage this month with Pro+. Switch to a different model or set a Spend Limit to continue with Opus. Your usage limits will reset when your monthly cycle ends on 3/3/2026.
[2026-02-04T08:03:26+0800] Continue in 2s...
[2026-02-04T08:03:28+0800] === ITERATION START ===
T: You've hit your usage limit for Opus You've saved $111 on API model usage this month with Pro+. Switch to a different model or set a Spend Limit to continue with Opus. Your usage limits will reset when your monthly cycle ends on 3/3/2026.
[2026-02-04T08:03:34+0800] Continue in 2s...
[2026-02-04T08:03:36+0800] === ITERATION START ===
T: You've hit your usage limit for Opus You've saved $111 on API model usage this month with Pro+. Switch to a different model or set a Spend Limit to continue with Opus. Your usage limits will reset when your monthly cycle ends on 3/3/2026.
[2026-02-04T08:03:41+0800] Continue in 2s...
[2026-02-04T08:03:44+0800] === ITERATION START ===
T: You've hit your usage limit for Opus You've saved $111 on API model usage this month with Pro+. Switch to a different model or set a Spend Limit to continue with Opus. Your usage limits will reset when your monthly cycle ends on 3/3/2026.
[2026-02-04T08:03:49+0800] Continue in 2s...
[2026-02-04T08:03:51+0800] === ITERATION START ===
T: You've hit your usage limit for Opus You've saved $111 on API model usage this month with Pro+. Switch to a different model or set a Spend Limit to continue with Opus. Your usage limits will reset when your monthly cycle ends on 3/3/2026.
[2026-02-04T08:03:57+0800] Continue in 2s...
[2026-02-04T08:03:59+0800] === ITERATION START ===
T: You've hit your usage limit for Opus You've saved $111 on API model usage this month with Pro+. Switch to a different model or set a Spend Limit to continue with Opus. Your usage limits will reset when your monthly cycle ends on 3/3/2026.
[2026-02-04T08:04:04+0800] Continue in 2s...
[2026-02-04T08:04:06+0800] === ITERATION START ===
T: You've hit your usage limit for Opus You've saved $111 on API model usage this month with Pro+. Switch to a different model or set a Spend Limit to continue with Opus. Your usage limits will reset when your monthly cycle ends on 3/3/2026.
[2026-02-04T08:04:12+0800] Continue in 2s...
[2026-02-04T08:04:14+0800] === ITERATION START ===
T: You've hit your usage limit for Opus You've saved $111 on API model usage this month with Pro+. Switch to a different model or set a Spend Limit to continue with Opus. Your usage limits will reset when your monthly cycle ends on 3/3/2026.
[2026-02-04T08:04:19+0800] Continue in 2s...
[2026-02-04T08:04:21+0800] === ITERATION START ===
T: You've hit your usage limit for Opus You've saved $111 on API model usage this month with Pro+. Switch to a different model or set a Spend Limit to continue with Opus. Your usage limits will reset when your monthly cycle ends on 3/3/2026.
[2026-02-04T08:04:27+0800] Continue in 2s...
[2026-02-04T08:04:29+0800] === ITERATION START ===
T: You've hit your usage limit for Opus You've saved $111 on API model usage this month with Pro+. Switch to a different model or set a Spend Limit to continue with Opus. Your usage limits will reset when your monthly cycle ends on 3/3/2026.
[2026-02-04T08:04:34+0800] Continue in 2s...
[2026-02-04T08:04:36+0800] === ITERATION START ===
T: You've hit your usage limit for Opus You've saved $111 on API model usage this month with Pro+. Switch to a different model or set a Spend Limit to continue with Opus. Your usage limits will reset when your monthly cycle ends on 3/3/2026.
[2026-02-04T08:04:42+0800] Continue in 2s...
[2026-02-04T08:04:44+0800] === ITERATION START ===
T: You've hit your usage limit for Opus You've saved $111 on API model usage this month with Pro+. Switch to a different model or set a Spend Limit to continue with Opus. Your usage limits will reset when your monthly cycle ends on 3/3/2026.
[2026-02-04T08:04:49+0800] Continue in 2s...
[2026-02-04T08:04:51+0800] === ITERATION START ===
T: You've hit your usage limit for Opus You've saved $111 on API model usage this month with Pro+. Switch to a different model or set a Spend Limit to continue with Opus. Your usage limits will reset when your monthly cycle ends on 3/3/2026.
[2026-02-04T08:04:57+0800] Continue in 2s...
[2026-02-04T08:04:59+0800] === ITERATION START ===
T: You've hit your usage limit for Opus You've saved $111 on API model usage this month with Pro+. Switch to a different model or set a Spend Limit to continue with Opus. Your usage limits will reset when your monthly cycle ends on 3/3/2026.
[2026-02-04T08:05:04+0800] Continue in 2s...
[2026-02-04T08:05:06+0800] === ITERATION START ===
T: You've hit your usage limit for Opus You've saved $111 on API model usage this month with Pro+. Switch to a different model or set a Spend Limit to continue with Opus. Your usage limits will reset when your monthly cycle ends on 3/3/2026.
[2026-02-04T08:05:12+0800] Continue in 2s...
[2026-02-04T08:05:14+0800] === ITERATION START ===
T: You've hit your usage limit for Opus You've saved $111 on API model usage this month with Pro+. Switch to a different model or set a Spend Limit to continue with Opus. Your usage limits will reset when your monthly cycle ends on 3/3/2026.
[2026-02-04T08:05:20+0800] Continue in 2s...
[2026-02-04T08:05:22+0800] === ITERATION START ===
T: You've hit your usage limit for Opus You've saved $111 on API model usage this month with Pro+. Switch to a different model or set a Spend Limit to continue with Opus. Your usage limits will reset when your monthly cycle ends on 3/3/2026.
[2026-02-04T08:05:27+0800] Continue in 2s...
[2026-02-04T08:05:29+0800] === ITERATION START ===
T: You've hit your usage limit for Opus You've saved $111 on API model usage this month with Pro+. Switch to a different model or set a Spend Limit to continue with Opus. Your usage limits will reset when your monthly cycle ends on 3/3/2026.
[2026-02-04T08:05:35+0800] Continue in 2s...
[2026-02-04T08:05:37+0800] === ITERATION START ===
T: You've hit your usage limit for Opus You've saved $111 on API model usage this month with Pro+. Switch to a different model or set a Spend Limit to continue with Opus. Your usage limits will reset when your monthly cycle ends on 3/3/2026.
[2026-02-04T08:05:42+0800] Continue in 2s...
[2026-02-04T08:05:45+0800] === ITERATION START ===
T: You've hit your usage limit for Opus You've saved $111 on API model usage this month with Pro+. Switch to a different model or set a Spend Limit to continue with Opus. Your usage limits will reset when your monthly cycle ends on 3/3/2026.
[2026-02-04T08:05:50+0800] Continue in 2s...
[2026-02-04T08:05:52+0800] === ITERATION START ===
T: You've hit your usage limit for Opus You've saved $111 on API model usage this month with Pro+. Switch to a different model or set a Spend Limit to continue with Opus. Your usage limits will reset when your monthly cycle ends on 3/3/2026.
[2026-02-04T08:05:58+0800] Continue in 2s...
[2026-02-04T08:06:00+0800] === ITERATION START ===
T: You've hit your usage limit for Opus You've saved $111 on API model usage this month with Pro+. Switch to a different model or set a Spend Limit to continue with Opus. Your usage limits will reset when your monthly cycle ends on 3/3/2026.
[2026-02-04T08:06:05+0800] Continue in 2s...
[2026-02-04T08:06:07+0800] === ITERATION START ===
T: You've hit your usage limit for Opus You've saved $111 on API model usage this month with Pro+. Switch to a different model or set a Spend Limit to continue with Opus. Your usage limits will reset when your monthly cycle ends on 3/3/2026.
[2026-02-04T08:06:13+0800] Continue in 2s...
[2026-02-04T08:06:15+0800] === ITERATION START ===
T: You've hit your usage limit for Opus You've saved $111 on API model usage this month with Pro+. Switch to a different model or set a Spend Limit to continue with Opus. Your usage limits will reset when your monthly cycle ends on 3/3/2026.
[2026-02-04T08:06:21+0800] Continue in 2s...
[2026-02-04T08:06:23+0800] === ITERATION START ===
T: You've hit your usage limit for Opus You've saved $111 on API model usage this month with Pro+. Switch to a different model or set a Spend Limit to continue with Opus. Your usage limits will reset when your monthly cycle ends on 3/3/2026.
[2026-02-04T08:06:28+0800] Continue in 2s...
[2026-02-04T08:06:30+0800] === ITERATION START ===
T: You've hit your usage limit for Opus You've saved $111 on API model usage this month with Pro+. Switch to a different model or set a Spend Limit to continue with Opus. Your usage limits will reset when your monthly cycle ends on 3/3/2026.
[2026-02-04T08:06:36+0800] Continue in 2s...
[2026-02-04T08:06:38+0800] === ITERATION START ===
T: You've hit your usage limit for Opus You've saved $111 on API model usage this month with Pro+. Switch to a different model or set a Spend Limit to continue with Opus. Your usage limits will reset when your monthly cycle ends on 3/3/2026.
[2026-02-04T08:06:43+0800] Continue in 2s...
[2026-02-04T08:06:45+0800] === ITERATION START ===
T: You've hit your usage limit for Opus You've saved $111 on API model usage this month with Pro+. Switch to a different model or set a Spend Limit to continue with Opus. Your usage limits will reset when your monthly cycle ends on 3/3/2026.
[2026-02-04T08:06:51+0800] Continue in 2s...
[2026-02-04T08:06:53+0800] === ITERATION START ===
T: You've hit your usage limit for Opus You've saved $111 on API model usage this month with Pro+. Switch to a different model or set a Spend Limit to continue with Opus. Your usage limits will reset when your monthly cycle ends on 3/3/2026.
[2026-02-04T08:06:59+0800] Continue in 2s...
[2026-02-04T08:07:01+0800] === ITERATION START ===
T: You've hit your usage limit for Opus You've saved $111 on API model usage this month with Pro+. Switch to a different model or set a Spend Limit to continue with Opus. Your usage limits will reset when your monthly cycle ends on 3/3/2026.
[2026-02-04T08:07:06+0800] Continue in 2s...
[2026-02-04T08:07:08+0800] === ITERATION START ===
T: You've hit your usage limit for Opus You've saved $111 on API model usage this month with Pro+. Switch to a different model or set a Spend Limit to continue with Opus. Your usage limits will reset when your monthly cycle ends on 3/3/2026.
[2026-02-04T08:07:14+0800] Continue in 2s...
[2026-02-04T08:07:16+0800] === ITERATION START ===
T: You've hit your usage limit for Opus You've saved $111 on API model usage this month with Pro+. Switch to a different model or set a Spend Limit to continue with Opus. Your usage limits will reset when your monthly cycle ends on 3/3/2026.
[2026-02-04T08:07:21+0800] Continue in 2s...
[2026-02-04T08:07:23+0800] === ITERATION START ===
T: You've hit your usage limit for Opus You've saved $111 on API model usage this month with Pro+. Switch to a different model or set a Spend Limit to continue with Opus. Your usage limits will reset when your monthly cycle ends on 3/3/2026.
[2026-02-04T08:07:29+0800] Continue in 2s...
[2026-02-04T08:07:31+0800] === ITERATION START ===
T: You've hit your usage limit for Opus You've saved $111 on API model usage this month with Pro+. Switch to a different model or set a Spend Limit to continue with Opus. Your usage limits will reset when your monthly cycle ends on 3/3/2026.
[2026-02-04T08:07:36+0800] Continue in 2s...
[2026-02-04T08:07:38+0800] === ITERATION START ===
T: You've hit your usage limit for Opus You've saved $111 on API model usage this month with Pro+. Switch to a different model or set a Spend Limit to continue with Opus. Your usage limits will reset when your monthly cycle ends on 3/3/2026.
[2026-02-04T08:07:44+0800] Continue in 2s...
[2026-02-04T08:07:46+0800] === ITERATION START ===
T: You've hit your usage limit for Opus You've saved $111 on API model usage this month with Pro+. Switch to a different model or set a Spend Limit to continue with Opus. Your usage limits will reset when your monthly cycle ends on 3/3/2026.
[2026-02-04T08:07:51+0800] Continue in 2s...
[2026-02-04T08:07:53+0800] === ITERATION START ===
T: You've hit your usage limit for Opus You've saved $111 on API model usage this month with Pro+. Switch to a different model or set a Spend Limit to continue with Opus. Your usage limits will reset when your monthly cycle ends on 3/3/2026.
[2026-02-04T08:07:59+0800] Continue in 2s...
[2026-02-04T08:08:01+0800] === ITERATION START ===
T: You've hit your usage limit for Opus You've saved $111 on API model usage this month with Pro+. Switch to a different model or set a Spend Limit to continue with Opus. Your usage limits will reset when your monthly cycle ends on 3/3/2026.
[2026-02-04T08:08:06+0800] Continue in 2s...
[2026-02-04T08:08:08+0800] === ITERATION START ===
T: You've hit your usage limit for Opus You've saved $111 on API model usage this month with Pro+. Switch to a different model or set a Spend Limit to continue with Opus. Your usage limits will reset when your monthly cycle ends on 3/3/2026.
[2026-02-04T08:08:13+0800] Continue in 2s...
[2026-02-04T08:08:15+0800] === ITERATION START ===
T: You've hit your usage limit for Opus You've saved $111 on API model usage this month with Pro+. Switch to a different model or set a Spend Limit to continue with Opus. Your usage limits will reset when your monthly cycle ends on 3/3/2026.
[2026-02-04T08:08:21+0800] Continue in 2s...
[2026-02-04T08:08:23+0800] === ITERATION START ===
T: You've hit your usage limit for Opus You've saved $111 on API model usage this month with Pro+. Switch to a different model or set a Spend Limit to continue with Opus. Your usage limits will reset when your monthly cycle ends on 3/3/2026.
[2026-02-04T08:08:28+0800] Continue in 2s...
[2026-02-04T08:08:30+0800] === ITERATION START ===
T: You've hit your usage limit for Opus You've saved $111 on API model usage this month with Pro+. Switch to a different model or set a Spend Limit to continue with Opus. Your usage limits will reset when your monthly cycle ends on 3/3/2026.
[2026-02-04T08:08:36+0800] Continue in 2s...
[2026-02-04T08:08:38+0800] === ITERATION START ===
T: You've hit your usage limit for Opus You've saved $111 on API model usage this month with Pro+. Switch to a different model or set a Spend Limit to continue with Opus. Your usage limits will reset when your monthly cycle ends on 3/3/2026.
[2026-02-04T08:08:43+0800] Continue in 2s...
[2026-02-04T08:08:45+0800] === ITERATION START ===
T: You've hit your usage limit for Opus You've saved $111 on API model usage this month with Pro+. Switch to a different model or set a Spend Limit to continue with Opus. Your usage limits will reset when your monthly cycle ends on 3/3/2026.
[2026-02-04T08:08:51+0800] Continue in 2s...
[2026-02-04T08:08:53+0800] === ITERATION START ===
T: You've hit your usage limit for Opus You've saved $111 on API model usage this month with Pro+. Switch to a different model or set a Spend Limit to continue with Opus. Your usage limits will reset when your monthly cycle ends on 3/3/2026.
[2026-02-04T08:08:59+0800] Continue in 2s...
[2026-02-04T08:09:01+0800] === ITERATION START ===
T: You've hit your usage limit for Opus You've saved $111 on API model usage this month with Pro+. Switch to a different model or set a Spend Limit to continue with Opus. Your usage limits will reset when your monthly cycle ends on 3/3/2026.
[2026-02-04T08:09:06+0800] Continue in 2s...
[2026-02-04T08:09:08+0800] === ITERATION START ===
T: You've hit your usage limit for Opus You've saved $111 on API model usage this month with Pro+. Switch to a different model or set a Spend Limit to continue with Opus. Your usage limits will reset when your monthly cycle ends on 3/3/2026.
[2026-02-04T08:09:14+0800] Continue in 2s...
[2026-02-04T08:09:16+0800] === ITERATION START ===
T: You've hit your usage limit for Opus You've saved $111 on API model usage this month with Pro+. Switch to a different model or set a Spend Limit to continue with Opus. Your usage limits will reset when your monthly cycle ends on 3/3/2026.
[2026-02-04T08:09:21+0800] Continue in 2s...
[2026-02-04T08:09:23+0800] === ITERATION START ===
T: You've hit your usage limit for Opus You've saved $111 on API model usage this month with Pro+. Switch to a different model or set a Spend Limit to continue with Opus. Your usage limits will reset when your monthly cycle ends on 3/3/2026.
[2026-02-04T08:09:29+0800] Continue in 2s...
[2026-02-04T08:09:31+0800] === ITERATION START ===
T: You've hit your usage limit for Opus You've saved $111 on API model usage this month with Pro+. Switch to a different model or set a Spend Limit to continue with Opus. Your usage limits will reset when your monthly cycle ends on 3/3/2026.
[2026-02-04T08:09:36+0800] Continue in 2s...
[2026-02-04T08:09:38+0800] === ITERATION START ===
T: You've hit your usage limit for Opus You've saved $111 on API model usage this month with Pro+. Switch to a different model or set a Spend Limit to continue with Opus. Your usage limits will reset when your monthly cycle ends on 3/3/2026.
[2026-02-04T08:09:44+0800] Continue in 2s...
[2026-02-04T08:09:46+0800] === ITERATION START ===
T: You've hit your usage limit for Opus You've saved $111 on API model usage this month with Pro+. Switch to a different model or set a Spend Limit to continue with Opus. Your usage limits will reset when your monthly cycle ends on 3/3/2026.
[2026-02-04T08:09:51+0800] Continue in 2s...
[2026-02-04T08:09:53+0800] === ITERATION START ===
T: You've hit your usage limit for Opus You've saved $111 on API model usage this month with Pro+. Switch to a different model or set a Spend Limit to continue with Opus. Your usage limits will reset when your monthly cycle ends on 3/3/2026.
[2026-02-04T08:09:59+0800] Continue in 2s...
[2026-02-04T08:10:01+0800] === ITERATION START ===
T: You've hit your usage limit for Opus You've saved $111 on API model usage this month with Pro+. Switch to a different model or set a Spend Limit to continue with Opus. Your usage limits will reset when your monthly cycle ends on 3/3/2026.
[2026-02-04T08:10:06+0800] Continue in 2s...
[2026-02-04T08:10:08+0800] === ITERATION START ===
T: You've hit your usage limit for Opus You've saved $111 on API model usage this month with Pro+. Switch to a different model or set a Spend Limit to continue with Opus. Your usage limits will reset when your monthly cycle ends on 3/3/2026.
[2026-02-04T08:10:14+0800] Continue in 2s...
[2026-02-04T08:10:16+0800] === ITERATION START ===
T: You've hit your usage limit for Opus You've saved $111 on API model usage this month with Pro+. Switch to a different model or set a Spend Limit to continue with Opus. Your usage limits will reset when your monthly cycle ends on 3/3/2026.
[2026-02-04T08:10:22+0800] Continue in 2s...
[2026-02-04T08:10:24+0800] === ITERATION START ===
T: You've hit your usage limit for Opus You've saved $111 on API model usage this month with Pro+. Switch to a different model or set a Spend Limit to continue with Opus. Your usage limits will reset when your monthly cycle ends on 3/3/2026.
[2026-02-04T08:10:30+0800] Continue in 2s...
[2026-02-04T08:10:32+0800] === ITERATION START ===
T: You've hit your usage limit for Opus You've saved $111 on API model usage this month with Pro+. Switch to a different model or set a Spend Limit to continue with Opus. Your usage limits will reset when your monthly cycle ends on 3/3/2026.
[2026-02-04T08:10:37+0800] Continue in 2s...
[2026-02-04T08:10:39+0800] === ITERATION START ===
T: You've hit your usage limit for Opus You've saved $111 on API model usage this month with Pro+. Switch to a different model or set a Spend Limit to continue with Opus. Your usage limits will reset when your monthly cycle ends on 3/3/2026.
[2026-02-04T08:10:45+0800] Continue in 2s...
[2026-02-04T08:10:47+0800] === ITERATION START ===
T: You've hit your usage limit for Opus You've saved $111 on API model usage this month with Pro+. Switch to a different model or set a Spend Limit to continue with Opus. Your usage limits will reset when your monthly cycle ends on 3/3/2026.
[2026-02-04T08:10:53+0800] Continue in 2s...
[2026-02-04T08:10:55+0800] === ITERATION START ===
T: You've hit your usage limit for Opus You've saved $111 on API model usage this month with Pro+. Switch to a different model or set a Spend Limit to continue with Opus. Your usage limits will reset when your monthly cycle ends on 3/3/2026.
[2026-02-04T08:11:00+0800] Continue in 2s...
[2026-02-04T08:11:02+0800] === ITERATION START ===
T: You've hit your usage limit for Opus You've saved $111 on API model usage this month with Pro+. Switch to a different model or set a Spend Limit to continue with Opus. Your usage limits will reset when your monthly cycle ends on 3/3/2026.
[2026-02-04T08:11:08+0800] Continue in 2s...
[2026-02-04T08:11:10+0800] === ITERATION START ===
T: You've hit your usage limit for Opus You've saved $111 on API model usage this month with Pro+. Switch to a different model or set a Spend Limit to continue with Opus. Your usage limits will reset when your monthly cycle ends on 3/3/2026.
[2026-02-04T08:11:15+0800] Continue in 2s...
[2026-02-04T08:11:17+0800] === ITERATION START ===
T: You've hit your usage limit for Opus You've saved $111 on API model usage this month with Pro+. Switch to a different model or set a Spend Limit to continue with Opus. Your usage limits will reset when your monthly cycle ends on 3/3/2026.
[2026-02-04T08:11:23+0800] Continue in 2s...
[2026-02-04T08:11:25+0800] === ITERATION START ===
T: You've hit your usage limit for Opus You've saved $111 on API model usage this month with Pro+. Switch to a different model or set a Spend Limit to continue with Opus. Your usage limits will reset when your monthly cycle ends on 3/3/2026.
[2026-02-04T08:11:31+0800] Continue in 2s...
[2026-02-04T08:11:33+0800] === ITERATION START ===
T: You've hit your usage limit for Opus You've saved $111 on API model usage this month with Pro+. Switch to a different model or set a Spend Limit to continue with Opus. Your usage limits will reset when your monthly cycle ends on 3/3/2026.
[2026-02-04T08:11:38+0800] Continue in 2s...
[2026-02-04T08:11:40+0800] === ITERATION START ===
T: You've hit your usage limit for Opus You've saved $111 on API model usage this month with Pro+. Switch to a different model or set a Spend Limit to continue with Opus. Your usage limits will reset when your monthly cycle ends on 3/3/2026.
[2026-02-04T08:11:46+0800] Continue in 2s...
[2026-02-04T08:11:48+0800] === ITERATION START ===
T: You've hit your usage limit for Opus You've saved $111 on API model usage this month with Pro+. Switch to a different model or set a Spend Limit to continue with Opus. Your usage limits will reset when your monthly cycle ends on 3/3/2026.
[2026-02-04T08:11:54+0800] Continue in 2s...
[2026-02-04T08:11:56+0800] === ITERATION START ===
T: You've hit your usage limit for Opus You've saved $111 on API model usage this month with Pro+. Switch to a different model or set a Spend Limit to continue with Opus. Your usage limits will reset when your monthly cycle ends on 3/3/2026.
[2026-02-04T08:12:01+0800] Continue in 2s...
[2026-02-04T08:12:03+0800] === ITERATION START ===
T: You've hit your usage limit for Opus You've saved $111 on API model usage this month with Pro+. Switch to a different model or set a Spend Limit to continue with Opus. Your usage limits will reset when your monthly cycle ends on 3/3/2026.
[2026-02-04T08:12:09+0800] Continue in 2s...
[2026-02-04T08:12:11+0800] === ITERATION START ===
T: You've hit your usage limit for Opus You've saved $111 on API model usage this month with Pro+. Switch to a different model or set a Spend Limit to continue with Opus. Your usage limits will reset when your monthly cycle ends on 3/3/2026.
[2026-02-04T08:12:17+0800] Continue in 2s...
[2026-02-04T08:12:19+0800] === ITERATION START ===
T: You've hit your usage limit for Opus You've saved $111 on API model usage this month with Pro+. Switch to a different model or set a Spend Limit to continue with Opus. Your usage limits will reset when your monthly cycle ends on 3/3/2026.
[2026-02-04T08:12:24+0800] Continue in 2s...
[2026-02-04T08:12:26+0800] === ITERATION START ===
T: You've hit your usage limit for Opus You've saved $111 on API model usage this month with Pro+. Switch to a different model or set a Spend Limit to continue with Opus. Your usage limits will reset when your monthly cycle ends on 3/3/2026.
[2026-02-04T08:12:32+0800] Continue in 2s...
[2026-02-04T08:12:34+0800] === ITERATION START ===
T: You've hit your usage limit for Opus You've saved $111 on API model usage this month with Pro+. Switch to a different model or set a Spend Limit to continue with Opus. Your usage limits will reset when your monthly cycle ends on 3/3/2026.
[2026-02-04T08:12:39+0800] Continue in 2s...
[2026-02-04T08:12:41+0800] === ITERATION START ===
T: You've hit your usage limit for Opus You've saved $111 on API model usage this month with Pro+. Switch to a different model or set a Spend Limit to continue with Opus. Your usage limits will reset when your monthly cycle ends on 3/3/2026.
[2026-02-04T08:12:47+0800] Continue in 2s...
[2026-02-04T08:12:49+0800] === ITERATION START ===
T: You've hit your usage limit for Opus You've saved $111 on API model usage this month with Pro+. Switch to a different model or set a Spend Limit to continue with Opus. Your usage limits will reset when your monthly cycle ends on 3/3/2026.
[2026-02-04T08:12:54+0800] Continue in 2s...
[2026-02-04T08:12:56+0800] === ITERATION START ===
T: You've hit your usage limit for Opus You've saved $111 on API model usage this month with Pro+. Switch to a different model or set a Spend Limit to continue with Opus. Your usage limits will reset when your monthly cycle ends on 3/3/2026.
[2026-02-04T08:13:02+0800] Continue in 2s...
[2026-02-04T08:13:04+0800] === ITERATION START ===
T: You've hit your usage limit for Opus You've saved $111 on API model usage this month with Pro+. Switch to a different model or set a Spend Limit to continue with Opus. Your usage limits will reset when your monthly cycle ends on 3/3/2026.
[2026-02-04T08:13:09+0800] Continue in 2s...
[2026-02-04T08:13:11+0800] === ITERATION START ===
T: You've hit your usage limit for Opus You've saved $111 on API model usage this month with Pro+. Switch to a different model or set a Spend Limit to continue with Opus. Your usage limits will reset when your monthly cycle ends on 3/3/2026.
[2026-02-04T08:13:17+0800] Continue in 2s...
[2026-02-04T08:13:19+0800] === ITERATION START ===
T: You've hit your usage limit for Opus You've saved $111 on API model usage this month with Pro+. Switch to a different model or set a Spend Limit to continue with Opus. Your usage limits will reset when your monthly cycle ends on 3/3/2026.
[2026-02-04T08:13:25+0800] Continue in 2s...
[2026-02-04T08:13:27+0800] === ITERATION START ===
T: You've hit your usage limit for Opus You've saved $111 on API model usage this month with Pro+. Switch to a different model or set a Spend Limit to continue with Opus. Your usage limits will reset when your monthly cycle ends on 3/3/2026.
[2026-02-04T08:13:32+0800] Continue in 2s...
[2026-02-04T08:13:34+0800] === ITERATION START ===
T: You've hit your usage limit for Opus You've saved $111 on API model usage this month with Pro+. Switch to a different model or set a Spend Limit to continue with Opus. Your usage limits will reset when your monthly cycle ends on 3/3/2026.
[2026-02-04T08:13:41+0800] Continue in 2s...
[2026-02-04T08:13:43+0800] === ITERATION START ===
T: You've hit your usage limit for Opus You've saved $111 on API model usage this month with Pro+. Switch to a different model or set a Spend Limit to continue with Opus. Your usage limits will reset when your monthly cycle ends on 3/3/2026.
[2026-02-04T08:13:49+0800] Continue in 2s...
[2026-02-04T08:13:51+0800] === ITERATION START ===
T: You've hit your usage limit for Opus You've saved $111 on API model usage this month with Pro+. Switch to a different model or set a Spend Limit to continue with Opus. Your usage limits will reset when your monthly cycle ends on 3/3/2026.
[2026-02-04T08:13:56+0800] Continue in 2s...
[2026-02-04T08:13:58+0800] === ITERATION START ===
T: You've hit your usage limit for Opus You've saved $111 on API model usage this month with Pro+. Switch to a different model or set a Spend Limit to continue with Opus. Your usage limits will reset when your monthly cycle ends on 3/3/2026.
[2026-02-04T08:14:04+0800] Continue in 2s...
[2026-02-04T08:14:06+0800] === ITERATION START ===
T: You've hit your usage limit for Opus You've saved $111 on API model usage this month with Pro+. Switch to a different model or set a Spend Limit to continue with Opus. Your usage limits will reset when your monthly cycle ends on 3/3/2026.
[2026-02-04T08:14:11+0800] Continue in 2s...
[2026-02-04T08:14:13+0800] === ITERATION START ===
T: You've hit your usage limit for Opus You've saved $111 on API model usage this month with Pro+. Switch to a different model or set a Spend Limit to continue with Opus. Your usage limits will reset when your monthly cycle ends on 3/3/2026.
[2026-02-04T08:14:19+0800] Continue in 2s...
[2026-02-04T08:14:21+0800] === ITERATION START ===
T: You've hit your usage limit for Opus You've saved $111 on API model usage this month with Pro+. Switch to a different model or set a Spend Limit to continue with Opus. Your usage limits will reset when your monthly cycle ends on 3/3/2026.
[2026-02-04T08:14:27+0800] Continue in 2s...
[2026-02-04T08:14:29+0800] === ITERATION START ===
T: You've hit your usage limit for Opus You've saved $111 on API model usage this month with Pro+. Switch to a different model or set a Spend Limit to continue with Opus. Your usage limits will reset when your monthly cycle ends on 3/3/2026.
[2026-02-04T08:14:34+0800] Continue in 2s...
[2026-02-04T08:14:36+0800] === ITERATION START ===
T: You've hit your usage limit for Opus You've saved $111 on API model usage this month with Pro+. Switch to a different model or set a Spend Limit to continue with Opus. Your usage limits will reset when your monthly cycle ends on 3/3/2026.
[2026-02-04T08:14:42+0800] Continue in 2s...
[2026-02-04T08:14:44+0800] === ITERATION START ===
T: You've hit your usage limit for Opus You've saved $111 on API model usage this month with Pro+. Switch to a different model or set a Spend Limit to continue with Opus. Your usage limits will reset when your monthly cycle ends on 3/3/2026.
[2026-02-04T08:14:49+0800] Continue in 2s...
[2026-02-04T08:14:51+0800] === ITERATION START ===
T: You've hit your usage limit for Opus You've saved $111 on API model usage this month with Pro+. Switch to a different model or set a Spend Limit to continue with Opus. Your usage limits will reset when your monthly cycle ends on 3/3/2026.
[2026-02-04T08:14:57+0800] Continue in 2s...
[2026-02-04T08:14:59+0800] === ITERATION START ===
T: You've hit your usage limit for Opus You've saved $111 on API model usage this month with Pro+. Switch to a different model or set a Spend Limit to continue with Opus. Your usage limits will reset when your monthly cycle ends on 3/3/2026.
[2026-02-04T08:15:04+0800] Continue in 2s...
[2026-02-04T08:15:06+0800] === ITERATION START ===
T: You've hit your usage limit for Opus You've saved $111 on API model usage this month with Pro+. Switch to a different model or set a Spend Limit to continue with Opus. Your usage limits will reset when your monthly cycle ends on 3/3/2026.
[2026-02-04T08:15:12+0800] Continue in 2s...
[2026-02-04T08:15:14+0800] === ITERATION START ===
T: You've hit your usage limit for Opus You've saved $111 on API model usage this month with Pro+. Switch to a different model or set a Spend Limit to continue with Opus. Your usage limits will reset when your monthly cycle ends on 3/3/2026.
[2026-02-04T08:15:19+0800] Continue in 2s...
[2026-02-04T08:15:21+0800] === ITERATION START ===
T: You've hit your usage limit for Opus You've saved $111 on API model usage this month with Pro+. Switch to a different model or set a Spend Limit to continue with Opus. Your usage limits will reset when your monthly cycle ends on 3/3/2026.
[2026-02-04T08:15:27+0800] Continue in 2s...
[2026-02-04T08:15:29+0800] === ITERATION START ===
T: You've hit your usage limit for Opus You've saved $111 on API model usage this month with Pro+. Switch to a different model or set a Spend Limit to continue with Opus. Your usage limits will reset when your monthly cycle ends on 3/3/2026.
[2026-02-04T08:15:34+0800] Continue in 2s...
[2026-02-04T08:15:37+0800] === ITERATION START ===
T: You've hit your usage limit for Opus You've saved $111 on API model usage this month with Pro+. Switch to a different model or set a Spend Limit to continue with Opus. Your usage limits will reset when your monthly cycle ends on 3/3/2026.
[2026-02-04T08:15:42+0800] Continue in 2s...
[2026-02-04T08:15:44+0800] === ITERATION START ===
T: You've hit your usage limit for Opus You've saved $111 on API model usage this month with Pro+. Switch to a different model or set a Spend Limit to continue with Opus. Your usage limits will reset when your monthly cycle ends on 3/3/2026.
[2026-02-04T08:15:50+0800] Continue in 2s...
[2026-02-04T08:15:52+0800] === ITERATION START ===
T: You've hit your usage limit for Opus You've saved $111 on API model usage this month with Pro+. Switch to a different model or set a Spend Limit to continue with Opus. Your usage limits will reset when your monthly cycle ends on 3/3/2026.
[2026-02-04T08:15:57+0800] Continue in 2s...
[2026-02-04T08:15:59+0800] === ITERATION START ===
T: You've hit your usage limit for Opus You've saved $111 on API model usage this month with Pro+. Switch to a different model or set a Spend Limit to continue with Opus. Your usage limits will reset when your monthly cycle ends on 3/3/2026.
[2026-02-04T08:16:05+0800] Continue in 2s...
[2026-02-04T08:16:07+0800] === ITERATION START ===
T: You've hit your usage limit for Opus You've saved $111 on API model usage this month with Pro+. Switch to a different model or set a Spend Limit to continue with Opus. Your usage limits will reset when your monthly cycle ends on 3/3/2026.
[2026-02-04T08:16:12+0800] Continue in 2s...
[2026-02-04T08:16:14+0800] === ITERATION START ===
T: You've hit your usage limit for Opus You've saved $111 on API model usage this month with Pro+. Switch to a different model or set a Spend Limit to continue with Opus. Your usage limits will reset when your monthly cycle ends on 3/3/2026.
[2026-02-04T08:16:20+0800] Continue in 2s...
[2026-02-04T08:16:22+0800] === ITERATION START ===
T: You've hit your usage limit for Opus You've saved $111 on API model usage this month with Pro+. Switch to a different model or set a Spend Limit to continue with Opus. Your usage limits will reset when your monthly cycle ends on 3/3/2026.
[2026-02-04T08:16:27+0800] Continue in 2s...
[2026-02-04T08:16:29+0800] === ITERATION START ===
T: You've hit your usage limit for Opus You've saved $111 on API model usage this month with Pro+. Switch to a different model or set a Spend Limit to continue with Opus. Your usage limits will reset when your monthly cycle ends on 3/3/2026.
[2026-02-04T08:16:35+0800] Continue in 2s...
[2026-02-04T08:16:37+0800] === ITERATION START ===
T: You've hit your usage limit for Opus You've saved $111 on API model usage this month with Pro+. Switch to a different model or set a Spend Limit to continue with Opus. Your usage limits will reset when your monthly cycle ends on 3/3/2026.
[2026-02-04T08:16:42+0800] Continue in 2s...
[2026-02-04T08:16:44+0800] === ITERATION START ===
T: You've hit your usage limit for Opus You've saved $111 on API model usage this month with Pro+. Switch to a different model or set a Spend Limit to continue with Opus. Your usage limits will reset when your monthly cycle ends on 3/3/2026.
[2026-02-04T08:16:50+0800] Continue in 2s...
[2026-02-04T08:16:52+0800] === ITERATION START ===
T: You've hit your usage limit for Opus You've saved $111 on API model usage this month with Pro+. Switch to a different model or set a Spend Limit to continue with Opus. Your usage limits will reset when your monthly cycle ends on 3/3/2026.
[2026-02-04T08:16:57+0800] Continue in 2s...
[2026-02-04T08:17:00+0800] === ITERATION START ===
T: You've hit your usage limit for Opus You've saved $111 on API model usage this month with Pro+. Switch to a different model or set a Spend Limit to continue with Opus. Your usage limits will reset when your monthly cycle ends on 3/3/2026.
[2026-02-04T08:17:05+0800] Continue in 2s...
[2026-02-04T08:17:07+0800] === ITERATION START ===
T: You've hit your usage limit for Opus You've saved $111 on API model usage this month with Pro+. Switch to a different model or set a Spend Limit to continue with Opus. Your usage limits will reset when your monthly cycle ends on 3/3/2026.
[2026-02-04T08:17:13+0800] Continue in 2s...
[2026-02-04T08:17:15+0800] === ITERATION START ===
T: You've hit your usage limit for Opus You've saved $111 on API model usage this month with Pro+. Switch to a different model or set a Spend Limit to continue with Opus. Your usage limits will reset when your monthly cycle ends on 3/3/2026.
[2026-02-04T08:17:20+0800] Continue in 2s...
[2026-02-04T08:17:22+0800] === ITERATION START ===
T: You've hit your usage limit for Opus You've saved $111 on API model usage this month with Pro+. Switch to a different model or set a Spend Limit to continue with Opus. Your usage limits will reset when your monthly cycle ends on 3/3/2026.
[2026-02-04T08:17:28+0800] Continue in 2s...
[2026-02-04T08:17:30+0800] === ITERATION START ===
T: You've hit your usage limit for Opus You've saved $111 on API model usage this month with Pro+. Switch to a different model or set a Spend Limit to continue with Opus. Your usage limits will reset when your monthly cycle ends on 3/3/2026.
[2026-02-04T08:17:35+0800] Continue in 2s...
[2026-02-04T08:17:37+0800] === ITERATION START ===
T: You've hit your usage limit for Opus You've saved $111 on API model usage this month with Pro+. Switch to a different model or set a Spend Limit to continue with Opus. Your usage limits will reset when your monthly cycle ends on 3/3/2026.
[2026-02-04T08:17:43+0800] Continue in 2s...
[2026-02-04T08:17:45+0800] === ITERATION START ===
T: You've hit your usage limit for Opus You've saved $111 on API model usage this month with Pro+. Switch to a different model or set a Spend Limit to continue with Opus. Your usage limits will reset when your monthly cycle ends on 3/3/2026.
[2026-02-04T08:17:51+0800] Continue in 2s...
[2026-02-04T08:17:53+0800] === ITERATION START ===
T: You've hit your usage limit for Opus You've saved $111 on API model usage this month with Pro+. Switch to a different model or set a Spend Limit to continue with Opus. Your usage limits will reset when your monthly cycle ends on 3/3/2026.
[2026-02-04T08:17:58+0800] Continue in 2s...
[2026-02-04T08:18:00+0800] === ITERATION START ===
T: You've hit your usage limit for Opus You've saved $111 on API model usage this month with Pro+. Switch to a different model or set a Spend Limit to continue with Opus. Your usage limits will reset when your monthly cycle ends on 3/3/2026.
[2026-02-04T08:18:06+0800] Continue in 2s...
[2026-02-04T08:18:08+0800] === ITERATION START ===
T: You've hit your usage limit for Opus You've saved $111 on API model usage this month with Pro+. Switch to a different model or set a Spend Limit to continue with Opus. Your usage limits will reset when your monthly cycle ends on 3/3/2026.
[2026-02-04T08:18:13+0800] Continue in 2s...
[2026-02-04T08:18:15+0800] === ITERATION START ===
T: You've hit your usage limit for Opus You've saved $111 on API model usage this month with Pro+. Switch to a different model or set a Spend Limit to continue with Opus. Your usage limits will reset when your monthly cycle ends on 3/3/2026.
[2026-02-04T08:18:21+0800] Continue in 2s...
[2026-02-04T08:18:23+0800] === ITERATION START ===
T: You've hit your usage limit for Opus You've saved $111 on API model usage this month with Pro+. Switch to a different model or set a Spend Limit to continue with Opus. Your usage limits will reset when your monthly cycle ends on 3/3/2026.
[2026-02-04T08:18:28+0800] Continue in 2s...
[2026-02-04T08:18:30+0800] === ITERATION START ===
T: You've hit your usage limit for Opus You've saved $111 on API model usage this month with Pro+. Switch to a different model or set a Spend Limit to continue with Opus. Your usage limits will reset when your monthly cycle ends on 3/3/2026.
[2026-02-04T08:18:36+0800] Continue in 2s...
[2026-02-04T08:18:38+0800] === ITERATION START ===
T: You've hit your usage limit for Opus You've saved $111 on API model usage this month with Pro+. Switch to a different model or set a Spend Limit to continue with Opus. Your usage limits will reset when your monthly cycle ends on 3/3/2026.
[2026-02-04T08:18:43+0800] Continue in 2s...
[2026-02-04T08:18:45+0800] === ITERATION START ===
T: You've hit your usage limit for Opus You've saved $111 on API model usage this month with Pro+. Switch to a different model or set a Spend Limit to continue with Opus. Your usage limits will reset when your monthly cycle ends on 3/3/2026.
[2026-02-04T08:18:51+0800] Continue in 2s...
[2026-02-04T08:18:53+0800] === ITERATION START ===
T: You've hit your usage limit for Opus You've saved $111 on API model usage this month with Pro+. Switch to a different model or set a Spend Limit to continue with Opus. Your usage limits will reset when your monthly cycle ends on 3/3/2026.
[2026-02-04T08:18:58+0800] Continue in 2s...
[2026-02-04T08:19:01+0800] === ITERATION START ===
T: You've hit your usage limit for Opus You've saved $111 on API model usage this month with Pro+. Switch to a different model or set a Spend Limit to continue with Opus. Your usage limits will reset when your monthly cycle ends on 3/3/2026.
[2026-02-04T08:19:06+0800] Continue in 2s...
[2026-02-04T08:19:08+0800] === ITERATION START ===
T: You've hit your usage limit for Opus You've saved $111 on API model usage this month with Pro+. Switch to a different model or set a Spend Limit to continue with Opus. Your usage limits will reset when your monthly cycle ends on 3/3/2026.
[2026-02-04T08:19:13+0800] Continue in 2s...
[2026-02-04T08:19:15+0800] === ITERATION START ===
T: You've hit your usage limit for Opus You've saved $111 on API model usage this month with Pro+. Switch to a different model or set a Spend Limit to continue with Opus. Your usage limits will reset when your monthly cycle ends on 3/3/2026.
[2026-02-04T08:19:21+0800] Continue in 2s...
[2026-02-04T08:19:23+0800] === ITERATION START ===
T: You've hit your usage limit for Opus You've saved $111 on API model usage this month with Pro+. Switch to a different model or set a Spend Limit to continue with Opus. Your usage limits will reset when your monthly cycle ends on 3/3/2026.
[2026-02-04T08:19:28+0800] Continue in 2s...
[2026-02-04T08:19:31+0800] === ITERATION START ===
T: You've hit your usage limit for Opus You've saved $111 on API model usage this month with Pro+. Switch to a different model or set a Spend Limit to continue with Opus. Your usage limits will reset when your monthly cycle ends on 3/3/2026.
[2026-02-04T08:19:36+0800] Continue in 2s...
[2026-02-04T08:19:38+0800] === ITERATION START ===
T: You've hit your usage limit for Opus You've saved $111 on API model usage this month with Pro+. Switch to a different model or set a Spend Limit to continue with Opus. Your usage limits will reset when your monthly cycle ends on 3/3/2026.
[2026-02-04T08:19:44+0800] Continue in 2s...
[2026-02-04T08:19:46+0800] === ITERATION START ===
T: You've hit your usage limit for Opus You've saved $111 on API model usage this month with Pro+. Switch to a different model or set a Spend Limit to continue with Opus. Your usage limits will reset when your monthly cycle ends on 3/3/2026.
[2026-02-04T08:19:51+0800] Continue in 2s...
[2026-02-04T08:19:53+0800] === ITERATION START ===
T: You've hit your usage limit for Opus You've saved $111 on API model usage this month with Pro+. Switch to a different model or set a Spend Limit to continue with Opus. Your usage limits will reset when your monthly cycle ends on 3/3/2026.
[2026-02-04T08:19:59+0800] Continue in 2s...
[2026-02-04T08:20:01+0800] === ITERATION START ===
T: You've hit your usage limit for Opus You've saved $111 on API model usage this month with Pro+. Switch to a different model or set a Spend Limit to continue with Opus. Your usage limits will reset when your monthly cycle ends on 3/3/2026.
[2026-02-04T08:20:06+0800] Continue in 2s...
[2026-02-04T08:20:08+0800] === ITERATION START ===
T: You've hit your usage limit for Opus You've saved $111 on API model usage this month with Pro+. Switch to a different model or set a Spend Limit to continue with Opus. Your usage limits will reset when your monthly cycle ends on 3/3/2026.
[2026-02-04T08:20:14+0800] Continue in 2s...
[2026-02-04T08:20:16+0800] === ITERATION START ===
T: You've hit your usage limit for Opus You've saved $111 on API model usage this month with Pro+. Switch to a different model or set a Spend Limit to continue with Opus. Your usage limits will reset when your monthly cycle ends on 3/3/2026.
[2026-02-04T08:20:21+0800] Continue in 2s...
[2026-02-04T08:20:23+0800] === ITERATION START ===
T: You've hit your usage limit for Opus You've saved $111 on API model usage this month with Pro+. Switch to a different model or set a Spend Limit to continue with Opus. Your usage limits will reset when your monthly cycle ends on 3/3/2026.
[2026-02-04T08:20:29+0800] Continue in 2s...
[2026-02-04T08:20:31+0800] === ITERATION START ===
T: You've hit your usage limit for Opus You've saved $111 on API model usage this month with Pro+. Switch to a different model or set a Spend Limit to continue with Opus. Your usage limits will reset when your monthly cycle ends on 3/3/2026.
[2026-02-04T08:20:36+0800] Continue in 2s...
[2026-02-04T08:20:38+0800] === ITERATION START ===
T: You've hit your usage limit for Opus You've saved $111 on API model usage this month with Pro+. Switch to a different model or set a Spend Limit to continue with Opus. Your usage limits will reset when your monthly cycle ends on 3/3/2026.
[2026-02-04T08:20:44+0800] Continue in 2s...
[2026-02-04T08:20:46+0800] === ITERATION START ===
T: You've hit your usage limit for Opus You've saved $111 on API model usage this month with Pro+. Switch to a different model or set a Spend Limit to continue with Opus. Your usage limits will reset when your monthly cycle ends on 3/3/2026.
[2026-02-04T08:20:51+0800] Continue in 2s...
[2026-02-04T08:20:55+0800] === ITERATION START ===
T: You've hit your usage limit for Opus You've saved $111 on API model usage this month with Pro+. Switch to a different model or set a Spend Limit to continue with Opus. Your usage limits will reset when your monthly cycle ends on 3/3/2026.
[2026-02-04T08:21:02+0800] Continue in 2s...
[2026-02-04T08:21:04+0800] === ITERATION START ===
T: You've hit your usage limit for Opus You've saved $111 on API model usage this month with Pro+. Switch to a different model or set a Spend Limit to continue with Opus. Your usage limits will reset when your monthly cycle ends on 3/3/2026.
[2026-02-04T08:21:09+0800] Continue in 2s...
[2026-02-04T08:21:11+0800] === ITERATION START ===
T: You've hit your usage limit for Opus You've saved $111 on API model usage this month with Pro+. Switch to a different model or set a Spend Limit to continue with Opus. Your usage limits will reset when your monthly cycle ends on 3/3/2026.
[2026-02-04T08:21:17+0800] Continue in 2s...
[2026-02-04T08:21:19+0800] === ITERATION START ===
T: You've hit your usage limit for Opus You've saved $111 on API model usage this month with Pro+. Switch to a different model or set a Spend Limit to continue with Opus. Your usage limits will reset when your monthly cycle ends on 3/3/2026.
[2026-02-04T08:21:24+0800] Continue in 2s...
[2026-02-04T08:21:26+0800] === ITERATION START ===
T: You've hit your usage limit for Opus You've saved $111 on API model usage this month with Pro+. Switch to a different model or set a Spend Limit to continue with Opus. Your usage limits will reset when your monthly cycle ends on 3/3/2026.
[2026-02-04T08:21:31+0800] Continue in 2s...
[2026-02-04T08:21:34+0800] === ITERATION START ===
T: You've hit your usage limit for Opus You've saved $111 on API model usage this month with Pro+. Switch to a different model or set a Spend Limit to continue with Opus. Your usage limits will reset when your monthly cycle ends on 3/3/2026.
[2026-02-04T08:21:39+0800] Continue in 2s...
[2026-02-04T08:21:41+0800] === ITERATION START ===
T: You've hit your usage limit for Opus You've saved $111 on API model usage this month with Pro+. Switch to a different model or set a Spend Limit to continue with Opus. Your usage limits will reset when your monthly cycle ends on 3/3/2026.
[2026-02-04T08:21:47+0800] Continue in 2s...
[2026-02-04T08:21:49+0800] === ITERATION START ===
T: You've hit your usage limit for Opus You've saved $111 on API model usage this month with Pro+. Switch to a different model or set a Spend Limit to continue with Opus. Your usage limits will reset when your monthly cycle ends on 3/3/2026.
[2026-02-04T08:21:56+0800] Continue in 2s...
[2026-02-04T08:21:58+0800] === ITERATION START ===
T: You've hit your usage limit for Opus You've saved $111 on API model usage this month with Pro+. Switch to a different model or set a Spend Limit to continue with Opus. Your usage limits will reset when your monthly cycle ends on 3/3/2026.
[2026-02-04T08:22:04+0800] Continue in 2s...
[2026-02-04T08:22:06+0800] === ITERATION START ===
T: You've hit your usage limit for Opus You've saved $111 on API model usage this month with Pro+. Switch to a different model or set a Spend Limit to continue with Opus. Your usage limits will reset when your monthly cycle ends on 3/3/2026.
[2026-02-04T08:22:11+0800] Continue in 2s...
[2026-02-04T08:22:13+0800] === ITERATION START ===
T: You've hit your usage limit for Opus You've saved $111 on API model usage this month with Pro+. Switch to a different model or set a Spend Limit to continue with Opus. Your usage limits will reset when your monthly cycle ends on 3/3/2026.
[2026-02-04T08:22:19+0800] Continue in 2s...
[2026-02-04T08:22:21+0800] === ITERATION START ===
T: You've hit your usage limit for Opus You've saved $111 on API model usage this month with Pro+. Switch to a different model or set a Spend Limit to continue with Opus. Your usage limits will reset when your monthly cycle ends on 3/3/2026.
[2026-02-04T08:22:26+0800] Continue in 2s...
[2026-02-04T08:22:28+0800] === ITERATION START ===
T: You've hit your usage limit for Opus You've saved $111 on API model usage this month with Pro+. Switch to a different model or set a Spend Limit to continue with Opus. Your usage limits will reset when your monthly cycle ends on 3/3/2026.
[2026-02-04T08:22:34+0800] Continue in 2s...
[2026-02-04T08:22:36+0800] === ITERATION START ===
T: You've hit your usage limit for Opus You've saved $111 on API model usage this month with Pro+. Switch to a different model or set a Spend Limit to continue with Opus. Your usage limits will reset when your monthly cycle ends on 3/3/2026.
[2026-02-04T08:22:42+0800] Continue in 2s...
[2026-02-04T08:22:44+0800] === ITERATION START ===
T: You've hit your usage limit for Opus You've saved $113 on API model usage this month with Pro+. Switch to a different model or set a Spend Limit to continue with Opus. Your usage limits will reset when your monthly cycle ends on 3/3/2026.
[2026-02-04T08:22:49+0800] Continue in 2s...
[2026-02-04T08:22:51+0800] === ITERATION START ===
T: You've hit your usage limit for Opus You've saved $113 on API model usage this month with Pro+. Switch to a different model or set a Spend Limit to continue with Opus. Your usage limits will reset when your monthly cycle ends on 3/3/2026.
[2026-02-04T08:22:57+0800] Continue in 2s...
[2026-02-04T08:22:59+0800] === ITERATION START ===
T: You've hit your usage limit for Opus You've saved $113 on API model usage this month with Pro+. Switch to a different model or set a Spend Limit to continue with Opus. Your usage limits will reset when your monthly cycle ends on 3/3/2026.
[2026-02-04T08:23:04+0800] Continue in 2s...
[2026-02-04T08:23:06+0800] === ITERATION START ===
T: You've hit your usage limit for Opus You've saved $113 on API model usage this month with Pro+. Switch to a different model or set a Spend Limit to continue with Opus. Your usage limits will reset when your monthly cycle ends on 3/3/2026.
[2026-02-04T08:23:12+0800] Continue in 2s...
[2026-02-04T08:23:14+0800] === ITERATION START ===
T: You've hit your usage limit for Opus You've saved $113 on API model usage this month with Pro+. Switch to a different model or set a Spend Limit to continue with Opus. Your usage limits will reset when your monthly cycle ends on 3/3/2026.
[2026-02-04T08:23:19+0800] Continue in 2s...
[2026-02-04T08:23:21+0800] === ITERATION START ===
T: You've hit your usage limit for Opus You've saved $113 on API model usage this month with Pro+. Switch to a different model or set a Spend Limit to continue with Opus. Your usage limits will reset when your monthly cycle ends on 3/3/2026.
[2026-02-04T08:23:27+0800] Continue in 2s...
[2026-02-04T08:23:29+0800] === ITERATION START ===
T: You've hit your usage limit for Opus You've saved $113 on API model usage this month with Pro+. Switch to a different model or set a Spend Limit to continue with Opus. Your usage limits will reset when your monthly cycle ends on 3/3/2026.
[2026-02-04T08:23:35+0800] Continue in 2s...
[2026-02-04T08:23:37+0800] === ITERATION START ===
T: You've hit your usage limit for Opus You've saved $113 on API model usage this month with Pro+. Switch to a different model or set a Spend Limit to continue with Opus. Your usage limits will reset when your monthly cycle ends on 3/3/2026.
[2026-02-04T08:23:42+0800] Continue in 2s...
[2026-02-04T08:23:44+0800] === ITERATION START ===
T: You've hit your usage limit for Opus You've saved $113 on API model usage this month with Pro+. Switch to a different model or set a Spend Limit to continue with Opus. Your usage limits will reset when your monthly cycle ends on 3/3/2026.
[2026-02-04T08:23:50+0800] Continue in 2s...
[2026-02-04T08:23:52+0800] === ITERATION START ===
T: You've hit your usage limit for Opus You've saved $113 on API model usage this month with Pro+. Switch to a different model or set a Spend Limit to continue with Opus. Your usage limits will reset when your monthly cycle ends on 3/3/2026.
[2026-02-04T08:23:57+0800] Continue in 2s...
[2026-02-04T08:23:59+0800] === ITERATION START ===
T: You've hit your usage limit for Opus You've saved $113 on API model usage this month with Pro+. Switch to a different model or set a Spend Limit to continue with Opus. Your usage limits will reset when your monthly cycle ends on 3/3/2026.
[2026-02-04T08:24:05+0800] Continue in 2s...
[2026-02-04T08:24:07+0800] === ITERATION START ===
T: You've hit your usage limit for Opus You've saved $113 on API model usage this month with Pro+. Switch to a different model or set a Spend Limit to continue with Opus. Your usage limits will reset when your monthly cycle ends on 3/3/2026.
[2026-02-04T08:24:12+0800] Continue in 2s...
[2026-02-04T08:24:14+0800] === ITERATION START ===
T: You've hit your usage limit for Opus You've saved $113 on API model usage this month with Pro+. Switch to a different model or set a Spend Limit to continue with Opus. Your usage limits will reset when your monthly cycle ends on 3/3/2026.
[2026-02-04T08:24:20+0800] Continue in 2s...
[2026-02-04T08:24:22+0800] === ITERATION START ===
T: You've hit your usage limit for Opus You've saved $113 on API model usage this month with Pro+. Switch to a different model or set a Spend Limit to continue with Opus. Your usage limits will reset when your monthly cycle ends on 3/3/2026.
[2026-02-04T08:24:27+0800] Continue in 2s...
[2026-02-04T08:24:29+0800] === ITERATION START ===
T: You've hit your usage limit for Opus You've saved $113 on API model usage this month with Pro+. Switch to a different model or set a Spend Limit to continue with Opus. Your usage limits will reset when your monthly cycle ends on 3/3/2026.
[2026-02-04T08:24:34+0800] Continue in 2s...
[2026-02-04T08:24:37+0800] === ITERATION START ===
T: You've hit your usage limit for Opus You've saved $113 on API model usage this month with Pro+. Switch to a different model or set a Spend Limit to continue with Opus. Your usage limits will reset when your monthly cycle ends on 3/3/2026.
[2026-02-04T08:24:42+0800] Continue in 2s...
[2026-02-04T08:24:44+0800] === ITERATION START ===
T: You've hit your usage limit for Opus You've saved $113 on API model usage this month with Pro+. Switch to a different model or set a Spend Limit to continue with Opus. Your usage limits will reset when your monthly cycle ends on 3/3/2026.
[2026-02-04T08:24:49+0800] Continue in 2s...
[2026-02-04T08:24:51+0800] === ITERATION START ===
T: You've hit your usage limit for Opus You've saved $113 on API model usage this month with Pro+. Switch to a different model or set a Spend Limit to continue with Opus. Your usage limits will reset when your monthly cycle ends on 3/3/2026.
[2026-02-04T08:24:57+0800] Continue in 2s...
[2026-02-04T08:24:59+0800] === ITERATION START ===
T: You've hit your usage limit for Opus You've saved $113 on API model usage this month with Pro+. Switch to a different model or set a Spend Limit to continue with Opus. Your usage limits will reset when your monthly cycle ends on 3/3/2026.
[2026-02-04T08:25:05+0800] Continue in 2s...
[2026-02-04T08:25:07+0800] === ITERATION START ===
T: You've hit your usage limit for Opus You've saved $113 on API model usage this month with Pro+. Switch to a different model or set a Spend Limit to continue with Opus. Your usage limits will reset when your monthly cycle ends on 3/3/2026.
[2026-02-04T08:25:12+0800] Continue in 2s...
[2026-02-04T08:25:14+0800] === ITERATION START ===
T: You've hit your usage limit for Opus You've saved $113 on API model usage this month with Pro+. Switch to a different model or set a Spend Limit to continue with Opus. Your usage limits will reset when your monthly cycle ends on 3/3/2026.
[2026-02-04T08:25:20+0800] Continue in 2s...
[2026-02-04T08:25:22+0800] === ITERATION START ===
T: You've hit your usage limit for Opus You've saved $113 on API model usage this month with Pro+. Switch to a different model or set a Spend Limit to continue with Opus. Your usage limits will reset when your monthly cycle ends on 3/3/2026.
[2026-02-04T08:25:27+0800] Continue in 2s...
[2026-02-04T08:25:29+0800] === ITERATION START ===
T: You've hit your usage limit for Opus You've saved $113 on API model usage this month with Pro+. Switch to a different model or set a Spend Limit to continue with Opus. Your usage limits will reset when your monthly cycle ends on 3/3/2026.
[2026-02-04T08:25:35+0800] Continue in 2s...
[2026-02-04T08:25:37+0800] === ITERATION START ===
T: You've hit your usage limit for Opus You've saved $113 on API model usage this month with Pro+. Switch to a different model or set a Spend Limit to continue with Opus. Your usage limits will reset when your monthly cycle ends on 3/3/2026.
[2026-02-04T08:25:43+0800] Continue in 2s...
[2026-02-04T08:25:45+0800] === ITERATION START ===
T: You've hit your usage limit for Opus You've saved $113 on API model usage this month with Pro+. Switch to a different model or set a Spend Limit to continue with Opus. Your usage limits will reset when your monthly cycle ends on 3/3/2026.
[2026-02-04T08:25:50+0800] Continue in 2s...
[2026-02-04T08:25:53+0800] === ITERATION START ===
T: You've hit your usage limit for Opus You've saved $113 on API model usage this month with Pro+. Switch to a different model or set a Spend Limit to continue with Opus. Your usage limits will reset when your monthly cycle ends on 3/3/2026.
[2026-02-04T08:25:58+0800] Continue in 2s...
[2026-02-04T08:26:00+0800] === ITERATION START ===
T: You've hit your usage limit for Opus You've saved $113 on API model usage this month with Pro+. Switch to a different model or set a Spend Limit to continue with Opus. Your usage limits will reset when your monthly cycle ends on 3/3/2026.
[2026-02-04T08:26:05+0800] Continue in 2s...
[2026-02-04T08:26:08+0800] === ITERATION START ===
T: You've hit your usage limit for Opus You've saved $113 on API model usage this month with Pro+. Switch to a different model or set a Spend Limit to continue with Opus. Your usage limits will reset when your monthly cycle ends on 3/3/2026.
[2026-02-04T08:26:13+0800] Continue in 2s...
[2026-02-04T08:26:15+0800] === ITERATION START ===
T: You've hit your usage limit for Opus You've saved $113 on API model usage this month with Pro+. Switch to a different model or set a Spend Limit to continue with Opus. Your usage limits will reset when your monthly cycle ends on 3/3/2026.
[2026-02-04T08:26:20+0800] Continue in 2s...
[2026-02-04T08:26:23+0800] === ITERATION START ===
T: You've hit your usage limit for Opus You've saved $113 on API model usage this month with Pro+. Switch to a different model or set a Spend Limit to continue with Opus. Your usage limits will reset when your monthly cycle ends on 3/3/2026.
[2026-02-04T08:26:28+0800] Continue in 2s...
[2026-02-04T08:26:30+0800] === ITERATION START ===
T: You've hit your usage limit for Opus You've saved $113 on API model usage this month with Pro+. Switch to a different model or set a Spend Limit to continue with Opus. Your usage limits will reset when your monthly cycle ends on 3/3/2026.
[2026-02-04T08:26:36+0800] Continue in 2s...
[2026-02-04T08:26:38+0800] === ITERATION START ===
T: You've hit your usage limit for Opus You've saved $113 on API model usage this month with Pro+. Switch to a different model or set a Spend Limit to continue with Opus. Your usage limits will reset when your monthly cycle ends on 3/3/2026.
[2026-02-04T08:26:43+0800] Continue in 2s...
[2026-02-04T08:26:45+0800] === ITERATION START ===
T: You've hit your usage limit for Opus You've saved $113 on API model usage this month with Pro+. Switch to a different model or set a Spend Limit to continue with Opus. Your usage limits will reset when your monthly cycle ends on 3/3/2026.
[2026-02-04T08:26:51+0800] Continue in 2s...
[2026-02-04T08:26:53+0800] === ITERATION START ===
T: You've hit your usage limit for Opus You've saved $113 on API model usage this month with Pro+. Switch to a different model or set a Spend Limit to continue with Opus. Your usage limits will reset when your monthly cycle ends on 3/3/2026.
[2026-02-04T08:26:58+0800] Continue in 2s...
[2026-02-04T08:27:00+0800] === ITERATION START ===
T: You've hit your usage limit for Opus You've saved $113 on API model usage this month with Pro+. Switch to a different model or set a Spend Limit to continue with Opus. Your usage limits will reset when your monthly cycle ends on 3/3/2026.
[2026-02-04T08:27:06+0800] Continue in 2s...
[2026-02-04T08:27:08+0800] === ITERATION START ===
T: You've hit your usage limit for Opus You've saved $113 on API model usage this month with Pro+. Switch to a different model or set a Spend Limit to continue with Opus. Your usage limits will reset when your monthly cycle ends on 3/3/2026.
[2026-02-04T08:27:13+0800] Continue in 2s...
[2026-02-04T08:27:15+0800] === ITERATION START ===
T: You've hit your usage limit for Opus You've saved $113 on API model usage this month with Pro+. Switch to a different model or set a Spend Limit to continue with Opus. Your usage limits will reset when your monthly cycle ends on 3/3/2026.
[2026-02-04T08:27:21+0800] Continue in 2s...
[2026-02-04T08:27:23+0800] === ITERATION START ===
T: You've hit your usage limit for Opus You've saved $113 on API model usage this month with Pro+. Switch to a different model or set a Spend Limit to continue with Opus. Your usage limits will reset when your monthly cycle ends on 3/3/2026.
[2026-02-04T08:27:29+0800] Continue in 2s...
[2026-02-04T08:27:31+0800] === ITERATION START ===
T: You've hit your usage limit for Opus You've saved $113 on API model usage this month with Pro+. Switch to a different model or set a Spend Limit to continue with Opus. Your usage limits will reset when your monthly cycle ends on 3/3/2026.
[2026-02-04T08:27:36+0800] Continue in 2s...
[2026-02-04T08:27:38+0800] === ITERATION START ===
T: You've hit your usage limit for Opus You've saved $113 on API model usage this month with Pro+. Switch to a different model or set a Spend Limit to continue with Opus. Your usage limits will reset when your monthly cycle ends on 3/3/2026.
[2026-02-04T08:27:43+0800] Continue in 2s...
[2026-02-04T08:27:45+0800] === ITERATION START ===
T: You've hit your usage limit for Opus You've saved $113 on API model usage this month with Pro+. Switch to a different model or set a Spend Limit to continue with Opus. Your usage limits will reset when your monthly cycle ends on 3/3/2026.
[2026-02-04T08:27:51+0800] Continue in 2s...
[2026-02-04T08:27:53+0800] === ITERATION START ===
T: You've hit your usage limit for Opus You've saved $113 on API model usage this month with Pro+. Switch to a different model or set a Spend Limit to continue with Opus. Your usage limits will reset when your monthly cycle ends on 3/3/2026.
[2026-02-04T08:27:58+0800] Continue in 2s...
[2026-02-04T08:28:00+0800] === ITERATION START ===
T: You've hit your usage limit for Opus You've saved $113 on API model usage this month with Pro+. Switch to a different model or set a Spend Limit to continue with Opus. Your usage limits will reset when your monthly cycle ends on 3/3/2026.
[2026-02-04T08:28:06+0800] Continue in 2s...
[2026-02-04T08:28:08+0800] === ITERATION START ===
T: You've hit your usage limit for Opus You've saved $113 on API model usage this month with Pro+. Switch to a different model or set a Spend Limit to continue with Opus. Your usage limits will reset when your monthly cycle ends on 3/3/2026.
[2026-02-04T08:28:14+0800] Continue in 2s...
[2026-02-04T08:28:16+0800] === ITERATION START ===
T: You've hit your usage limit for Opus You've saved $113 on API model usage this month with Pro+. Switch to a different model or set a Spend Limit to continue with Opus. Your usage limits will reset when your monthly cycle ends on 3/3/2026.
[2026-02-04T08:28:21+0800] Continue in 2s...
[2026-02-04T08:28:23+0800] === ITERATION START ===
T: You've hit your usage limit for Opus You've saved $113 on API model usage this month with Pro+. Switch to a different model or set a Spend Limit to continue with Opus. Your usage limits will reset when your monthly cycle ends on 3/3/2026.
[2026-02-04T08:28:29+0800] Continue in 2s...
[2026-02-04T08:28:31+0800] === ITERATION START ===
T: You've hit your usage limit for Opus You've saved $113 on API model usage this month with Pro+. Switch to a different model or set a Spend Limit to continue with Opus. Your usage limits will reset when your monthly cycle ends on 3/3/2026.
[2026-02-04T08:28:36+0800] Continue in 2s...
[2026-02-04T08:28:38+0800] === ITERATION START ===
T: You've hit your usage limit for Opus You've saved $113 on API model usage this month with Pro+. Switch to a different model or set a Spend Limit to continue with Opus. Your usage limits will reset when your monthly cycle ends on 3/3/2026.
[2026-02-04T08:28:44+0800] Continue in 2s...
[2026-02-04T08:28:46+0800] === ITERATION START ===
T: You've hit your usage limit for Opus You've saved $113 on API model usage this month with Pro+. Switch to a different model or set a Spend Limit to continue with Opus. Your usage limits will reset when your monthly cycle ends on 3/3/2026.
[2026-02-04T08:28:51+0800] Continue in 2s...
[2026-02-04T08:28:53+0800] === ITERATION START ===
T: You've hit your usage limit for Opus You've saved $113 on API model usage this month with Pro+. Switch to a different model or set a Spend Limit to continue with Opus. Your usage limits will reset when your monthly cycle ends on 3/3/2026.
[2026-02-04T08:28:59+0800] Continue in 2s...
[2026-02-04T08:29:01+0800] === ITERATION START ===
T: You've hit your usage limit for Opus You've saved $113 on API model usage this month with Pro+. Switch to a different model or set a Spend Limit to continue with Opus. Your usage limits will reset when your monthly cycle ends on 3/3/2026.
[2026-02-04T08:29:06+0800] Continue in 2s...
[2026-02-04T08:29:08+0800] === ITERATION START ===
T: You've hit your usage limit for Opus You've saved $113 on API model usage this month with Pro+. Switch to a different model or set a Spend Limit to continue with Opus. Your usage limits will reset when your monthly cycle ends on 3/3/2026.
[2026-02-04T08:29:14+0800] Continue in 2s...
[2026-02-04T08:29:16+0800] === ITERATION START ===
T: You've hit your usage limit for Opus You've saved $113 on API model usage this month with Pro+. Switch to a different model or set a Spend Limit to continue with Opus. Your usage limits will reset when your monthly cycle ends on 3/3/2026.
[2026-02-04T08:29:22+0800] Continue in 2s...
[2026-02-04T08:29:24+0800] === ITERATION START ===
T: You've hit your usage limit for Opus You've saved $113 on API model usage this month with Pro+. Switch to a different model or set a Spend Limit to continue with Opus. Your usage limits will reset when your monthly cycle ends on 3/3/2026.
[2026-02-04T08:29:30+0800] Continue in 2s...
[2026-02-04T08:29:32+0800] === ITERATION START ===
T: You've hit your usage limit for Opus You've saved $113 on API model usage this month with Pro+. Switch to a different model or set a Spend Limit to continue with Opus. Your usage limits will reset when your monthly cycle ends on 3/3/2026.
[2026-02-04T08:29:37+0800] Continue in 2s...
[2026-02-04T08:29:39+0800] === ITERATION START ===
T: You've hit your usage limit for Opus You've saved $113 on API model usage this month with Pro+. Switch to a different model or set a Spend Limit to continue with Opus. Your usage limits will reset when your monthly cycle ends on 3/3/2026.
[2026-02-04T08:29:45+0800] Continue in 2s...
[2026-02-04T08:29:47+0800] === ITERATION START ===
T: You've hit your usage limit for Opus You've saved $113 on API model usage this month with Pro+. Switch to a different model or set a Spend Limit to continue with Opus. Your usage limits will reset when your monthly cycle ends on 3/3/2026.
[2026-02-04T08:29:52+0800] Continue in 2s...
[2026-02-04T08:29:54+0800] === ITERATION START ===
T: You've hit your usage limit for Opus You've saved $113 on API model usage this month with Pro+. Switch to a different model or set a Spend Limit to continue with Opus. Your usage limits will reset when your monthly cycle ends on 3/3/2026.
[2026-02-04T08:30:00+0800] Continue in 2s...
[2026-02-04T08:30:02+0800] === ITERATION START ===
T: You've hit your usage limit for Opus You've saved $113 on API model usage this month with Pro+. Switch to a different model or set a Spend Limit to continue with Opus. Your usage limits will reset when your monthly cycle ends on 3/3/2026.
[2026-02-04T08:30:11+0800] Continue in 2s...
[2026-02-04T08:30:13+0800] === ITERATION START ===
T: You've hit your usage limit for Opus You've saved $113 on API model usage this month with Pro+. Switch to a different model or set a Spend Limit to continue with Opus. Your usage limits will reset when your monthly cycle ends on 3/3/2026.
[2026-02-04T08:30:18+0800] Continue in 2s...
[2026-02-04T08:30:20+0800] === ITERATION START ===
T: You've hit your usage limit for Opus You've saved $113 on API model usage this month with Pro+. Switch to a different model or set a Spend Limit to continue with Opus. Your usage limits will reset when your monthly cycle ends on 3/3/2026.
[2026-02-04T08:30:26+0800] Continue in 2s...
[2026-02-04T08:30:28+0800] === ITERATION START ===
T: You've hit your usage limit for Opus You've saved $113 on API model usage this month with Pro+. Switch to a different model or set a Spend Limit to continue with Opus. Your usage limits will reset when your monthly cycle ends on 3/3/2026.
[2026-02-04T08:30:33+0800] Continue in 2s...
[2026-02-04T08:30:35+0800] === ITERATION START ===
T: You've hit your usage limit for Opus You've saved $113 on API model usage this month with Pro+. Switch to a different model or set a Spend Limit to continue with Opus. Your usage limits will reset when your monthly cycle ends on 3/3/2026.
[2026-02-04T08:30:41+0800] Continue in 2s...
[2026-02-04T08:30:43+0800] === ITERATION START ===
T: You've hit your usage limit for Opus You've saved $113 on API model usage this month with Pro+. Switch to a different model or set a Spend Limit to continue with Opus. Your usage limits will reset when your monthly cycle ends on 3/3/2026.
[2026-02-04T08:30:49+0800] Continue in 2s...
[2026-02-04T08:30:51+0800] === ITERATION START ===
T: You've hit your usage limit for Opus You've saved $113 on API model usage this month with Pro+. Switch to a different model or set a Spend Limit to continue with Opus. Your usage limits will reset when your monthly cycle ends on 3/3/2026.
[2026-02-04T08:30:56+0800] Continue in 2s...
[2026-02-04T08:30:58+0800] === ITERATION START ===
T: You've hit your usage limit for Opus You've saved $113 on API model usage this month with Pro+. Switch to a different model or set a Spend Limit to continue with Opus. Your usage limits will reset when your monthly cycle ends on 3/3/2026.
[2026-02-04T08:31:04+0800] Continue in 2s...
[2026-02-04T08:31:06+0800] === ITERATION START ===
T: You've hit your usage limit for Opus You've saved $113 on API model usage this month with Pro+. Switch to a different model or set a Spend Limit to continue with Opus. Your usage limits will reset when your monthly cycle ends on 3/3/2026.
[2026-02-04T08:31:11+0800] Continue in 2s...
[2026-02-04T08:31:14+0800] === ITERATION START ===
T: You've hit your usage limit for Opus You've saved $113 on API model usage this month with Pro+. Switch to a different model or set a Spend Limit to continue with Opus. Your usage limits will reset when your monthly cycle ends on 3/3/2026.
[2026-02-04T08:31:19+0800] Continue in 2s...
[2026-02-04T08:31:21+0800] === ITERATION START ===
T: You've hit your usage limit for Opus You've saved $113 on API model usage this month with Pro+. Switch to a different model or set a Spend Limit to continue with Opus. Your usage limits will reset when your monthly cycle ends on 3/3/2026.
[2026-02-04T08:31:26+0800] Continue in 2s...
[2026-02-04T08:31:29+0800] === ITERATION START ===
T: You've hit your usage limit for Opus You've saved $113 on API model usage this month with Pro+. Switch to a different model or set a Spend Limit to continue with Opus. Your usage limits will reset when your monthly cycle ends on 3/3/2026.
[2026-02-04T08:31:34+0800] Continue in 2s...
[2026-02-04T08:31:36+0800] === ITERATION START ===
T: You've hit your usage limit for Opus You've saved $113 on API model usage this month with Pro+. Switch to a different model or set a Spend Limit to continue with Opus. Your usage limits will reset when your monthly cycle ends on 3/3/2026.
[2026-02-04T08:31:41+0800] Continue in 2s...
[2026-02-04T08:31:43+0800] === ITERATION START ===
T: You've hit your usage limit for Opus You've saved $113 on API model usage this month with Pro+. Switch to a different model or set a Spend Limit to continue with Opus. Your usage limits will reset when your monthly cycle ends on 3/3/2026.
[2026-02-04T08:31:49+0800] Continue in 2s...
[2026-02-04T08:31:51+0800] === ITERATION START ===
T: You've hit your usage limit for Opus You've saved $113 on API model usage this month with Pro+. Switch to a different model or set a Spend Limit to continue with Opus. Your usage limits will reset when your monthly cycle ends on 3/3/2026.
[2026-02-04T08:31:57+0800] Continue in 2s...
[2026-02-04T08:31:59+0800] === ITERATION START ===
T: You've hit your usage limit for Opus You've saved $113 on API model usage this month with Pro+. Switch to a different model or set a Spend Limit to continue with Opus. Your usage limits will reset when your monthly cycle ends on 3/3/2026.
[2026-02-04T08:32:04+0800] Continue in 2s...
[2026-02-04T08:32:06+0800] === ITERATION START ===
T: You've hit your usage limit for Opus You've saved $113 on API model usage this month with Pro+. Switch to a different model or set a Spend Limit to continue with Opus. Your usage limits will reset when your monthly cycle ends on 3/3/2026.
[2026-02-04T08:32:12+0800] Continue in 2s...
[2026-02-04T08:32:14+0800] === ITERATION START ===
T: You've hit your usage limit for Opus You've saved $113 on API model usage this month with Pro+. Switch to a different model or set a Spend Limit to continue with Opus. Your usage limits will reset when your monthly cycle ends on 3/3/2026.
[2026-02-04T08:32:20+0800] Continue in 2s...
[2026-02-04T08:32:22+0800] === ITERATION START ===
T: You've hit your usage limit for Opus You've saved $113 on API model usage this month with Pro+. Switch to a different model or set a Spend Limit to continue with Opus. Your usage limits will reset when your monthly cycle ends on 3/3/2026.
[2026-02-04T08:32:27+0800] Continue in 2s...
[2026-02-04T08:32:29+0800] === ITERATION START ===
T: You've hit your usage limit for Opus You've saved $113 on API model usage this month with Pro+. Switch to a different model or set a Spend Limit to continue with Opus. Your usage limits will reset when your monthly cycle ends on 3/3/2026.
[2026-02-04T08:32:35+0800] Continue in 2s...
[2026-02-04T08:32:37+0800] === ITERATION START ===
T: You've hit your usage limit for Opus You've saved $113 on API model usage this month with Pro+. Switch to a different model or set a Spend Limit to continue with Opus. Your usage limits will reset when your monthly cycle ends on 3/3/2026.
[2026-02-04T08:32:42+0800] Continue in 2s...
[2026-02-04T08:32:44+0800] === ITERATION START ===
T: You've hit your usage limit for Opus You've saved $113 on API model usage this month with Pro+. Switch to a different model or set a Spend Limit to continue with Opus. Your usage limits will reset when your monthly cycle ends on 3/3/2026.
[2026-02-04T08:32:50+0800] Continue in 2s...
[2026-02-04T08:32:52+0800] === ITERATION START ===
T: You've hit your usage limit for Opus You've saved $113 on API model usage this month with Pro+. Switch to a different model or set a Spend Limit to continue with Opus. Your usage limits will reset when your monthly cycle ends on 3/3/2026.
[2026-02-04T08:32:57+0800] Continue in 2s...
[2026-02-04T08:32:59+0800] === ITERATION START ===
T: You've hit your usage limit for Opus You've saved $113 on API model usage this month with Pro+. Switch to a different model or set a Spend Limit to continue with Opus. Your usage limits will reset when your monthly cycle ends on 3/3/2026.
[2026-02-04T08:33:05+0800] Continue in 2s...
[2026-02-04T08:33:07+0800] === ITERATION START ===
T: You've hit your usage limit for Opus You've saved $113 on API model usage this month with Pro+. Switch to a different model or set a Spend Limit to continue with Opus. Your usage limits will reset when your monthly cycle ends on 3/3/2026.
[2026-02-04T08:33:12+0800] Continue in 2s...
[2026-02-04T08:33:14+0800] === ITERATION START ===
T: You've hit your usage limit for Opus You've saved $113 on API model usage this month with Pro+. Switch to a different model or set a Spend Limit to continue with Opus. Your usage limits will reset when your monthly cycle ends on 3/3/2026.
[2026-02-04T08:33:20+0800] Continue in 2s...
[2026-02-04T08:33:22+0800] === ITERATION START ===
T: You've hit your usage limit for Opus You've saved $113 on API model usage this month with Pro+. Switch to a different model or set a Spend Limit to continue with Opus. Your usage limits will reset when your monthly cycle ends on 3/3/2026.
[2026-02-04T08:33:28+0800] Continue in 2s...
[2026-02-04T08:33:30+0800] === ITERATION START ===
T: You've hit your usage limit for Opus You've saved $113 on API model usage this month with Pro+. Switch to a different model or set a Spend Limit to continue with Opus. Your usage limits will reset when your monthly cycle ends on 3/3/2026.
[2026-02-04T08:33:35+0800] Continue in 2s...
[2026-02-04T08:33:37+0800] === ITERATION START ===
T: You've hit your usage limit for Opus You've saved $113 on API model usage this month with Pro+. Switch to a different model or set a Spend Limit to continue with Opus. Your usage limits will reset when your monthly cycle ends on 3/3/2026.
[2026-02-04T08:33:43+0800] Continue in 2s...
[2026-02-04T08:33:45+0800] === ITERATION START ===
T: You've hit your usage limit for Opus You've saved $113 on API model usage this month with Pro+. Switch to a different model or set a Spend Limit to continue with Opus. Your usage limits will reset when your monthly cycle ends on 3/3/2026.
[2026-02-04T08:33:50+0800] Continue in 2s...
[2026-02-04T08:33:52+0800] === ITERATION START ===
T: You've hit your usage limit for Opus You've saved $113 on API model usage this month with Pro+. Switch to a different model or set a Spend Limit to continue with Opus. Your usage limits will reset when your monthly cycle ends on 3/3/2026.
[2026-02-04T08:33:58+0800] Continue in 2s...
[2026-02-04T08:34:00+0800] === ITERATION START ===
T: You've hit your usage limit for Opus You've saved $113 on API model usage this month with Pro+. Switch to a different model or set a Spend Limit to continue with Opus. Your usage limits will reset when your monthly cycle ends on 3/3/2026.
[2026-02-04T08:34:06+0800] Continue in 2s...
[2026-02-04T08:34:08+0800] === ITERATION START ===
T: You've hit your usage limit for Opus You've saved $113 on API model usage this month with Pro+. Switch to a different model or set a Spend Limit to continue with Opus. Your usage limits will reset when your monthly cycle ends on 3/3/2026.
[2026-02-04T08:34:13+0800] Continue in 2s...
[2026-02-04T08:34:15+0800] === ITERATION START ===
T: You've hit your usage limit for Opus You've saved $113 on API model usage this month with Pro+. Switch to a different model or set a Spend Limit to continue with Opus. Your usage limits will reset when your monthly cycle ends on 3/3/2026.
[2026-02-04T08:34:20+0800] Continue in 2s...
[2026-02-04T08:34:22+0800] === ITERATION START ===
T: You've hit your usage limit for Opus You've saved $113 on API model usage this month with Pro+. Switch to a different model or set a Spend Limit to continue with Opus. Your usage limits will reset when your monthly cycle ends on 3/3/2026.
[2026-02-04T08:34:28+0800] Continue in 2s...
[2026-02-04T08:34:30+0800] === ITERATION START ===
T: You've hit your usage limit for Opus You've saved $113 on API model usage this month with Pro+. Switch to a different model or set a Spend Limit to continue with Opus. Your usage limits will reset when your monthly cycle ends on 3/3/2026.
[2026-02-04T08:34:35+0800] Continue in 2s...
[2026-02-04T08:34:37+0800] === ITERATION START ===
T: You've hit your usage limit for Opus You've saved $113 on API model usage this month with Pro+. Switch to a different model or set a Spend Limit to continue with Opus. Your usage limits will reset when your monthly cycle ends on 3/3/2026.
[2026-02-04T08:34:43+0800] Continue in 2s...
[2026-02-04T08:34:45+0800] === ITERATION START ===
T: You've hit your usage limit for Opus You've saved $113 on API model usage this month with Pro+. Switch to a different model or set a Spend Limit to continue with Opus. Your usage limits will reset when your monthly cycle ends on 3/3/2026.
[2026-02-04T08:34:50+0800] Continue in 2s...
[2026-02-04T08:34:52+0800] === ITERATION START ===
T: You've hit your usage limit for Opus You've saved $113 on API model usage this month with Pro+. Switch to a different model or set a Spend Limit to continue with Opus. Your usage limits will reset when your monthly cycle ends on 3/3/2026.
[2026-02-04T08:34:58+0800] Continue in 2s...
[2026-02-04T08:35:00+0800] === ITERATION START ===
T: You've hit your usage limit for Opus You've saved $113 on API model usage this month with Pro+. Switch to a different model or set a Spend Limit to continue with Opus. Your usage limits will reset when your monthly cycle ends on 3/3/2026.
[2026-02-04T08:35:06+0800] Continue in 2s...
[2026-02-04T08:35:08+0800] === ITERATION START ===
T: You've hit your usage limit for Opus You've saved $113 on API model usage this month with Pro+. Switch to a different model or set a Spend Limit to continue with Opus. Your usage limits will reset when your monthly cycle ends on 3/3/2026.
[2026-02-04T08:35:13+0800] Continue in 2s...
[2026-02-04T08:35:15+0800] === ITERATION START ===
T: You've hit your usage limit for Opus You've saved $113 on API model usage this month with Pro+. Switch to a different model or set a Spend Limit to continue with Opus. Your usage limits will reset when your monthly cycle ends on 3/3/2026.
[2026-02-04T08:35:21+0800] Continue in 2s...
[2026-02-04T08:35:23+0800] === ITERATION START ===
T: You've hit your usage limit for Opus You've saved $113 on API model usage this month with Pro+. Switch to a different model or set a Spend Limit to continue with Opus. Your usage limits will reset when your monthly cycle ends on 3/3/2026.
[2026-02-04T08:35:29+0800] Continue in 2s...
[2026-02-04T08:35:31+0800] === ITERATION START ===
T: You've hit your usage limit for Opus You've saved $113 on API model usage this month with Pro+. Switch to a different model or set a Spend Limit to continue with Opus. Your usage limits will reset when your monthly cycle ends on 3/3/2026.
[2026-02-04T08:35:36+0800] Continue in 2s...
[2026-02-04T08:35:38+0800] === ITERATION START ===
T: You've hit your usage limit for Opus You've saved $113 on API model usage this month with Pro+. Switch to a different model or set a Spend Limit to continue with Opus. Your usage limits will reset when your monthly cycle ends on 3/3/2026.
[2026-02-04T08:35:43+0800] Continue in 2s...
[2026-02-04T08:35:45+0800] === ITERATION START ===
T: You've hit your usage limit for Opus You've saved $113 on API model usage this month with Pro+. Switch to a different model or set a Spend Limit to continue with Opus. Your usage limits will reset when your monthly cycle ends on 3/3/2026.
[2026-02-04T08:35:51+0800] Continue in 2s...
[2026-02-04T08:35:53+0800] === ITERATION START ===
T: You've hit your usage limit for Opus You've saved $113 on API model usage this month with Pro+. Switch to a different model or set a Spend Limit to continue with Opus. Your usage limits will reset when your monthly cycle ends on 3/3/2026.
[2026-02-04T08:35:59+0800] Continue in 2s...
[2026-02-04T08:36:01+0800] === ITERATION START ===
T: You've hit your usage limit for Opus You've saved $113 on API model usage this month with Pro+. Switch to a different model or set a Spend Limit to continue with Opus. Your usage limits will reset when your monthly cycle ends on 3/3/2026.
[2026-02-04T08:36:06+0800] Continue in 2s...
[2026-02-04T08:36:08+0800] === ITERATION START ===
T: You've hit your usage limit for Opus You've saved $113 on API model usage this month with Pro+. Switch to a different model or set a Spend Limit to continue with Opus. Your usage limits will reset when your monthly cycle ends on 3/3/2026.
[2026-02-04T08:36:14+0800] Continue in 2s...
[2026-02-04T08:36:16+0800] === ITERATION START ===
T: You've hit your usage limit for Opus You've saved $113 on API model usage this month with Pro+. Switch to a different model or set a Spend Limit to continue with Opus. Your usage limits will reset when your monthly cycle ends on 3/3/2026.
[2026-02-04T08:36:22+0800] Continue in 2s...
[2026-02-04T08:36:24+0800] === ITERATION START ===
T: You've hit your usage limit for Opus You've saved $113 on API model usage this month with Pro+. Switch to a different model or set a Spend Limit to continue with Opus. Your usage limits will reset when your monthly cycle ends on 3/3/2026.
[2026-02-04T08:36:29+0800] Continue in 2s...
[2026-02-04T08:36:31+0800] === ITERATION START ===
T: You've hit your usage limit for Opus You've saved $113 on API model usage this month with Pro+. Switch to a different model or set a Spend Limit to continue with Opus. Your usage limits will reset when your monthly cycle ends on 3/3/2026.
[2026-02-04T08:36:37+0800] Continue in 2s...
[2026-02-04T08:36:39+0800] === ITERATION START ===
T: You've hit your usage limit for Opus You've saved $113 on API model usage this month with Pro+. Switch to a different model or set a Spend Limit to continue with Opus. Your usage limits will reset when your monthly cycle ends on 3/3/2026.
[2026-02-04T08:36:44+0800] Continue in 2s...
[2026-02-04T08:36:46+0800] === ITERATION START ===
T: You've hit your usage limit for Opus You've saved $113 on API model usage this month with Pro+. Switch to a different model or set a Spend Limit to continue with Opus. Your usage limits will reset when your monthly cycle ends on 3/3/2026.
[2026-02-04T08:36:52+0800] Continue in 2s...
[2026-02-04T08:36:54+0800] === ITERATION START ===
T: You've hit your usage limit for Opus You've saved $113 on API model usage this month with Pro+. Switch to a different model or set a Spend Limit to continue with Opus. Your usage limits will reset when your monthly cycle ends on 3/3/2026.
[2026-02-04T08:36:59+0800] Continue in 2s...
[2026-02-04T08:37:01+0800] === ITERATION START ===
T: You've hit your usage limit for Opus You've saved $113 on API model usage this month with Pro+. Switch to a different model or set a Spend Limit to continue with Opus. Your usage limits will reset when your monthly cycle ends on 3/3/2026.
[2026-02-04T08:37:07+0800] Continue in 2s...
[2026-02-04T08:37:09+0800] === ITERATION START ===
T: You've hit your usage limit for Opus You've saved $113 on API model usage this month with Pro+. Switch to a different model or set a Spend Limit to continue with Opus. Your usage limits will reset when your monthly cycle ends on 3/3/2026.
[2026-02-04T08:37:14+0800] Continue in 2s...
[2026-02-04T08:37:16+0800] === ITERATION START ===
T: You've hit your usage limit for Opus You've saved $113 on API model usage this month with Pro+. Switch to a different model or set a Spend Limit to continue with Opus. Your usage limits will reset when your monthly cycle ends on 3/3/2026.
[2026-02-04T08:37:22+0800] Continue in 2s...
[2026-02-04T08:37:24+0800] === ITERATION START ===
T: You've hit your usage limit for Opus You've saved $113 on API model usage this month with Pro+. Switch to a different model or set a Spend Limit to continue with Opus. Your usage limits will reset when your monthly cycle ends on 3/3/2026.
[2026-02-04T08:37:29+0800] Continue in 2s...
[2026-02-04T08:37:31+0800] === ITERATION START ===
T: You've hit your usage limit for Opus You've saved $113 on API model usage this month with Pro+. Switch to a different model or set a Spend Limit to continue with Opus. Your usage limits will reset when your monthly cycle ends on 3/3/2026.
[2026-02-04T08:37:37+0800] Continue in 2s...
[2026-02-04T08:37:39+0800] === ITERATION START ===
T: You've hit your usage limit for Opus You've saved $113 on API model usage this month with Pro+. Switch to a different model or set a Spend Limit to continue with Opus. Your usage limits will reset when your monthly cycle ends on 3/3/2026.
[2026-02-04T08:37:44+0800] Continue in 2s...
[2026-02-04T08:37:46+0800] === ITERATION START ===
T: You've hit your usage limit for Opus You've saved $113 on API model usage this month with Pro+. Switch to a different model or set a Spend Limit to continue with Opus. Your usage limits will reset when your monthly cycle ends on 3/3/2026.
[2026-02-04T08:37:51+0800] Continue in 2s...
[2026-02-04T08:37:54+0800] === ITERATION START ===
T: You've hit your usage limit for Opus You've saved $113 on API model usage this month with Pro+. Switch to a different model or set a Spend Limit to continue with Opus. Your usage limits will reset when your monthly cycle ends on 3/3/2026.
[2026-02-04T08:37:59+0800] Continue in 2s...
[2026-02-04T08:38:01+0800] === ITERATION START ===
T: You've hit your usage limit for Opus You've saved $113 on API model usage this month with Pro+. Switch to a different model or set a Spend Limit to continue with Opus. Your usage limits will reset when your monthly cycle ends on 3/3/2026.
[2026-02-04T08:38:07+0800] Continue in 2s...
[2026-02-04T08:38:09+0800] === ITERATION START ===
T: You've hit your usage limit for Opus You've saved $113 on API model usage this month with Pro+. Switch to a different model or set a Spend Limit to continue with Opus. Your usage limits will reset when your monthly cycle ends on 3/3/2026.
[2026-02-04T08:38:14+0800] Continue in 2s...
[2026-02-04T08:38:16+0800] === ITERATION START ===
T: You've hit your usage limit for Opus You've saved $113 on API model usage this month with Pro+. Switch to a different model or set a Spend Limit to continue with Opus. Your usage limits will reset when your monthly cycle ends on 3/3/2026.
[2026-02-04T08:38:22+0800] Continue in 2s...
[2026-02-04T08:38:24+0800] === ITERATION START ===
T: You've hit your usage limit for Opus You've saved $113 on API model usage this month with Pro+. Switch to a different model or set a Spend Limit to continue with Opus. Your usage limits will reset when your monthly cycle ends on 3/3/2026.
[2026-02-04T08:38:29+0800] Continue in 2s...
[2026-02-04T08:38:31+0800] === ITERATION START ===
T: You've hit your usage limit for Opus You've saved $113 on API model usage this month with Pro+. Switch to a different model or set a Spend Limit to continue with Opus. Your usage limits will reset when your monthly cycle ends on 3/3/2026.
[2026-02-04T08:38:37+0800] Continue in 2s...
[2026-02-04T08:38:39+0800] === ITERATION START ===
T: You've hit your usage limit for Opus You've saved $113 on API model usage this month with Pro+. Switch to a different model or set a Spend Limit to continue with Opus. Your usage limits will reset when your monthly cycle ends on 3/3/2026.
[2026-02-04T08:38:44+0800] Continue in 2s...
[2026-02-04T08:38:46+0800] === ITERATION START ===
T: You've hit your usage limit for Opus You've saved $113 on API model usage this month with Pro+. Switch to a different model or set a Spend Limit to continue with Opus. Your usage limits will reset when your monthly cycle ends on 3/3/2026.
[2026-02-04T08:38:52+0800] Continue in 2s...
[2026-02-04T08:38:54+0800] === ITERATION START ===
T: You've hit your usage limit for Opus You've saved $113 on API model usage this month with Pro+. Switch to a different model or set a Spend Limit to continue with Opus. Your usage limits will reset when your monthly cycle ends on 3/3/2026.
[2026-02-04T08:38:59+0800] Continue in 2s...
[2026-02-04T08:39:02+0800] === ITERATION START ===
T: You've hit your usage limit for Opus You've saved $113 on API model usage this month with Pro+. Switch to a different model or set a Spend Limit to continue with Opus. Your usage limits will reset when your monthly cycle ends on 3/3/2026.
[2026-02-04T08:39:07+0800] Continue in 2s...
[2026-02-04T08:39:09+0800] === ITERATION START ===
T: You've hit your usage limit for Opus You've saved $113 on API model usage this month with Pro+. Switch to a different model or set a Spend Limit to continue with Opus. Your usage limits will reset when your monthly cycle ends on 3/3/2026.
[2026-02-04T08:39:14+0800] Continue in 2s...
[2026-02-04T08:39:17+0800] === ITERATION START ===
T: You've hit your usage limit for Opus You've saved $113 on API model usage this month with Pro+. Switch to a different model or set a Spend Limit to continue with Opus. Your usage limits will reset when your monthly cycle ends on 3/3/2026.
[2026-02-04T08:39:22+0800] Continue in 2s...
[2026-02-04T08:39:24+0800] === ITERATION START ===
T: You've hit your usage limit for Opus You've saved $113 on API model usage this month with Pro+. Switch to a different model or set a Spend Limit to continue with Opus. Your usage limits will reset when your monthly cycle ends on 3/3/2026.
[2026-02-04T08:39:30+0800] Continue in 2s...
[2026-02-04T08:39:32+0800] === ITERATION START ===
T: You've hit your usage limit for Opus You've saved $113 on API model usage this month with Pro+. Switch to a different model or set a Spend Limit to continue with Opus. Your usage limits will reset when your monthly cycle ends on 3/3/2026.
[2026-02-04T08:39:38+0800] Continue in 2s...
[2026-02-04T08:39:40+0800] === ITERATION START ===
T: You've hit your usage limit for Opus You've saved $113 on API model usage this month with Pro+. Switch to a different model or set a Spend Limit to continue with Opus. Your usage limits will reset when your monthly cycle ends on 3/3/2026.
[2026-02-04T08:39:46+0800] Continue in 2s...
[2026-02-04T08:39:48+0800] === ITERATION START ===
T: You've hit your usage limit for Opus You've saved $113 on API model usage this month with Pro+. Switch to a different model or set a Spend Limit to continue with Opus. Your usage limits will reset when your monthly cycle ends on 3/3/2026.
[2026-02-04T08:39:53+0800] Continue in 2s...
[2026-02-04T08:39:55+0800] === ITERATION START ===
T: You've hit your usage limit for Opus You've saved $113 on API model usage this month with Pro+. Switch to a different model or set a Spend Limit to continue with Opus. Your usage limits will reset when your monthly cycle ends on 3/3/2026.
[2026-02-04T08:40:01+0800] Continue in 2s...
[2026-02-04T08:40:03+0800] === ITERATION START ===
T: You've hit your usage limit for Opus You've saved $113 on API model usage this month with Pro+. Switch to a different model or set a Spend Limit to continue with Opus. Your usage limits will reset when your monthly cycle ends on 3/3/2026.
[2026-02-04T08:40:09+0800] Continue in 2s...
[2026-02-04T08:40:11+0800] === ITERATION START ===
T: You've hit your usage limit for Opus You've saved $113 on API model usage this month with Pro+. Switch to a different model or set a Spend Limit to continue with Opus. Your usage limits will reset when your monthly cycle ends on 3/3/2026.
[2026-02-04T08:40:16+0800] Continue in 2s...
[2026-02-04T08:40:18+0800] === ITERATION START ===
T: You've hit your usage limit for Opus You've saved $113 on API model usage this month with Pro+. Switch to a different model or set a Spend Limit to continue with Opus. Your usage limits will reset when your monthly cycle ends on 3/3/2026.
[2026-02-04T08:40:24+0800] Continue in 2s...
[2026-02-04T08:40:26+0800] === ITERATION START ===
T: You've hit your usage limit for Opus You've saved $113 on API model usage this month with Pro+. Switch to a different model or set a Spend Limit to continue with Opus. Your usage limits will reset when your monthly cycle ends on 3/3/2026.
[2026-02-04T08:40:31+0800] Continue in 2s...
[2026-02-04T08:40:33+0800] === ITERATION START ===
T: You've hit your usage limit for Opus You've saved $113 on API model usage this month with Pro+. Switch to a different model or set a Spend Limit to continue with Opus. Your usage limits will reset when your monthly cycle ends on 3/3/2026.
[2026-02-04T08:40:39+0800] Continue in 2s...
[2026-02-04T08:40:41+0800] === ITERATION START ===
T: You've hit your usage limit for Opus You've saved $113 on API model usage this month with Pro+. Switch to a different model or set a Spend Limit to continue with Opus. Your usage limits will reset when your monthly cycle ends on 3/3/2026.
[2026-02-04T08:40:47+0800] Continue in 2s...
[2026-02-04T08:40:49+0800] === ITERATION START ===
T: You've hit your usage limit for Opus You've saved $113 on API model usage this month with Pro+. Switch to a different model or set a Spend Limit to continue with Opus. Your usage limits will reset when your monthly cycle ends on 3/3/2026.
[2026-02-04T08:40:54+0800] Continue in 2s...
[2026-02-04T08:40:56+0800] === ITERATION START ===
T: You've hit your usage limit for Opus You've saved $113 on API model usage this month with Pro+. Switch to a different model or set a Spend Limit to continue with Opus. Your usage limits will reset when your monthly cycle ends on 3/3/2026.
[2026-02-04T08:41:02+0800] Continue in 2s...
[2026-02-04T08:41:04+0800] === ITERATION START ===
T: You've hit your usage limit for Opus You've saved $113 on API model usage this month with Pro+. Switch to a different model or set a Spend Limit to continue with Opus. Your usage limits will reset when your monthly cycle ends on 3/3/2026.
[2026-02-04T08:41:10+0800] Continue in 2s...
[2026-02-04T08:41:12+0800] === ITERATION START ===
T: You've hit your usage limit for Opus You've saved $113 on API model usage this month with Pro+. Switch to a different model or set a Spend Limit to continue with Opus. Your usage limits will reset when your monthly cycle ends on 3/3/2026.
[2026-02-04T08:41:17+0800] Continue in 2s...
[2026-02-04T08:41:19+0800] === ITERATION START ===
T: You've hit your usage limit for Opus You've saved $113 on API model usage this month with Pro+. Switch to a different model or set a Spend Limit to continue with Opus. Your usage limits will reset when your monthly cycle ends on 3/3/2026.
[2026-02-04T08:41:25+0800] Continue in 2s...
[2026-02-04T08:41:27+0800] === ITERATION START ===
T: You've hit your usage limit for Opus You've saved $113 on API model usage this month with Pro+. Switch to a different model or set a Spend Limit to continue with Opus. Your usage limits will reset when your monthly cycle ends on 3/3/2026.
[2026-02-04T08:41:32+0800] Continue in 2s...
[2026-02-04T08:41:34+0800] === ITERATION START ===
T: You've hit your usage limit for Opus You've saved $113 on API model usage this month with Pro+. Switch to a different model or set a Spend Limit to continue with Opus. Your usage limits will reset when your monthly cycle ends on 3/3/2026.
[2026-02-04T08:41:40+0800] Continue in 2s...
[2026-02-04T08:41:42+0800] === ITERATION START ===
T: You've hit your usage limit for Opus You've saved $113 on API model usage this month with Pro+. Switch to a different model or set a Spend Limit to continue with Opus. Your usage limits will reset when your monthly cycle ends on 3/3/2026.
[2026-02-04T08:41:47+0800] Continue in 2s...
[2026-02-04T08:41:49+0800] === ITERATION START ===
T: You've hit your usage limit for Opus You've saved $113 on API model usage this month with Pro+. Switch to a different model or set a Spend Limit to continue with Opus. Your usage limits will reset when your monthly cycle ends on 3/3/2026.
[2026-02-04T08:41:55+0800] Continue in 2s...
[2026-02-04T08:41:57+0800] === ITERATION START ===
T: You've hit your usage limit for Opus You've saved $113 on API model usage this month with Pro+. Switch to a different model or set a Spend Limit to continue with Opus. Your usage limits will reset when your monthly cycle ends on 3/3/2026.
[2026-02-04T08:42:02+0800] Continue in 2s...
[2026-02-04T08:42:04+0800] === ITERATION START ===
T: You've hit your usage limit for Opus You've saved $113 on API model usage this month with Pro+. Switch to a different model or set a Spend Limit to continue with Opus. Your usage limits will reset when your monthly cycle ends on 3/3/2026.
[2026-02-04T08:42:10+0800] Continue in 2s...
[2026-02-04T08:42:12+0800] === ITERATION START ===
T: You've hit your usage limit for Opus You've saved $113 on API model usage this month with Pro+. Switch to a different model or set a Spend Limit to continue with Opus. Your usage limits will reset when your monthly cycle ends on 3/3/2026.
[2026-02-04T08:42:17+0800] Continue in 2s...
[2026-02-04T08:42:19+0800] === ITERATION START ===
T: You've hit your usage limit for Opus You've saved $113 on API model usage this month with Pro+. Switch to a different model or set a Spend Limit to continue with Opus. Your usage limits will reset when your monthly cycle ends on 3/3/2026.
[2026-02-04T08:42:25+0800] Continue in 2s...
[2026-02-04T08:42:27+0800] === ITERATION START ===
T: You've hit your usage limit for Opus You've saved $113 on API model usage this month with Pro+. Switch to a different model or set a Spend Limit to continue with Opus. Your usage limits will reset when your monthly cycle ends on 3/3/2026.
[2026-02-04T08:42:32+0800] Continue in 2s...
[2026-02-04T08:42:34+0800] === ITERATION START ===
T: You've hit your usage limit for Opus You've saved $113 on API model usage this month with Pro+. Switch to a different model or set a Spend Limit to continue with Opus. Your usage limits will reset when your monthly cycle ends on 3/3/2026.
[2026-02-04T08:42:40+0800] Continue in 2s...
[2026-02-04T08:42:42+0800] === ITERATION START ===
T: You've hit your usage limit for Opus You've saved $113 on API model usage this month with Pro+. Switch to a different model or set a Spend Limit to continue with Opus. Your usage limits will reset when your monthly cycle ends on 3/3/2026.
[2026-02-04T08:42:47+0800] Continue in 2s...
[2026-02-04T08:42:49+0800] === ITERATION START ===
T: You've hit your usage limit for Opus You've saved $113 on API model usage this month with Pro+. Switch to a different model or set a Spend Limit to continue with Opus. Your usage limits will reset when your monthly cycle ends on 3/3/2026.
[2026-02-04T08:42:55+0800] Continue in 2s...
[2026-02-04T08:42:57+0800] === ITERATION START ===
T: You've hit your usage limit for Opus You've saved $113 on API model usage this month with Pro+. Switch to a different model or set a Spend Limit to continue with Opus. Your usage limits will reset when your monthly cycle ends on 3/3/2026.
[2026-02-04T08:43:02+0800] Continue in 2s...
[2026-02-04T08:43:04+0800] === ITERATION START ===
T: You've hit your usage limit for Opus You've saved $113 on API model usage this month with Pro+. Switch to a different model or set a Spend Limit to continue with Opus. Your usage limits will reset when your monthly cycle ends on 3/3/2026.
[2026-02-04T08:43:10+0800] Continue in 2s...
[2026-02-04T08:43:12+0800] === ITERATION START ===
T: You've hit your usage limit for Opus You've saved $113 on API model usage this month with Pro+. Switch to a different model or set a Spend Limit to continue with Opus. Your usage limits will reset when your monthly cycle ends on 3/3/2026.
[2026-02-04T08:43:17+0800] Continue in 2s...
[2026-02-04T08:43:19+0800] === ITERATION START ===
T: You've hit your usage limit for Opus You've saved $113 on API model usage this month with Pro+. Switch to a different model or set a Spend Limit to continue with Opus. Your usage limits will reset when your monthly cycle ends on 3/3/2026.
[2026-02-04T08:43:25+0800] Continue in 2s...
[2026-02-04T08:43:27+0800] === ITERATION START ===
T: You've hit your usage limit for Opus You've saved $113 on API model usage this month with Pro+. Switch to a different model or set a Spend Limit to continue with Opus. Your usage limits will reset when your monthly cycle ends on 3/3/2026.
[2026-02-04T08:43:32+0800] Continue in 2s...
[2026-02-04T08:43:34+0800] === ITERATION START ===
T: You've hit your usage limit for Opus You've saved $113 on API model usage this month with Pro+. Switch to a different model or set a Spend Limit to continue with Opus. Your usage limits will reset when your monthly cycle ends on 3/3/2026.
[2026-02-04T08:43:40+0800] Continue in 2s...
[2026-02-04T08:43:42+0800] === ITERATION START ===
T: You've hit your usage limit for Opus You've saved $113 on API model usage this month with Pro+. Switch to a different model or set a Spend Limit to continue with Opus. Your usage limits will reset when your monthly cycle ends on 3/3/2026.
[2026-02-04T08:43:47+0800] Continue in 2s...
[2026-02-04T08:43:49+0800] === ITERATION START ===
T: You've hit your usage limit for Opus You've saved $113 on API model usage this month with Pro+. Switch to a different model or set a Spend Limit to continue with Opus. Your usage limits will reset when your monthly cycle ends on 3/3/2026.
[2026-02-04T08:43:55+0800] Continue in 2s...
[2026-02-04T08:43:57+0800] === ITERATION START ===
T: You've hit your usage limit for Opus You've saved $113 on API model usage this month with Pro+. Switch to a different model or set a Spend Limit to continue with Opus. Your usage limits will reset when your monthly cycle ends on 3/3/2026.
[2026-02-04T08:44:02+0800] Continue in 2s...
[2026-02-04T08:44:04+0800] === ITERATION START ===
T: You've hit your usage limit for Opus You've saved $113 on API model usage this month with Pro+. Switch to a different model or set a Spend Limit to continue with Opus. Your usage limits will reset when your monthly cycle ends on 3/3/2026.
[2026-02-04T08:44:10+0800] Continue in 2s...
[2026-02-04T08:44:12+0800] === ITERATION START ===
T: You've hit your usage limit for Opus You've saved $113 on API model usage this month with Pro+. Switch to a different model or set a Spend Limit to continue with Opus. Your usage limits will reset when your monthly cycle ends on 3/3/2026.
[2026-02-04T08:44:17+0800] Continue in 2s...
[2026-02-04T08:44:19+0800] === ITERATION START ===
T: You've hit your usage limit for Opus You've saved $113 on API model usage this month with Pro+. Switch to a different model or set a Spend Limit to continue with Opus. Your usage limits will reset when your monthly cycle ends on 3/3/2026.
[2026-02-04T08:44:25+0800] Continue in 2s...
[2026-02-04T08:44:27+0800] === ITERATION START ===
T: You've hit your usage limit for Opus You've saved $113 on API model usage this month with Pro+. Switch to a different model or set a Spend Limit to continue with Opus. Your usage limits will reset when your monthly cycle ends on 3/3/2026.
[2026-02-04T08:44:32+0800] Continue in 2s...
[2026-02-04T08:44:34+0800] === ITERATION START ===
T: You've hit your usage limit for Opus You've saved $113 on API model usage this month with Pro+. Switch to a different model or set a Spend Limit to continue with Opus. Your usage limits will reset when your monthly cycle ends on 3/3/2026.
[2026-02-04T08:44:40+0800] Continue in 2s...
[2026-02-04T08:44:42+0800] === ITERATION START ===
T: You've hit your usage limit for Opus You've saved $113 on API model usage this month with Pro+. Switch to a different model or set a Spend Limit to continue with Opus. Your usage limits will reset when your monthly cycle ends on 3/3/2026.
[2026-02-04T08:44:47+0800] Continue in 2s...
[2026-02-04T08:44:49+0800] === ITERATION START ===
T: You've hit your usage limit for Opus You've saved $113 on API model usage this month with Pro+. Switch to a different model or set a Spend Limit to continue with Opus. Your usage limits will reset when your monthly cycle ends on 3/3/2026.
[2026-02-04T08:44:55+0800] Continue in 2s...
[2026-02-04T08:44:57+0800] === ITERATION START ===
T: You've hit your usage limit for Opus You've saved $113 on API model usage this month with Pro+. Switch to a different model or set a Spend Limit to continue with Opus. Your usage limits will reset when your monthly cycle ends on 3/3/2026.
[2026-02-04T08:45:02+0800] Continue in 2s...
[2026-02-04T08:45:05+0800] === ITERATION START ===
T: You've hit your usage limit for Opus You've saved $113 on API model usage this month with Pro+. Switch to a different model or set a Spend Limit to continue with Opus. Your usage limits will reset when your monthly cycle ends on 3/3/2026.
[2026-02-04T08:45:10+0800] Continue in 2s...
[2026-02-04T08:45:12+0800] === ITERATION START ===
T: You've hit your usage limit for Opus You've saved $113 on API model usage this month with Pro+. Switch to a different model or set a Spend Limit to continue with Opus. Your usage limits will reset when your monthly cycle ends on 3/3/2026.
[2026-02-04T08:45:18+0800] Continue in 2s...
[2026-02-04T08:45:20+0800] === ITERATION START ===
T: You've hit your usage limit for Opus You've saved $113 on API model usage this month with Pro+. Switch to a different model or set a Spend Limit to continue with Opus. Your usage limits will reset when your monthly cycle ends on 3/3/2026.
[2026-02-04T08:45:25+0800] Continue in 2s...
[2026-02-04T08:45:27+0800] === ITERATION START ===
T: You've hit your usage limit for Opus You've saved $113 on API model usage this month with Pro+. Switch to a different model or set a Spend Limit to continue with Opus. Your usage limits will reset when your monthly cycle ends on 3/3/2026.
[2026-02-04T08:45:33+0800] Continue in 2s...
[2026-02-04T08:45:35+0800] === ITERATION START ===
T: You've hit your usage limit for Opus You've saved $113 on API model usage this month with Pro+. Switch to a different model or set a Spend Limit to continue with Opus. Your usage limits will reset when your monthly cycle ends on 3/3/2026.
[2026-02-04T08:45:40+0800] Continue in 2s...
[2026-02-04T08:45:42+0800] === ITERATION START ===
T: You've hit your usage limit for Opus You've saved $113 on API model usage this month with Pro+. Switch to a different model or set a Spend Limit to continue with Opus. Your usage limits will reset when your monthly cycle ends on 3/3/2026.
[2026-02-04T08:45:48+0800] Continue in 2s...
[2026-02-04T08:45:50+0800] === ITERATION START ===
T: You've hit your usage limit for Opus You've saved $113 on API model usage this month with Pro+. Switch to a different model or set a Spend Limit to continue with Opus. Your usage limits will reset when your monthly cycle ends on 3/3/2026.
[2026-02-04T08:45:55+0800] Continue in 2s...
[2026-02-04T08:45:57+0800] === ITERATION START ===
T: You've hit your usage limit for Opus You've saved $113 on API model usage this month with Pro+. Switch to a different model or set a Spend Limit to continue with Opus. Your usage limits will reset when your monthly cycle ends on 3/3/2026.
[2026-02-04T08:46:03+0800] Continue in 2s...
[2026-02-04T08:46:05+0800] === ITERATION START ===
T: You've hit your usage limit for Opus You've saved $113 on API model usage this month with Pro+. Switch to a different model or set a Spend Limit to continue with Opus. Your usage limits will reset when your monthly cycle ends on 3/3/2026.
[2026-02-04T08:46:10+0800] Continue in 2s...
[2026-02-04T08:46:12+0800] === ITERATION START ===
T: You've hit your usage limit for Opus You've saved $113 on API model usage this month with Pro+. Switch to a different model or set a Spend Limit to continue with Opus. Your usage limits will reset when your monthly cycle ends on 3/3/2026.
[2026-02-04T08:46:17+0800] Continue in 2s...
[2026-02-04T08:46:20+0800] === ITERATION START ===
T: You've hit your usage limit for Opus You've saved $113 on API model usage this month with Pro+. Switch to a different model or set a Spend Limit to continue with Opus. Your usage limits will reset when your monthly cycle ends on 3/3/2026.
[2026-02-04T08:46:25+0800] Continue in 2s...
[2026-02-04T08:46:27+0800] === ITERATION START ===
T: You've hit your usage limit for Opus You've saved $113 on API model usage this month with Pro+. Switch to a different model or set a Spend Limit to continue with Opus. Your usage limits will reset when your monthly cycle ends on 3/3/2026.
[2026-02-04T08:46:32+0800] Continue in 2s...
[2026-02-04T08:46:34+0800] === ITERATION START ===
T: You've hit your usage limit for Opus You've saved $113 on API model usage this month with Pro+. Switch to a different model or set a Spend Limit to continue with Opus. Your usage limits will reset when your monthly cycle ends on 3/3/2026.
[2026-02-04T08:46:40+0800] Continue in 2s...
[2026-02-04T08:46:42+0800] === ITERATION START ===
T: You've hit your usage limit for Opus You've saved $113 on API model usage this month with Pro+. Switch to a different model or set a Spend Limit to continue with Opus. Your usage limits will reset when your monthly cycle ends on 3/3/2026.
[2026-02-04T08:46:47+0800] Continue in 2s...
[2026-02-04T08:46:50+0800] === ITERATION START ===
T: You've hit your usage limit for Opus You've saved $113 on API model usage this month with Pro+. Switch to a different model or set a Spend Limit to continue with Opus. Your usage limits will reset when your monthly cycle ends on 3/3/2026.
[2026-02-04T08:46:55+0800] Continue in 2s...
[2026-02-04T08:46:57+0800] === ITERATION START ===
T: You've hit your usage limit for Opus You've saved $113 on API model usage this month with Pro+. Switch to a different model or set a Spend Limit to continue with Opus. Your usage limits will reset when your monthly cycle ends on 3/3/2026.
[2026-02-04T08:47:02+0800] Continue in 2s...
[2026-02-04T08:47:04+0800] === ITERATION START ===
T: You've hit your usage limit for Opus You've saved $113 on API model usage this month with Pro+. Switch to a different model or set a Spend Limit to continue with Opus. Your usage limits will reset when your monthly cycle ends on 3/3/2026.
[2026-02-04T08:47:10+0800] Continue in 2s...
[2026-02-04T08:47:12+0800] === ITERATION START ===
T: You've hit your usage limit for Opus You've saved $113 on API model usage this month with Pro+. Switch to a different model or set a Spend Limit to continue with Opus. Your usage limits will reset when your monthly cycle ends on 3/3/2026.
[2026-02-04T08:47:18+0800] Continue in 2s...
[2026-02-04T08:47:20+0800] === ITERATION START ===
T: You've hit your usage limit for Opus You've saved $113 on API model usage this month with Pro+. Switch to a different model or set a Spend Limit to continue with Opus. Your usage limits will reset when your monthly cycle ends on 3/3/2026.
[2026-02-04T08:47:25+0800] Continue in 2s...
[2026-02-04T08:47:27+0800] === ITERATION START ===
T: You've hit your usage limit for Opus You've saved $113 on API model usage this month with Pro+. Switch to a different model or set a Spend Limit to continue with Opus. Your usage limits will reset when your monthly cycle ends on 3/3/2026.
[2026-02-04T08:47:33+0800] Continue in 2s...
[2026-02-04T08:47:35+0800] === ITERATION START ===
T: You've hit your usage limit for Opus You've saved $113 on API model usage this month with Pro+. Switch to a different model or set a Spend Limit to continue with Opus. Your usage limits will reset when your monthly cycle ends on 3/3/2026.
[2026-02-04T08:47:40+0800] Continue in 2s...
[2026-02-04T08:47:42+0800] === ITERATION START ===
T: You've hit your usage limit for Opus You've saved $113 on API model usage this month with Pro+. Switch to a different model or set a Spend Limit to continue with Opus. Your usage limits will reset when your monthly cycle ends on 3/3/2026.
[2026-02-04T08:47:48+0800] Continue in 2s...
[2026-02-04T08:47:50+0800] === ITERATION START ===
T: You've hit your usage limit for Opus You've saved $113 on API model usage this month with Pro+. Switch to a different model or set a Spend Limit to continue with Opus. Your usage limits will reset when your monthly cycle ends on 3/3/2026.
[2026-02-04T08:47:55+0800] Continue in 2s...
[2026-02-04T08:47:57+0800] === ITERATION START ===
T: You've hit your usage limit for Opus You've saved $113 on API model usage this month with Pro+. Switch to a different model or set a Spend Limit to continue with Opus. Your usage limits will reset when your monthly cycle ends on 3/3/2026.
[2026-02-04T08:48:03+0800] Continue in 2s...
[2026-02-04T08:48:05+0800] === ITERATION START ===
T: You've hit your usage limit for Opus You've saved $113 on API model usage this month with Pro+. Switch to a different model or set a Spend Limit to continue with Opus. Your usage limits will reset when your monthly cycle ends on 3/3/2026.
[2026-02-04T08:48:10+0800] Continue in 2s...
[2026-02-04T08:48:12+0800] === ITERATION START ===
T: You've hit your usage limit for Opus You've saved $113 on API model usage this month with Pro+. Switch to a different model or set a Spend Limit to continue with Opus. Your usage limits will reset when your monthly cycle ends on 3/3/2026.
[2026-02-04T08:48:18+0800] Continue in 2s...
[2026-02-04T08:48:20+0800] === ITERATION START ===
T: You've hit your usage limit for Opus You've saved $113 on API model usage this month with Pro+. Switch to a different model or set a Spend Limit to continue with Opus. Your usage limits will reset when your monthly cycle ends on 3/3/2026.
[2026-02-04T08:48:26+0800] Continue in 2s...
[2026-02-04T08:48:28+0800] === ITERATION START ===
T: You've hit your usage limit for Opus You've saved $113 on API model usage this month with Pro+. Switch to a different model or set a Spend Limit to continue with Opus. Your usage limits will reset when your monthly cycle ends on 3/3/2026.
[2026-02-04T08:48:33+0800] Continue in 2s...
[2026-02-04T08:48:35+0800] === ITERATION START ===
T: You've hit your usage limit for Opus You've saved $113 on API model usage this month with Pro+. Switch to a different model or set a Spend Limit to continue with Opus. Your usage limits will reset when your monthly cycle ends on 3/3/2026.
[2026-02-04T08:48:41+0800] Continue in 2s...
[2026-02-04T08:48:43+0800] === ITERATION START ===
T: You've hit your usage limit for Opus You've saved $113 on API model usage this month with Pro+. Switch to a different model or set a Spend Limit to continue with Opus. Your usage limits will reset when your monthly cycle ends on 3/3/2026.
[2026-02-04T08:48:48+0800] Continue in 2s...
[2026-02-04T08:48:50+0800] === ITERATION START ===
T: You've hit your usage limit for Opus You've saved $113 on API model usage this month with Pro+. Switch to a different model or set a Spend Limit to continue with Opus. Your usage limits will reset when your monthly cycle ends on 3/3/2026.
[2026-02-04T08:48:56+0800] Continue in 2s...
[2026-02-04T08:48:58+0800] === ITERATION START ===
T: You've hit your usage limit for Opus You've saved $113 on API model usage this month with Pro+. Switch to a different model or set a Spend Limit to continue with Opus. Your usage limits will reset when your monthly cycle ends on 3/3/2026.
[2026-02-04T08:49:03+0800] Continue in 2s...
[2026-02-04T08:49:05+0800] === ITERATION START ===
T: You've hit your usage limit for Opus You've saved $113 on API model usage this month with Pro+. Switch to a different model or set a Spend Limit to continue with Opus. Your usage limits will reset when your monthly cycle ends on 3/3/2026.
[2026-02-04T08:49:11+0800] Continue in 2s...
[2026-02-04T08:49:13+0800] === ITERATION START ===
T: You've hit your usage limit for Opus You've saved $113 on API model usage this month with Pro+. Switch to a different model or set a Spend Limit to continue with Opus. Your usage limits will reset when your monthly cycle ends on 3/3/2026.
[2026-02-04T08:49:18+0800] Continue in 2s...
[2026-02-04T08:49:20+0800] === ITERATION START ===
T: You've hit your usage limit for Opus You've saved $113 on API model usage this month with Pro+. Switch to a different model or set a Spend Limit to continue with Opus. Your usage limits will reset when your monthly cycle ends on 3/3/2026.
[2026-02-04T08:49:26+0800] Continue in 2s...
[2026-02-04T08:49:28+0800] === ITERATION START ===
T: You've hit your usage limit for Opus You've saved $113 on API model usage this month with Pro+. Switch to a different model or set a Spend Limit to continue with Opus. Your usage limits will reset when your monthly cycle ends on 3/3/2026.
[2026-02-04T08:49:33+0800] Continue in 2s...
[2026-02-04T08:49:35+0800] === ITERATION START ===
T: You've hit your usage limit for Opus You've saved $113 on API model usage this month with Pro+. Switch to a different model or set a Spend Limit to continue with Opus. Your usage limits will reset when your monthly cycle ends on 3/3/2026.
[2026-02-04T08:49:41+0800] Continue in 2s...
[2026-02-04T08:49:43+0800] === ITERATION START ===
T: You've hit your usage limit for Opus You've saved $113 on API model usage this month with Pro+. Switch to a different model or set a Spend Limit to continue with Opus. Your usage limits will reset when your monthly cycle ends on 3/3/2026.
[2026-02-04T08:49:49+0800] Continue in 2s...
[2026-02-04T08:49:51+0800] === ITERATION START ===
T: You've hit your usage limit for Opus You've saved $113 on API model usage this month with Pro+. Switch to a different model or set a Spend Limit to continue with Opus. Your usage limits will reset when your monthly cycle ends on 3/3/2026.
[2026-02-04T08:49:57+0800] Continue in 2s...
[2026-02-04T08:49:59+0800] === ITERATION START ===
T: You've hit your usage limit for Opus You've saved $113 on API model usage this month with Pro+. Switch to a different model or set a Spend Limit to continue with Opus. Your usage limits will reset when your monthly cycle ends on 3/3/2026.
[2026-02-04T08:50:04+0800] Continue in 2s...
[2026-02-04T08:50:06+0800] === ITERATION START ===
T: You've hit your usage limit for Opus You've saved $113 on API model usage this month with Pro+. Switch to a different model or set a Spend Limit to continue with Opus. Your usage limits will reset when your monthly cycle ends on 3/3/2026.
[2026-02-04T08:50:12+0800] Continue in 2s...
[2026-02-04T08:50:14+0800] === ITERATION START ===
T: You've hit your usage limit for Opus You've saved $113 on API model usage this month with Pro+. Switch to a different model or set a Spend Limit to continue with Opus. Your usage limits will reset when your monthly cycle ends on 3/3/2026.
[2026-02-04T08:50:19+0800] Continue in 2s...
[2026-02-04T08:50:21+0800] === ITERATION START ===
T: You've hit your usage limit for Opus You've saved $113 on API model usage this month with Pro+. Switch to a different model or set a Spend Limit to continue with Opus. Your usage limits will reset when your monthly cycle ends on 3/3/2026.
[2026-02-04T08:50:27+0800] Continue in 2s...
[2026-02-04T08:50:29+0800] === ITERATION START ===
T: You've hit your usage limit for Opus You've saved $113 on API model usage this month with Pro+. Switch to a different model or set a Spend Limit to continue with Opus. Your usage limits will reset when your monthly cycle ends on 3/3/2026.
[2026-02-04T08:50:34+0800] Continue in 2s...
[2026-02-04T08:50:36+0800] === ITERATION START ===
T: You've hit your usage limit for Opus You've saved $113 on API model usage this month with Pro+. Switch to a different model or set a Spend Limit to continue with Opus. Your usage limits will reset when your monthly cycle ends on 3/3/2026.
[2026-02-04T08:50:42+0800] Continue in 2s...
[2026-02-04T08:50:44+0800] === ITERATION START ===
T: You've hit your usage limit for Opus You've saved $113 on API model usage this month with Pro+. Switch to a different model or set a Spend Limit to continue with Opus. Your usage limits will reset when your monthly cycle ends on 3/3/2026.
[2026-02-04T08:50:50+0800] Continue in 2s...
[2026-02-04T08:50:52+0800] === ITERATION START ===
T: You've hit your usage limit for Opus You've saved $113 on API model usage this month with Pro+. Switch to a different model or set a Spend Limit to continue with Opus. Your usage limits will reset when your monthly cycle ends on 3/3/2026.
[2026-02-04T08:50:57+0800] Continue in 2s...
[2026-02-04T08:50:59+0800] === ITERATION START ===
T: You've hit your usage limit for Opus You've saved $113 on API model usage this month with Pro+. Switch to a different model or set a Spend Limit to continue with Opus. Your usage limits will reset when your monthly cycle ends on 3/3/2026.
[2026-02-04T08:51:05+0800] Continue in 2s...
[2026-02-04T08:51:07+0800] === ITERATION START ===
T: You've hit your usage limit for Opus You've saved $113 on API model usage this month with Pro+. Switch to a different model or set a Spend Limit to continue with Opus. Your usage limits will reset when your monthly cycle ends on 3/3/2026.
[2026-02-04T08:51:12+0800] Continue in 2s...
[2026-02-04T08:51:14+0800] === ITERATION START ===
T: You've hit your usage limit for Opus You've saved $113 on API model usage this month with Pro+. Switch to a different model or set a Spend Limit to continue with Opus. Your usage limits will reset when your monthly cycle ends on 3/3/2026.
[2026-02-04T08:51:20+0800] Continue in 2s...
[2026-02-04T08:51:22+0800] === ITERATION START ===
T: You've hit your usage limit for Opus You've saved $113 on API model usage this month with Pro+. Switch to a different model or set a Spend Limit to continue with Opus. Your usage limits will reset when your monthly cycle ends on 3/3/2026.
[2026-02-04T08:51:27+0800] Continue in 2s...
[2026-02-04T08:51:29+0800] === ITERATION START ===
T: You've hit your usage limit for Opus You've saved $113 on API model usage this month with Pro+. Switch to a different model or set a Spend Limit to continue with Opus. Your usage limits will reset when your monthly cycle ends on 3/3/2026.
[2026-02-04T08:51:35+0800] Continue in 2s...
[2026-02-04T08:51:37+0800] === ITERATION START ===
T: You've hit your usage limit for Opus You've saved $113 on API model usage this month with Pro+. Switch to a different model or set a Spend Limit to continue with Opus. Your usage limits will reset when your monthly cycle ends on 3/3/2026.
[2026-02-04T08:51:42+0800] Continue in 2s...
[2026-02-04T08:51:44+0800] === ITERATION START ===
T: You've hit your usage limit for Opus You've saved $113 on API model usage this month with Pro+. Switch to a different model or set a Spend Limit to continue with Opus. Your usage limits will reset when your monthly cycle ends on 3/3/2026.
[2026-02-04T08:51:50+0800] Continue in 2s...
[2026-02-04T08:51:52+0800] === ITERATION START ===
T: You've hit your usage limit for Opus You've saved $113 on API model usage this month with Pro+. Switch to a different model or set a Spend Limit to continue with Opus. Your usage limits will reset when your monthly cycle ends on 3/3/2026.
[2026-02-04T08:51:57+0800] Continue in 2s...
[2026-02-04T08:51:59+0800] === ITERATION START ===
T: You've hit your usage limit for Opus You've saved $113 on API model usage this month with Pro+. Switch to a different model or set a Spend Limit to continue with Opus. Your usage limits will reset when your monthly cycle ends on 3/3/2026.
[2026-02-04T08:52:05+0800] Continue in 2s...
[2026-02-04T08:52:07+0800] === ITERATION START ===
T: You've hit your usage limit for Opus You've saved $113 on API model usage this month with Pro+. Switch to a different model or set a Spend Limit to continue with Opus. Your usage limits will reset when your monthly cycle ends on 3/3/2026.
[2026-02-04T08:52:12+0800] Continue in 2s...
[2026-02-04T08:52:14+0800] === ITERATION START ===
T: You've hit your usage limit for Opus You've saved $113 on API model usage this month with Pro+. Switch to a different model or set a Spend Limit to continue with Opus. Your usage limits will reset when your monthly cycle ends on 3/3/2026.
[2026-02-04T08:52:20+0800] Continue in 2s...
[2026-02-04T08:52:22+0800] === ITERATION START ===
T: You've hit your usage limit for Opus You've saved $113 on API model usage this month with Pro+. Switch to a different model or set a Spend Limit to continue with Opus. Your usage limits will reset when your monthly cycle ends on 3/3/2026.
[2026-02-04T08:52:27+0800] Continue in 2s...
[2026-02-04T08:52:29+0800] === ITERATION START ===
T: You've hit your usage limit for Opus You've saved $113 on API model usage this month with Pro+. Switch to a different model or set a Spend Limit to continue with Opus. Your usage limits will reset when your monthly cycle ends on 3/3/2026.
[2026-02-04T08:52:35+0800] Continue in 2s...
[2026-02-04T08:52:37+0800] === ITERATION START ===
T: You've hit your usage limit for Opus You've saved $113 on API model usage this month with Pro+. Switch to a different model or set a Spend Limit to continue with Opus. Your usage limits will reset when your monthly cycle ends on 3/3/2026.
[2026-02-04T08:52:42+0800] Continue in 2s...
[2026-02-04T08:52:44+0800] === ITERATION START ===
T: You've hit your usage limit for Opus You've saved $113 on API model usage this month with Pro+. Switch to a different model or set a Spend Limit to continue with Opus. Your usage limits will reset when your monthly cycle ends on 3/3/2026.
[2026-02-04T08:52:49+0800] Continue in 2s...
[2026-02-04T08:52:52+0800] === ITERATION START ===
T: You've hit your usage limit for Opus You've saved $113 on API model usage this month with Pro+. Switch to a different model or set a Spend Limit to continue with Opus. Your usage limits will reset when your monthly cycle ends on 3/3/2026.
[2026-02-04T08:52:57+0800] Continue in 2s...
[2026-02-04T08:52:59+0800] === ITERATION START ===
T: You've hit your usage limit for Opus You've saved $113 on API model usage this month with Pro+. Switch to a different model or set a Spend Limit to continue with Opus. Your usage limits will reset when your monthly cycle ends on 3/3/2026.
[2026-02-04T08:53:04+0800] Continue in 2s...
[2026-02-04T08:53:07+0800] === ITERATION START ===
T: You've hit your usage limit for Opus You've saved $113 on API model usage this month with Pro+. Switch to a different model or set a Spend Limit to continue with Opus. Your usage limits will reset when your monthly cycle ends on 3/3/2026.
[2026-02-04T08:53:12+0800] Continue in 2s...
[2026-02-04T08:53:14+0800] === ITERATION START ===
T: You've hit your usage limit for Opus You've saved $113 on API model usage this month with Pro+. Switch to a different model or set a Spend Limit to continue with Opus. Your usage limits will reset when your monthly cycle ends on 3/3/2026.
[2026-02-04T08:53:19+0800] Continue in 2s...
[2026-02-04T08:53:22+0800] === ITERATION START ===
T: You've hit your usage limit for Opus You've saved $113 on API model usage this month with Pro+. Switch to a different model or set a Spend Limit to continue with Opus. Your usage limits will reset when your monthly cycle ends on 3/3/2026.
[2026-02-04T08:53:27+0800] Continue in 2s...
[2026-02-04T08:53:29+0800] === ITERATION START ===
T: You've hit your usage limit for Opus You've saved $113 on API model usage this month with Pro+. Switch to a different model or set a Spend Limit to continue with Opus. Your usage limits will reset when your monthly cycle ends on 3/3/2026.
[2026-02-04T08:53:35+0800] Continue in 2s...
[2026-02-04T08:53:37+0800] === ITERATION START ===
T: You've hit your usage limit for Opus You've saved $113 on API model usage this month with Pro+. Switch to a different model or set a Spend Limit to continue with Opus. Your usage limits will reset when your monthly cycle ends on 3/3/2026.
[2026-02-04T08:53:42+0800] Continue in 2s...
[2026-02-04T08:53:44+0800] === ITERATION START ===
T: You've hit your usage limit for Opus You've saved $113 on API model usage this month with Pro+. Switch to a different model or set a Spend Limit to continue with Opus. Your usage limits will reset when your monthly cycle ends on 3/3/2026.
[2026-02-04T08:53:50+0800] Continue in 2s...
[2026-02-04T08:53:52+0800] === ITERATION START ===
T: You've hit your usage limit for Opus You've saved $113 on API model usage this month with Pro+. Switch to a different model or set a Spend Limit to continue with Opus. Your usage limits will reset when your monthly cycle ends on 3/3/2026.
[2026-02-04T08:53:57+0800] Continue in 2s...
[2026-02-04T08:53:59+0800] === ITERATION START ===
T: You've hit your usage limit for Opus You've saved $113 on API model usage this month with Pro+. Switch to a different model or set a Spend Limit to continue with Opus. Your usage limits will reset when your monthly cycle ends on 3/3/2026.
[2026-02-04T08:54:05+0800] Continue in 2s...
[2026-02-04T08:54:07+0800] === ITERATION START ===
T: You've hit your usage limit for Opus You've saved $113 on API model usage this month with Pro+. Switch to a different model or set a Spend Limit to continue with Opus. Your usage limits will reset when your monthly cycle ends on 3/3/2026.
[2026-02-04T08:54:12+0800] Continue in 2s...
[2026-02-04T08:54:14+0800] === ITERATION START ===
T: You've hit your usage limit for Opus You've saved $113 on API model usage this month with Pro+. Switch to a different model or set a Spend Limit to continue with Opus. Your usage limits will reset when your monthly cycle ends on 3/3/2026.
[2026-02-04T08:54:20+0800] Continue in 2s...
[2026-02-04T08:54:22+0800] === ITERATION START ===
T: You've hit your usage limit for Opus You've saved $113 on API model usage this month with Pro+. Switch to a different model or set a Spend Limit to continue with Opus. Your usage limits will reset when your monthly cycle ends on 3/3/2026.
[2026-02-04T08:54:27+0800] Continue in 2s...
[2026-02-04T08:54:29+0800] === ITERATION START ===
T: You've hit your usage limit for Opus You've saved $113 on API model usage this month with Pro+. Switch to a different model or set a Spend Limit to continue with Opus. Your usage limits will reset when your monthly cycle ends on 3/3/2026.
[2026-02-04T08:54:35+0800] Continue in 2s...
[2026-02-04T08:54:37+0800] === ITERATION START ===
T: You've hit your usage limit for Opus You've saved $113 on API model usage this month with Pro+. Switch to a different model or set a Spend Limit to continue with Opus. Your usage limits will reset when your monthly cycle ends on 3/3/2026.
[2026-02-04T08:54:42+0800] Continue in 2s...
[2026-02-04T08:54:44+0800] === ITERATION START ===
T: You've hit your usage limit for Opus You've saved $113 on API model usage this month with Pro+. Switch to a different model or set a Spend Limit to continue with Opus. Your usage limits will reset when your monthly cycle ends on 3/3/2026.
[2026-02-04T08:54:50+0800] Continue in 2s...
[2026-02-04T08:54:52+0800] === ITERATION START ===
T: You've hit your usage limit for Opus You've saved $113 on API model usage this month with Pro+. Switch to a different model or set a Spend Limit to continue with Opus. Your usage limits will reset when your monthly cycle ends on 3/3/2026.
[2026-02-04T08:54:58+0800] Continue in 2s...
[2026-02-04T08:55:00+0800] === ITERATION START ===
T: You've hit your usage limit for Opus You've saved $113 on API model usage this month with Pro+. Switch to a different model or set a Spend Limit to continue with Opus. Your usage limits will reset when your monthly cycle ends on 3/3/2026.
[2026-02-04T08:55:05+0800] Continue in 2s...
[2026-02-04T08:55:07+0800] === ITERATION START ===
T: You've hit your usage limit for Opus You've saved $113 on API model usage this month with Pro+. Switch to a different model or set a Spend Limit to continue with Opus. Your usage limits will reset when your monthly cycle ends on 3/3/2026.
[2026-02-04T08:55:13+0800] Continue in 2s...
[2026-02-04T08:55:15+0800] === ITERATION START ===
T: You've hit your usage limit for Opus You've saved $113 on API model usage this month with Pro+. Switch to a different model or set a Spend Limit to continue with Opus. Your usage limits will reset when your monthly cycle ends on 3/3/2026.
[2026-02-04T08:55:20+0800] Continue in 2s...
[2026-02-04T08:55:22+0800] === ITERATION START ===
T: You've hit your usage limit for Opus You've saved $113 on API model usage this month with Pro+. Switch to a different model or set a Spend Limit to continue with Opus. Your usage limits will reset when your monthly cycle ends on 3/3/2026.
[2026-02-04T08:55:28+0800] Continue in 2s...
[2026-02-04T08:55:30+0800] === ITERATION START ===
T: You've hit your usage limit for Opus You've saved $113 on API model usage this month with Pro+. Switch to a different model or set a Spend Limit to continue with Opus. Your usage limits will reset when your monthly cycle ends on 3/3/2026.
[2026-02-04T08:55:35+0800] Continue in 2s...
[2026-02-04T08:55:37+0800] === ITERATION START ===
T: You've hit your usage limit for Opus You've saved $113 on API model usage this month with Pro+. Switch to a different model or set a Spend Limit to continue with Opus. Your usage limits will reset when your monthly cycle ends on 3/3/2026.
[2026-02-04T08:55:43+0800] Continue in 2s...
[2026-02-04T08:55:45+0800] === ITERATION START ===
T: You've hit your usage limit for Opus You've saved $113 on API model usage this month with Pro+. Switch to a different model or set a Spend Limit to continue with Opus. Your usage limits will reset when your monthly cycle ends on 3/3/2026.
[2026-02-04T08:55:51+0800] Continue in 2s...
[2026-02-04T08:55:53+0800] === ITERATION START ===
T: You've hit your usage limit for Opus You've saved $113 on API model usage this month with Pro+. Switch to a different model or set a Spend Limit to continue with Opus. Your usage limits will reset when your monthly cycle ends on 3/3/2026.
[2026-02-04T08:55:58+0800] Continue in 2s...
[2026-02-04T08:56:00+0800] === ITERATION START ===
T: You've hit your usage limit for Opus You've saved $113 on API model usage this month with Pro+. Switch to a different model or set a Spend Limit to continue with Opus. Your usage limits will reset when your monthly cycle ends on 3/3/2026.
[2026-02-04T08:56:06+0800] Continue in 2s...
[2026-02-04T08:56:08+0800] === ITERATION START ===
T: You've hit your usage limit for Opus You've saved $113 on API model usage this month with Pro+. Switch to a different model or set a Spend Limit to continue with Opus. Your usage limits will reset when your monthly cycle ends on 3/3/2026.
[2026-02-04T08:56:13+0800] Continue in 2s...
[2026-02-04T08:56:15+0800] === ITERATION START ===
T: You've hit your usage limit for Opus You've saved $113 on API model usage this month with Pro+. Switch to a different model or set a Spend Limit to continue with Opus. Your usage limits will reset when your monthly cycle ends on 3/3/2026.
[2026-02-04T08:56:21+0800] Continue in 2s...
[2026-02-04T08:56:23+0800] === ITERATION START ===
T: You've hit your usage limit for Opus You've saved $113 on API model usage this month with Pro+. Switch to a different model or set a Spend Limit to continue with Opus. Your usage limits will reset when your monthly cycle ends on 3/3/2026.
[2026-02-04T08:56:28+0800] Continue in 2s...
[2026-02-04T08:56:30+0800] === ITERATION START ===
T: You've hit your usage limit for Opus You've saved $113 on API model usage this month with Pro+. Switch to a different model or set a Spend Limit to continue with Opus. Your usage limits will reset when your monthly cycle ends on 3/3/2026.
[2026-02-04T08:56:36+0800] Continue in 2s...
[2026-02-04T08:56:38+0800] === ITERATION START ===
T: You've hit your usage limit for Opus You've saved $113 on API model usage this month with Pro+. Switch to a different model or set a Spend Limit to continue with Opus. Your usage limits will reset when your monthly cycle ends on 3/3/2026.
[2026-02-04T08:56:44+0800] Continue in 2s...
[2026-02-04T08:56:46+0800] === ITERATION START ===
T: You've hit your usage limit for Opus You've saved $113 on API model usage this month with Pro+. Switch to a different model or set a Spend Limit to continue with Opus. Your usage limits will reset when your monthly cycle ends on 3/3/2026.
[2026-02-04T08:56:51+0800] Continue in 2s...
[2026-02-04T08:56:53+0800] === ITERATION START ===
T: You've hit your usage limit for Opus You've saved $113 on API model usage this month with Pro+. Switch to a different model or set a Spend Limit to continue with Opus. Your usage limits will reset when your monthly cycle ends on 3/3/2026.
[2026-02-04T08:56:59+0800] Continue in 2s...
[2026-02-04T08:57:01+0800] === ITERATION START ===
T: You've hit your usage limit for Opus You've saved $113 on API model usage this month with Pro+. Switch to a different model or set a Spend Limit to continue with Opus. Your usage limits will reset when your monthly cycle ends on 3/3/2026.
[2026-02-04T08:57:06+0800] Continue in 2s...
[2026-02-04T08:57:08+0800] === ITERATION START ===
T: You've hit your usage limit for Opus You've saved $113 on API model usage this month with Pro+. Switch to a different model or set a Spend Limit to continue with Opus. Your usage limits will reset when your monthly cycle ends on 3/3/2026.
[2026-02-04T08:57:14+0800] Continue in 2s...
[2026-02-04T08:57:16+0800] === ITERATION START ===
T: You've hit your usage limit for Opus You've saved $113 on API model usage this month with Pro+. Switch to a different model or set a Spend Limit to continue with Opus. Your usage limits will reset when your monthly cycle ends on 3/3/2026.
[2026-02-04T08:57:21+0800] Continue in 2s...
[2026-02-04T08:57:23+0800] === ITERATION START ===
T: You've hit your usage limit for Opus You've saved $113 on API model usage this month with Pro+. Switch to a different model or set a Spend Limit to continue with Opus. Your usage limits will reset when your monthly cycle ends on 3/3/2026.
[2026-02-04T08:57:29+0800] Continue in 2s...
[2026-02-04T08:57:31+0800] === ITERATION START ===
T: You've hit your usage limit for Opus You've saved $113 on API model usage this month with Pro+. Switch to a different model or set a Spend Limit to continue with Opus. Your usage limits will reset when your monthly cycle ends on 3/3/2026.
[2026-02-04T08:57:36+0800] Continue in 2s...
[2026-02-04T08:57:38+0800] === ITERATION START ===
T: You've hit your usage limit for Opus You've saved $113 on API model usage this month with Pro+. Switch to a different model or set a Spend Limit to continue with Opus. Your usage limits will reset when your monthly cycle ends on 3/3/2026.
[2026-02-04T08:57:44+0800] Continue in 2s...
[2026-02-04T08:57:46+0800] === ITERATION START ===
T: You've hit your usage limit for Opus You've saved $113 on API model usage this month with Pro+. Switch to a different model or set a Spend Limit to continue with Opus. Your usage limits will reset when your monthly cycle ends on 3/3/2026.
[2026-02-04T08:57:51+0800] Continue in 2s...
[2026-02-04T08:57:53+0800] === ITERATION START ===
T: You've hit your usage limit for Opus You've saved $113 on API model usage this month with Pro+. Switch to a different model or set a Spend Limit to continue with Opus. Your usage limits will reset when your monthly cycle ends on 3/3/2026.
[2026-02-04T08:57:59+0800] Continue in 2s...
[2026-02-04T08:58:01+0800] === ITERATION START ===
T: You've hit your usage limit for Opus You've saved $113 on API model usage this month with Pro+. Switch to a different model or set a Spend Limit to continue with Opus. Your usage limits will reset when your monthly cycle ends on 3/3/2026.
[2026-02-04T08:58:06+0800] Continue in 2s...
[2026-02-04T08:58:08+0800] === ITERATION START ===
T: You've hit your usage limit for Opus You've saved $113 on API model usage this month with Pro+. Switch to a different model or set a Spend Limit to continue with Opus. Your usage limits will reset when your monthly cycle ends on 3/3/2026.
[2026-02-04T08:58:14+0800] Continue in 2s...
[2026-02-04T08:58:16+0800] === ITERATION START ===
T: You've hit your usage limit for Opus You've saved $113 on API model usage this month with Pro+. Switch to a different model or set a Spend Limit to continue with Opus. Your usage limits will reset when your monthly cycle ends on 3/3/2026.
[2026-02-04T08:58:21+0800] Continue in 2s...
[2026-02-04T08:58:23+0800] === ITERATION START ===
T: You've hit your usage limit for Opus You've saved $113 on API model usage this month with Pro+. Switch to a different model or set a Spend Limit to continue with Opus. Your usage limits will reset when your monthly cycle ends on 3/3/2026.
[2026-02-04T08:58:28+0800] Continue in 2s...
[2026-02-04T08:58:31+0800] === ITERATION START ===
T: You've hit your usage limit for Opus You've saved $113 on API model usage this month with Pro+. Switch to a different model or set a Spend Limit to continue with Opus. Your usage limits will reset when your monthly cycle ends on 3/3/2026.
[2026-02-04T08:58:36+0800] Continue in 2s...
[2026-02-04T08:58:38+0800] === ITERATION START ===
T: You've hit your usage limit for Opus You've saved $113 on API model usage this month with Pro+. Switch to a different model or set a Spend Limit to continue with Opus. Your usage limits will reset when your monthly cycle ends on 3/3/2026.
[2026-02-04T08:58:44+0800] Continue in 2s...
[2026-02-04T08:58:46+0800] === ITERATION START ===
T: You've hit your usage limit for Opus You've saved $113 on API model usage this month with Pro+. Switch to a different model or set a Spend Limit to continue with Opus. Your usage limits will reset when your monthly cycle ends on 3/3/2026.
[2026-02-04T08:58:51+0800] Continue in 2s...
[2026-02-04T08:58:53+0800] === ITERATION START ===
T: You've hit your usage limit for Opus You've saved $113 on API model usage this month with Pro+. Switch to a different model or set a Spend Limit to continue with Opus. Your usage limits will reset when your monthly cycle ends on 3/3/2026.
[2026-02-04T08:58:59+0800] Continue in 2s...
[2026-02-04T08:59:01+0800] === ITERATION START ===
T: You've hit your usage limit for Opus You've saved $113 on API model usage this month with Pro+. Switch to a different model or set a Spend Limit to continue with Opus. Your usage limits will reset when your monthly cycle ends on 3/3/2026.
[2026-02-04T08:59:07+0800] Continue in 2s...
[2026-02-04T08:59:09+0800] === ITERATION START ===
T: You've hit your usage limit for Opus You've saved $113 on API model usage this month with Pro+. Switch to a different model or set a Spend Limit to continue with Opus. Your usage limits will reset when your monthly cycle ends on 3/3/2026.
[2026-02-04T08:59:14+0800] Continue in 2s...
[2026-02-04T08:59:16+0800] === ITERATION START ===
T: You've hit your usage limit for Opus You've saved $113 on API model usage this month with Pro+. Switch to a different model or set a Spend Limit to continue with Opus. Your usage limits will reset when your monthly cycle ends on 3/3/2026.
[2026-02-04T08:59:22+0800] Continue in 2s...
[2026-02-04T08:59:24+0800] === ITERATION START ===
T: You've hit your usage limit for Opus You've saved $113 on API model usage this month with Pro+. Switch to a different model or set a Spend Limit to continue with Opus. Your usage limits will reset when your monthly cycle ends on 3/3/2026.
[2026-02-04T08:59:29+0800] Continue in 2s...
[2026-02-04T08:59:31+0800] === ITERATION START ===
T: You've hit your usage limit for Opus You've saved $113 on API model usage this month with Pro+. Switch to a different model or set a Spend Limit to continue with Opus. Your usage limits will reset when your monthly cycle ends on 3/3/2026.
[2026-02-04T08:59:37+0800] Continue in 2s...
[2026-02-04T08:59:39+0800] === ITERATION START ===
T: You've hit your usage limit for Opus You've saved $113 on API model usage this month with Pro+. Switch to a different model or set a Spend Limit to continue with Opus. Your usage limits will reset when your monthly cycle ends on 3/3/2026.
[2026-02-04T08:59:44+0800] Continue in 2s...
[2026-02-04T08:59:46+0800] === ITERATION START ===
T: You've hit your usage limit for Opus You've saved $113 on API model usage this month with Pro+. Switch to a different model or set a Spend Limit to continue with Opus. Your usage limits will reset when your monthly cycle ends on 3/3/2026.
[2026-02-04T08:59:52+0800] Continue in 2s...
[2026-02-04T08:59:54+0800] === ITERATION START ===
T: You've hit your usage limit for Opus You've saved $113 on API model usage this month with Pro+. Switch to a different model or set a Spend Limit to continue with Opus. Your usage limits will reset when your monthly cycle ends on 3/3/2026.
[2026-02-04T08:59:59+0800] Continue in 2s...
[2026-02-04T09:00:01+0800] === ITERATION START ===
T: You've hit your usage limit for Opus You've saved $113 on API model usage this month with Pro+. Switch to a different model or set a Spend Limit to continue with Opus. Your usage limits will reset when your monthly cycle ends on 3/3/2026.
[2026-02-04T09:00:07+0800] Continue in 2s...
[2026-02-04T09:00:09+0800] === ITERATION START ===
T: You've hit your usage limit for Opus You've saved $113 on API model usage this month with Pro+. Switch to a different model or set a Spend Limit to continue with Opus. Your usage limits will reset when your monthly cycle ends on 3/3/2026.
[2026-02-04T09:00:15+0800] Continue in 2s...
[2026-02-04T09:00:17+0800] === ITERATION START ===
T: You've hit your usage limit for Opus You've saved $113 on API model usage this month with Pro+. Switch to a different model or set a Spend Limit to continue with Opus. Your usage limits will reset when your monthly cycle ends on 3/3/2026.
[2026-02-04T09:00:23+0800] Continue in 2s...
[2026-02-04T09:00:25+0800] === ITERATION START ===
T: You've hit your usage limit for Opus You've saved $113 on API model usage this month with Pro+. Switch to a different model or set a Spend Limit to continue with Opus. Your usage limits will reset when your monthly cycle ends on 3/3/2026.
[2026-02-04T09:00:31+0800] Continue in 2s...
[2026-02-04T09:00:33+0800] === ITERATION START ===
T: You've hit your usage limit for Opus You've saved $113 on API model usage this month with Pro+. Switch to a different model or set a Spend Limit to continue with Opus. Your usage limits will reset when your monthly cycle ends on 3/3/2026.
[2026-02-04T09:00:38+0800] Continue in 2s...
[2026-02-04T09:00:40+0800] === ITERATION START ===
T: You've hit your usage limit for Opus You've saved $113 on API model usage this month with Pro+. Switch to a different model or set a Spend Limit to continue with Opus. Your usage limits will reset when your monthly cycle ends on 3/3/2026.
[2026-02-04T09:00:46+0800] Continue in 2s...
[2026-02-04T09:00:48+0800] === ITERATION START ===
T: You've hit your usage limit for Opus You've saved $113 on API model usage this month with Pro+. Switch to a different model or set a Spend Limit to continue with Opus. Your usage limits will reset when your monthly cycle ends on 3/3/2026.
[2026-02-04T09:00:53+0800] Continue in 2s...
[2026-02-04T09:00:55+0800] === ITERATION START ===
T: You've hit your usage limit for Opus You've saved $113 on API model usage this month with Pro+. Switch to a different model or set a Spend Limit to continue with Opus. Your usage limits will reset when your monthly cycle ends on 3/3/2026.
[2026-02-04T09:01:01+0800] Continue in 2s...
[2026-02-04T09:01:11+0800] === ITERATION START ===
T: You've hit your usage limit for Opus You've saved $113 on API model usage this month with Pro+. Switch to a different model or set a Spend Limit to continue with Opus. Your usage limits will reset when your monthly cycle ends on 3/3/2026.
[2026-02-04T09:01:19+0800] Continue in 2s...
[2026-02-04T09:01:21+0800] === ITERATION START ===
[2026-02-04T09:01:23+0800] Continue in 2s...
[2026-02-04T09:01:25+0800] === ITERATION START ===
T: You've hit your usage limit for Opus You've saved $113 on API model usage this month with Pro+. Switch to a different model or set a Spend Limit to continue with Opus. Your usage limits will reset when your monthly cycle ends on 3/3/2026.
[2026-02-04T09:01:31+0800] Continue in 2s...
[2026-02-04T09:01:33+0800] === ITERATION START ===
T: You've hit your usage limit for Opus You've saved $113 on API model usage this month with Pro+. Switch to a different model or set a Spend Limit to continue with Opus. Your usage limits will reset when your monthly cycle ends on 3/3/2026.
[2026-02-04T09:01:45+0800] Continue in 2s...
[2026-02-04T09:01:47+0800] === ITERATION START ===
T: You've hit your usage limit for Opus You've saved $113 on API model usage this month with Pro+. Switch to a different model or set a Spend Limit to continue with Opus. Your usage limits will reset when your monthly cycle ends on 3/3/2026.
[2026-02-04T09:01:57+0800] Continue in 2s...
[2026-02-04T09:01:59+0800] === ITERATION START ===
T: You've hit your usage limit for Opus You've saved $113 on API model usage this month with Pro+. Switch to a different model or set a Spend Limit to continue with Opus. Your usage limits will reset when your monthly cycle ends on 3/3/2026.
[2026-02-04T09:02:08+0800] Continue in 2s...
[2026-02-04T09:02:10+0800] === ITERATION START ===
T: You've hit your usage limit for Opus You've saved $113 on API model usage this month with Pro+. Switch to a different model or set a Spend Limit to continue with Opus. Your usage limits will reset when your monthly cycle ends on 3/3/2026.
[2026-02-04T09:02:17+0800] Continue in 2s...
[2026-02-04T09:02:19+0800] === ITERATION START ===
T: You've hit your usage limit for Opus You've saved $113 on API model usage this month with Pro+. Switch to a different model or set a Spend Limit to continue with Opus. Your usage limits will reset when your monthly cycle ends on 3/3/2026.
[2026-02-04T09:02:28+0800] Continue in 2s...
[2026-02-04T09:02:31+0800] === ITERATION START ===
T: You've hit your usage limit for Opus You've saved $113 on API model usage this month with Pro+. Switch to a different model or set a Spend Limit to continue with Opus. Your usage limits will reset when your monthly cycle ends on 3/3/2026.
[2026-02-04T09:02:36+0800] Continue in 2s...
[2026-02-04T09:02:38+0800] === ITERATION START ===
T: You've hit your usage limit for Opus You've saved $113 on API model usage this month with Pro+. Switch to a different model or set a Spend Limit to continue with Opus. Your usage limits will reset when your monthly cycle ends on 3/3/2026.
[2026-02-04T09:02:44+0800] Continue in 2s...
[2026-02-04T09:02:46+0800] === ITERATION START ===
T: You've hit your usage limit for Opus You've saved $113 on API model usage this month with Pro+. Switch to a different model or set a Spend Limit to continue with Opus. Your usage limits will reset when your monthly cycle ends on 3/3/2026.
[2026-02-04T09:02:54+0800] Continue in 2s...
[2026-02-04T09:02:56+0800] === ITERATION START ===
T: You've hit your usage limit for Opus You've saved $113 on API model usage this month with Pro+. Switch to a different model or set a Spend Limit to continue with Opus. Your usage limits will reset when your monthly cycle ends on 3/3/2026.
[2026-02-04T09:03:01+0800] Continue in 2s...
[2026-02-04T09:03:03+0800] === ITERATION START ===
T: You've hit your usage limit for Opus You've saved $113 on API model usage this month with Pro+. Switch to a different model or set a Spend Limit to continue with Opus. Your usage limits will reset when your monthly cycle ends on 3/3/2026.
[2026-02-04T09:03:09+0800] Continue in 2s...
[2026-02-04T09:03:11+0800] === ITERATION START ===
T: You've hit your usage limit for Opus You've saved $113 on API model usage this month with Pro+. Switch to a different model or set a Spend Limit to continue with Opus. Your usage limits will reset when your monthly cycle ends on 3/3/2026.
[2026-02-04T09:03:16+0800] Continue in 2s...
[2026-02-04T09:03:18+0800] === ITERATION START ===
T: You've hit your usage limit for Opus You've saved $113 on API model usage this month with Pro+. Switch to a different model or set a Spend Limit to continue with Opus. Your usage limits will reset when your monthly cycle ends on 3/3/2026.
[2026-02-04T09:03:24+0800] Continue in 2s...
[2026-02-04T09:03:26+0800] === ITERATION START ===
T: You've hit your usage limit for Opus You've saved $113 on API model usage this month with Pro+. Switch to a different model or set a Spend Limit to continue with Opus. Your usage limits will reset when your monthly cycle ends on 3/3/2026.
[2026-02-04T09:03:32+0800] Continue in 2s...
[2026-02-04T09:03:34+0800] === ITERATION START ===
T: You've hit your usage limit for Opus You've saved $113 on API model usage this month with Pro+. Switch to a different model or set a Spend Limit to continue with Opus. Your usage limits will reset when your monthly cycle ends on 3/3/2026.
[2026-02-04T09:03:40+0800] Continue in 2s...
[2026-02-04T09:03:42+0800] === ITERATION START ===
T: You've hit your usage limit for Opus You've saved $113 on API model usage this month with Pro+. Switch to a different model or set a Spend Limit to continue with Opus. Your usage limits will reset when your monthly cycle ends on 3/3/2026.
[2026-02-04T09:03:47+0800] Continue in 2s...
[2026-02-04T09:03:50+0800] === ITERATION START ===
T: You've hit your usage limit for Opus You've saved $113 on API model usage this month with Pro+. Switch to a different model or set a Spend Limit to continue with Opus. Your usage limits will reset when your monthly cycle ends on 3/3/2026.
[2026-02-04T09:03:55+0800] Continue in 2s...
[2026-02-04T09:03:57+0800] === ITERATION START ===
T: You've hit your usage limit for Opus You've saved $113 on API model usage this month with Pro+. Switch to a different model or set a Spend Limit to continue with Opus. Your usage limits will reset when your monthly cycle ends on 3/3/2026.
[2026-02-04T09:04:03+0800] Continue in 2s...
[2026-02-04T09:04:05+0800] === ITERATION START ===
T: You've hit your usage limit for Opus You've saved $113 on API model usage this month with Pro+. Switch to a different model or set a Spend Limit to continue with Opus. Your usage limits will reset when your monthly cycle ends on 3/3/2026.
[2026-02-04T09:04:10+0800] Continue in 2s...
[2026-02-04T09:04:12+0800] === ITERATION START ===
T: You've hit your usage limit for Opus You've saved $113 on API model usage this month with Pro+. Switch to a different model or set a Spend Limit to continue with Opus. Your usage limits will reset when your monthly cycle ends on 3/3/2026.
[2026-02-04T09:04:18+0800] Continue in 2s...
[2026-02-04T09:04:20+0800] === ITERATION START ===
T: You've hit your usage limit for Opus You've saved $113 on API model usage this month with Pro+. Switch to a different model or set a Spend Limit to continue with Opus. Your usage limits will reset when your monthly cycle ends on 3/3/2026.
[2026-02-04T09:04:27+0800] Continue in 2s...
[2026-02-04T09:04:29+0800] === ITERATION START ===
T: You've hit your usage limit for Opus You've saved $113 on API model usage this month with Pro+. Switch to a different model or set a Spend Limit to continue with Opus. Your usage limits will reset when your monthly cycle ends on 3/3/2026.
[2026-02-04T09:04:34+0800] Continue in 2s...
[2026-02-04T09:04:36+0800] === ITERATION START ===
T: You've hit your usage limit for Opus You've saved $113 on API model usage this month with Pro+. Switch to a different model or set a Spend Limit to continue with Opus. Your usage limits will reset when your monthly cycle ends on 3/3/2026.
[2026-02-04T09:04:42+0800] Continue in 2s...
[2026-02-04T09:04:44+0800] === ITERATION START ===
T: You've hit your usage limit for Opus You've saved $113 on API model usage this month with Pro+. Switch to a different model or set a Spend Limit to continue with Opus. Your usage limits will reset when your monthly cycle ends on 3/3/2026.
[2026-02-04T09:04:49+0800] Continue in 2s...
[2026-02-04T09:04:51+0800] === ITERATION START ===
T: You've hit your usage limit for Opus You've saved $113 on API model usage this month with Pro+. Switch to a different model or set a Spend Limit to continue with Opus. Your usage limits will reset when your monthly cycle ends on 3/3/2026.
[2026-02-04T09:04:57+0800] Continue in 2s...
[2026-02-04T09:04:59+0800] === ITERATION START ===
T: You've hit your usage limit for Opus You've saved $113 on API model usage this month with Pro+. Switch to a different model or set a Spend Limit to continue with Opus. Your usage limits will reset when your monthly cycle ends on 3/3/2026.
[2026-02-04T09:05:05+0800] Continue in 2s...
[2026-02-04T09:05:07+0800] === ITERATION START ===
T: You've hit your usage limit for Opus You've saved $113 on API model usage this month with Pro+. Switch to a different model or set a Spend Limit to continue with Opus. Your usage limits will reset when your monthly cycle ends on 3/3/2026.
[2026-02-04T09:05:12+0800] Continue in 2s...
[2026-02-04T09:05:14+0800] === ITERATION START ===
T: You've hit your usage limit for Opus You've saved $113 on API model usage this month with Pro+. Switch to a different model or set a Spend Limit to continue with Opus. Your usage limits will reset when your monthly cycle ends on 3/3/2026.
[2026-02-04T09:05:20+0800] Continue in 2s...
[2026-02-04T09:05:22+0800] === ITERATION START ===
T: You've hit your usage limit for Opus You've saved $113 on API model usage this month with Pro+. Switch to a different model or set a Spend Limit to continue with Opus. Your usage limits will reset when your monthly cycle ends on 3/3/2026.
[2026-02-04T09:05:31+0800] Continue in 2s...
[2026-02-04T09:05:33+0800] === ITERATION START ===
T: You've hit your usage limit for Opus You've saved $113 on API model usage this month with Pro+. Switch to a different model or set a Spend Limit to continue with Opus. Your usage limits will reset when your monthly cycle ends on 3/3/2026.
[2026-02-04T09:05:38+0800] Continue in 2s...
[2026-02-04T09:05:40+0800] === ITERATION START ===
T: You've hit your usage limit for Opus You've saved $113 on API model usage this month with Pro+. Switch to a different model or set a Spend Limit to continue with Opus. Your usage limits will reset when your monthly cycle ends on 3/3/2026.
[2026-02-04T09:05:46+0800] Continue in 2s...
[2026-02-04T09:05:48+0800] === ITERATION START ===
T: You've hit your usage limit for Opus You've saved $113 on API model usage this month with Pro+. Switch to a different model or set a Spend Limit to continue with Opus. Your usage limits will reset when your monthly cycle ends on 3/3/2026.
[2026-02-04T09:05:55+0800] Continue in 2s...
[2026-02-04T09:05:57+0800] === ITERATION START ===
T: You've hit your usage limit for Opus You've saved $113 on API model usage this month with Pro+. Switch to a different model or set a Spend Limit to continue with Opus. Your usage limits will reset when your monthly cycle ends on 3/3/2026.
[2026-02-04T09:06:03+0800] Continue in 2s...
[2026-02-04T09:06:05+0800] === ITERATION START ===
T: You've hit your usage limit for Opus You've saved $113 on API model usage this month with Pro+. Switch to a different model or set a Spend Limit to continue with Opus. Your usage limits will reset when your monthly cycle ends on 3/3/2026.
[2026-02-04T09:06:11+0800] Continue in 2s...
[2026-02-04T09:06:13+0800] === ITERATION START ===
T: You've hit your usage limit for Opus You've saved $113 on API model usage this month with Pro+. Switch to a different model or set a Spend Limit to continue with Opus. Your usage limits will reset when your monthly cycle ends on 3/3/2026.
[2026-02-04T09:06:19+0800] Continue in 2s...
[2026-02-04T09:06:21+0800] === ITERATION START ===
T: You've hit your usage limit for Opus You've saved $113 on API model usage this month with Pro+. Switch to a different model or set a Spend Limit to continue with Opus. Your usage limits will reset when your monthly cycle ends on 3/3/2026.
[2026-02-04T09:06:26+0800] Continue in 2s...
[2026-02-04T09:06:28+0800] === ITERATION START ===
T: You've hit your usage limit for Opus You've saved $113 on API model usage this month with Pro+. Switch to a different model or set a Spend Limit to continue with Opus. Your usage limits will reset when your monthly cycle ends on 3/3/2026.
[2026-02-04T09:06:34+0800] Continue in 2s...
[2026-02-04T09:06:36+0800] === ITERATION START ===
T: You've hit your usage limit for Opus You've saved $113 on API model usage this month with Pro+. Switch to a different model or set a Spend Limit to continue with Opus. Your usage limits will reset when your monthly cycle ends on 3/3/2026.
[2026-02-04T09:06:42+0800] Continue in 2s...
[2026-02-04T09:06:44+0800] === ITERATION START ===
T: You've hit your usage limit for Opus You've saved $113 on API model usage this month with Pro+. Switch to a different model or set a Spend Limit to continue with Opus. Your usage limits will reset when your monthly cycle ends on 3/3/2026.
[2026-02-04T09:06:50+0800] Continue in 2s...
[2026-02-04T09:06:52+0800] === ITERATION START ===
T: You've hit your usage limit for Opus You've saved $113 on API model usage this month with Pro+. Switch to a different model or set a Spend Limit to continue with Opus. Your usage limits will reset when your monthly cycle ends on 3/3/2026.
[2026-02-04T09:06:58+0800] Continue in 2s...
[2026-02-04T09:07:00+0800] === ITERATION START ===
T: You've hit your usage limit for Opus You've saved $113 on API model usage this month with Pro+. Switch to a different model or set a Spend Limit to continue with Opus. Your usage limits will reset when your monthly cycle ends on 3/3/2026.
[2026-02-04T09:07:06+0800] Continue in 2s...
[2026-02-04T09:07:08+0800] === ITERATION START ===
T: You've hit your usage limit for Opus You've saved $113 on API model usage this month with Pro+. Switch to a different model or set a Spend Limit to continue with Opus. Your usage limits will reset when your monthly cycle ends on 3/3/2026.
[2026-02-04T09:07:14+0800] Continue in 2s...
[2026-02-04T09:07:16+0800] === ITERATION START ===
T: You've hit your usage limit for Opus You've saved $113 on API model usage this month with Pro+. Switch to a different model or set a Spend Limit to continue with Opus. Your usage limits will reset when your monthly cycle ends on 3/3/2026.
[2026-02-04T09:07:21+0800] Continue in 2s...
[2026-02-04T09:07:24+0800] === ITERATION START ===
T: You've hit your usage limit for Opus You've saved $113 on API model usage this month with Pro+. Switch to a different model or set a Spend Limit to continue with Opus. Your usage limits will reset when your monthly cycle ends on 3/3/2026.
[2026-02-04T09:07:29+0800] Continue in 2s...
[2026-02-04T09:07:31+0800] === ITERATION START ===
T: You've hit your usage limit for Opus You've saved $113 on API model usage this month with Pro+. Switch to a different model or set a Spend Limit to continue with Opus. Your usage limits will reset when your monthly cycle ends on 3/3/2026.
[2026-02-04T09:07:37+0800] Continue in 2s...
[2026-02-04T09:07:39+0800] === ITERATION START ===
T: You've hit your usage limit for Opus You've saved $113 on API model usage this month with Pro+. Switch to a different model or set a Spend Limit to continue with Opus. Your usage limits will reset when your monthly cycle ends on 3/3/2026.
[2026-02-04T09:07:44+0800] Continue in 2s...
[2026-02-04T09:07:46+0800] === ITERATION START ===
T: You've hit your usage limit for Opus You've saved $113 on API model usage this month with Pro+. Switch to a different model or set a Spend Limit to continue with Opus. Your usage limits will reset when your monthly cycle ends on 3/3/2026.
[2026-02-04T09:07:52+0800] Continue in 2s...
[2026-02-04T09:07:54+0800] === ITERATION START ===
T: You've hit your usage limit for Opus You've saved $113 on API model usage this month with Pro+. Switch to a different model or set a Spend Limit to continue with Opus. Your usage limits will reset when your monthly cycle ends on 3/3/2026.
[2026-02-04T09:07:59+0800] Continue in 2s...
[2026-02-04T09:08:01+0800] === ITERATION START ===
T: You've hit your usage limit for Opus You've saved $113 on API model usage this month with Pro+. Switch to a different model or set a Spend Limit to continue with Opus. Your usage limits will reset when your monthly cycle ends on 3/3/2026.
[2026-02-04T09:08:07+0800] Continue in 2s...
[2026-02-04T09:08:09+0800] === ITERATION START ===
T: You've hit your usage limit for Opus You've saved $113 on API model usage this month with Pro+. Switch to a different model or set a Spend Limit to continue with Opus. Your usage limits will reset when your monthly cycle ends on 3/3/2026.
[2026-02-04T09:08:14+0800] Continue in 2s...
[2026-02-04T09:08:16+0800] === ITERATION START ===
T: You've hit your usage limit for Opus You've saved $113 on API model usage this month with Pro+. Switch to a different model or set a Spend Limit to continue with Opus. Your usage limits will reset when your monthly cycle ends on 3/3/2026.
[2026-02-04T09:08:22+0800] Continue in 2s...
[2026-02-04T09:08:24+0800] === ITERATION START ===
T: You've hit your usage limit for Opus You've saved $113 on API model usage this month with Pro+. Switch to a different model or set a Spend Limit to continue with Opus. Your usage limits will reset when your monthly cycle ends on 3/3/2026.
[2026-02-04T09:08:29+0800] Continue in 2s...
[2026-02-04T09:08:31+0800] === ITERATION START ===
T: You've hit your usage limit for Opus You've saved $113 on API model usage this month with Pro+. Switch to a different model or set a Spend Limit to continue with Opus. Your usage limits will reset when your monthly cycle ends on 3/3/2026.
[2026-02-04T09:08:37+0800] Continue in 2s...
[2026-02-04T09:08:39+0800] === ITERATION START ===
T: You've hit your usage limit for Opus You've saved $113 on API model usage this month with Pro+. Switch to a different model or set a Spend Limit to continue with Opus. Your usage limits will reset when your monthly cycle ends on 3/3/2026.
[2026-02-04T09:08:44+0800] Continue in 2s...
[2026-02-04T09:08:46+0800] === ITERATION START ===
T: You've hit your usage limit for Opus You've saved $113 on API model usage this month with Pro+. Switch to a different model or set a Spend Limit to continue with Opus. Your usage limits will reset when your monthly cycle ends on 3/3/2026.
[2026-02-04T09:08:52+0800] Continue in 2s...
[2026-02-04T09:08:54+0800] === ITERATION START ===
T: You've hit your usage limit for Opus You've saved $113 on API model usage this month with Pro+. Switch to a different model or set a Spend Limit to continue with Opus. Your usage limits will reset when your monthly cycle ends on 3/3/2026.
[2026-02-04T09:09:00+0800] Continue in 2s...
[2026-02-04T09:09:02+0800] === ITERATION START ===
T: You've hit your usage limit for Opus You've saved $113 on API model usage this month with Pro+. Switch to a different model or set a Spend Limit to continue with Opus. Your usage limits will reset when your monthly cycle ends on 3/3/2026.
[2026-02-04T09:09:08+0800] Continue in 2s...
[2026-02-04T09:09:10+0800] === ITERATION START ===
T: You've hit your usage limit for Opus You've saved $113 on API model usage this month with Pro+. Switch to a different model or set a Spend Limit to continue with Opus. Your usage limits will reset when your monthly cycle ends on 3/3/2026.
[2026-02-04T09:09:16+0800] Continue in 2s...
[2026-02-04T09:09:18+0800] === ITERATION START ===
T: You've hit your usage limit for Opus You've saved $113 on API model usage this month with Pro+. Switch to a different model or set a Spend Limit to continue with Opus. Your usage limits will reset when your monthly cycle ends on 3/3/2026.
[2026-02-04T09:09:23+0800] Continue in 2s...
[2026-02-04T09:09:25+0800] === ITERATION START ===
T: You've hit your usage limit for Opus You've saved $113 on API model usage this month with Pro+. Switch to a different model or set a Spend Limit to continue with Opus. Your usage limits will reset when your monthly cycle ends on 3/3/2026.
[2026-02-04T09:09:31+0800] Continue in 2s...
[2026-02-04T09:09:33+0800] === ITERATION START ===
T: You've hit your usage limit for Opus You've saved $113 on API model usage this month with Pro+. Switch to a different model or set a Spend Limit to continue with Opus. Your usage limits will reset when your monthly cycle ends on 3/3/2026.
[2026-02-04T09:09:39+0800] Continue in 2s...
[2026-02-04T09:09:41+0800] === ITERATION START ===
T: You've hit your usage limit for Opus You've saved $113 on API model usage this month with Pro+. Switch to a different model or set a Spend Limit to continue with Opus. Your usage limits will reset when your monthly cycle ends on 3/3/2026.
[2026-02-04T09:09:46+0800] Continue in 2s...
[2026-02-04T09:09:48+0800] === ITERATION START ===
T: You've hit your usage limit for Opus You've saved $113 on API model usage this month with Pro+. Switch to a different model or set a Spend Limit to continue with Opus. Your usage limits will reset when your monthly cycle ends on 3/3/2026.
[2026-02-04T09:09:54+0800] Continue in 2s...
[2026-02-04T09:09:56+0800] === ITERATION START ===
T: You've hit your usage limit for Opus You've saved $113 on API model usage this month with Pro+. Switch to a different model or set a Spend Limit to continue with Opus. Your usage limits will reset when your monthly cycle ends on 3/3/2026.
[2026-02-04T09:10:01+0800] Continue in 2s...
[2026-02-04T09:10:03+0800] === ITERATION START ===
T: You've hit your usage limit for Opus You've saved $113 on API model usage this month with Pro+. Switch to a different model or set a Spend Limit to continue with Opus. Your usage limits will reset when your monthly cycle ends on 3/3/2026.
[2026-02-04T09:10:09+0800] Continue in 2s...
[2026-02-04T09:10:11+0800] === ITERATION START ===
T: You've hit your usage limit for Opus You've saved $113 on API model usage this month with Pro+. Switch to a different model or set a Spend Limit to continue with Opus. Your usage limits will reset when your monthly cycle ends on 3/3/2026.
[2026-02-04T09:10:16+0800] Continue in 2s...
[2026-02-04T09:10:18+0800] === ITERATION START ===
T: You've hit your usage limit for Opus You've saved $113 on API model usage this month with Pro+. Switch to a different model or set a Spend Limit to continue with Opus. Your usage limits will reset when your monthly cycle ends on 3/3/2026.
[2026-02-04T09:10:24+0800] Continue in 2s...
[2026-02-04T09:10:26+0800] === ITERATION START ===
T: You've hit your usage limit for Opus You've saved $113 on API model usage this month with Pro+. Switch to a different model or set a Spend Limit to continue with Opus. Your usage limits will reset when your monthly cycle ends on 3/3/2026.
[2026-02-04T09:10:34+0800] Continue in 2s...
[2026-02-04T09:10:36+0800] === ITERATION START ===
T: You've hit your usage limit for Opus You've saved $113 on API model usage this month with Pro+. Switch to a different model or set a Spend Limit to continue with Opus. Your usage limits will reset when your monthly cycle ends on 3/3/2026.
[2026-02-04T09:10:42+0800] Continue in 2s...
[2026-02-04T09:10:44+0800] === ITERATION START ===
T: You've hit your usage limit for Opus You've saved $113 on API model usage this month with Pro+. Switch to a different model or set a Spend Limit to continue with Opus. Your usage limits will reset when your monthly cycle ends on 3/3/2026.
[2026-02-04T09:10:50+0800] Continue in 2s...
[2026-02-04T09:10:52+0800] === ITERATION START ===
T: You've hit your usage limit for Opus You've saved $113 on API model usage this month with Pro+. Switch to a different model or set a Spend Limit to continue with Opus. Your usage limits will reset when your monthly cycle ends on 3/3/2026.
[2026-02-04T09:10:59+0800] Continue in 2s...
[2026-02-04T09:11:01+0800] === ITERATION START ===
T: You've hit your usage limit for Opus You've saved $113 on API model usage this month with Pro+. Switch to a different model or set a Spend Limit to continue with Opus. Your usage limits will reset when your monthly cycle ends on 3/3/2026.
[2026-02-04T09:11:06+0800] Continue in 2s...
[2026-02-04T09:11:08+0800] === ITERATION START ===
T: You've hit your usage limit for Opus You've saved $113 on API model usage this month with Pro+. Switch to a different model or set a Spend Limit to continue with Opus. Your usage limits will reset when your monthly cycle ends on 3/3/2026.
[2026-02-04T09:11:14+0800] Continue in 2s...
[2026-02-04T09:11:16+0800] === ITERATION START ===
T: You've hit your usage limit for Opus You've saved $113 on API model usage this month with Pro+. Switch to a different model or set a Spend Limit to continue with Opus. Your usage limits will reset when your monthly cycle ends on 3/3/2026.
[2026-02-04T09:11:22+0800] Continue in 2s...
[2026-02-04T09:11:24+0800] === ITERATION START ===
T: You've hit your usage limit for Opus You've saved $113 on API model usage this month with Pro+. Switch to a different model or set a Spend Limit to continue with Opus. Your usage limits will reset when your monthly cycle ends on 3/3/2026.
[2026-02-04T09:11:29+0800] Continue in 2s...
[2026-02-04T09:11:31+0800] === ITERATION START ===
T: You've hit your usage limit for Opus You've saved $113 on API model usage this month with Pro+. Switch to a different model or set a Spend Limit to continue with Opus. Your usage limits will reset when your monthly cycle ends on 3/3/2026.
[2026-02-04T09:11:37+0800] Continue in 2s...
[2026-02-04T09:11:39+0800] === ITERATION START ===
T: You've hit your usage limit for Opus You've saved $113 on API model usage this month with Pro+. Switch to a different model or set a Spend Limit to continue with Opus. Your usage limits will reset when your monthly cycle ends on 3/3/2026.
[2026-02-04T09:11:44+0800] Continue in 2s...
[2026-02-04T09:11:46+0800] === ITERATION START ===
T: You've hit your usage limit for Opus You've saved $113 on API model usage this month with Pro+. Switch to a different model or set a Spend Limit to continue with Opus. Your usage limits will reset when your monthly cycle ends on 3/3/2026.
[2026-02-04T09:11:53+0800] Continue in 2s...
[2026-02-04T09:11:55+0800] === ITERATION START ===
T: You've hit your usage limit for Opus You've saved $113 on API model usage this month with Pro+. Switch to a different model or set a Spend Limit to continue with Opus. Your usage limits will reset when your monthly cycle ends on 3/3/2026.
[2026-02-04T09:12:01+0800] Continue in 2s...
[2026-02-04T09:12:03+0800] === ITERATION START ===
T: You've hit your usage limit for Opus You've saved $113 on API model usage this month with Pro+. Switch to a different model or set a Spend Limit to continue with Opus. Your usage limits will reset when your monthly cycle ends on 3/3/2026.
[2026-02-04T09:12:11+0800] Continue in 2s...
[2026-02-04T09:12:13+0800] === ITERATION START ===
T: You've hit your usage limit for Opus You've saved $113 on API model usage this month with Pro+. Switch to a different model or set a Spend Limit to continue with Opus. Your usage limits will reset when your monthly cycle ends on 3/3/2026.
[2026-02-04T09:12:19+0800] Continue in 2s...
[2026-02-04T09:12:21+0800] === ITERATION START ===
T: You've hit your usage limit for Opus You've saved $113 on API model usage this month with Pro+. Switch to a different model or set a Spend Limit to continue with Opus. Your usage limits will reset when your monthly cycle ends on 3/3/2026.
[2026-02-04T09:12:27+0800] Continue in 2s...
[2026-02-04T09:12:29+0800] === ITERATION START ===
T: You've hit your usage limit for Opus You've saved $113 on API model usage this month with Pro+. Switch to a different model or set a Spend Limit to continue with Opus. Your usage limits will reset when your monthly cycle ends on 3/3/2026.
[2026-02-04T09:12:34+0800] Continue in 2s...
[2026-02-04T09:12:36+0800] === ITERATION START ===
T: You've hit your usage limit for Opus You've saved $113 on API model usage this month with Pro+. Switch to a different model or set a Spend Limit to continue with Opus. Your usage limits will reset when your monthly cycle ends on 3/3/2026.
[2026-02-04T09:12:43+0800] Continue in 2s...
[2026-02-04T09:12:45+0800] === ITERATION START ===
T: You've hit your usage limit for Opus You've saved $113 on API model usage this month with Pro+. Switch to a different model or set a Spend Limit to continue with Opus. Your usage limits will reset when your monthly cycle ends on 3/3/2026.
[2026-02-04T09:12:50+0800] Continue in 2s...
[2026-02-04T09:12:52+0800] === ITERATION START ===
T: You've hit your usage limit for Opus You've saved $113 on API model usage this month with Pro+. Switch to a different model or set a Spend Limit to continue with Opus. Your usage limits will reset when your monthly cycle ends on 3/3/2026.
[2026-02-04T09:12:58+0800] Continue in 2s...
[2026-02-04T09:13:00+0800] === ITERATION START ===
T: You've hit your usage limit for Opus You've saved $113 on API model usage this month with Pro+. Switch to a different model or set a Spend Limit to continue with Opus. Your usage limits will reset when your monthly cycle ends on 3/3/2026.
[2026-02-04T09:13:06+0800] Continue in 2s...
[2026-02-04T09:13:08+0800] === ITERATION START ===
T: You've hit your usage limit for Opus You've saved $113 on API model usage this month with Pro+. Switch to a different model or set a Spend Limit to continue with Opus. Your usage limits will reset when your monthly cycle ends on 3/3/2026.
[2026-02-04T09:13:14+0800] Continue in 2s...
[2026-02-04T09:13:16+0800] === ITERATION START ===
w: [aborted] Client network socket disconnected before secure TLS connection was established
[2026-02-04T09:13:33+0800] Continue in 2s...
[2026-02-04T09:13:35+0800] === ITERATION START ===
T: You've hit your usage limit for Opus You've saved $113 on API model usage this month with Pro+. Switch to a different model or set a Spend Limit to continue with Opus. Your usage limits will reset when your monthly cycle ends on 3/3/2026.
[2026-02-04T09:13:40+0800] Continue in 2s...
[2026-02-04T09:13:42+0800] === ITERATION START ===
T: You've hit your usage limit for Opus You've saved $113 on API model usage this month with Pro+. Switch to a different model or set a Spend Limit to continue with Opus. Your usage limits will reset when your monthly cycle ends on 3/3/2026.
[2026-02-04T09:13:48+0800] Continue in 2s...
[2026-02-04T09:13:50+0800] === ITERATION START ===
T: You've hit your usage limit for Opus You've saved $113 on API model usage this month with Pro+. Switch to a different model or set a Spend Limit to continue with Opus. Your usage limits will reset when your monthly cycle ends on 3/3/2026.
[2026-02-04T09:13:55+0800] Continue in 2s...
[2026-02-04T09:13:57+0800] === ITERATION START ===
T: You've hit your usage limit for Opus You've saved $113 on API model usage this month with Pro+. Switch to a different model or set a Spend Limit to continue with Opus. Your usage limits will reset when your monthly cycle ends on 3/3/2026.
[2026-02-04T09:14:03+0800] Continue in 2s...
[2026-02-04T09:14:05+0800] === ITERATION START ===
T: You've hit your usage limit for Opus You've saved $113 on API model usage this month with Pro+. Switch to a different model or set a Spend Limit to continue with Opus. Your usage limits will reset when your monthly cycle ends on 3/3/2026.
[2026-02-04T09:14:12+0800] Continue in 2s...
[2026-02-04T09:14:14+0800] === ITERATION START ===
T: You've hit your usage limit for Opus You've saved $113 on API model usage this month with Pro+. Switch to a different model or set a Spend Limit to continue with Opus. Your usage limits will reset when your monthly cycle ends on 3/3/2026.
[2026-02-04T09:14:20+0800] Continue in 2s...
[2026-02-04T09:14:22+0800] === ITERATION START ===
T: You've hit your usage limit for Opus You've saved $113 on API model usage this month with Pro+. Switch to a different model or set a Spend Limit to continue with Opus. Your usage limits will reset when your monthly cycle ends on 3/3/2026.
[2026-02-04T09:14:28+0800] Continue in 2s...
[2026-02-04T09:14:30+0800] === ITERATION START ===
T: You've hit your usage limit for Opus You've saved $113 on API model usage this month with Pro+. Switch to a different model or set a Spend Limit to continue with Opus. Your usage limits will reset when your monthly cycle ends on 3/3/2026.
[2026-02-04T09:14:36+0800] Continue in 2s...
[2026-02-04T09:14:38+0800] === ITERATION START ===
T: You've hit your usage limit for Opus You've saved $113 on API model usage this month with Pro+. Switch to a different model or set a Spend Limit to continue with Opus. Your usage limits will reset when your monthly cycle ends on 3/3/2026.
[2026-02-04T09:14:44+0800] Continue in 2s...
[2026-02-04T09:14:46+0800] === ITERATION START ===
T: You've hit your usage limit for Opus You've saved $113 on API model usage this month with Pro+. Switch to a different model or set a Spend Limit to continue with Opus. Your usage limits will reset when your monthly cycle ends on 3/3/2026.
[2026-02-04T09:14:52+0800] Continue in 2s...
[2026-02-04T09:14:54+0800] === ITERATION START ===
T: You've hit your usage limit for Opus You've saved $113 on API model usage this month with Pro+. Switch to a different model or set a Spend Limit to continue with Opus. Your usage limits will reset when your monthly cycle ends on 3/3/2026.
[2026-02-04T09:15:00+0800] Continue in 2s...
[2026-02-04T09:15:02+0800] === ITERATION START ===
T: You've hit your usage limit for Opus You've saved $113 on API model usage this month with Pro+. Switch to a different model or set a Spend Limit to continue with Opus. Your usage limits will reset when your monthly cycle ends on 3/3/2026.
[2026-02-04T09:15:08+0800] Continue in 2s...
[2026-02-04T09:15:10+0800] === ITERATION START ===
T: You've hit your usage limit for Opus You've saved $113 on API model usage this month with Pro+. Switch to a different model or set a Spend Limit to continue with Opus. Your usage limits will reset when your monthly cycle ends on 3/3/2026.
[2026-02-04T09:15:17+0800] Continue in 2s...
[2026-02-04T09:15:19+0800] === ITERATION START ===
T: You've hit your usage limit for Opus You've saved $113 on API model usage this month with Pro+. Switch to a different model or set a Spend Limit to continue with Opus. Your usage limits will reset when your monthly cycle ends on 3/3/2026.
[2026-02-04T09:15:24+0800] Continue in 2s...
[2026-02-04T09:15:27+0800] === ITERATION START ===
T: You've hit your usage limit for Opus You've saved $113 on API model usage this month with Pro+. Switch to a different model or set a Spend Limit to continue with Opus. Your usage limits will reset when your monthly cycle ends on 3/3/2026.
[2026-02-04T09:15:32+0800] Continue in 2s...
[2026-02-04T09:15:35+0800] === ITERATION START ===
T: You've hit your usage limit for Opus You've saved $113 on API model usage this month with Pro+. Switch to a different model or set a Spend Limit to continue with Opus. Your usage limits will reset when your monthly cycle ends on 3/3/2026.
[2026-02-04T09:15:42+0800] Continue in 2s...
[2026-02-04T09:15:44+0800] === ITERATION START ===
T: You've hit your usage limit for Opus You've saved $113 on API model usage this month with Pro+. Switch to a different model or set a Spend Limit to continue with Opus. Your usage limits will reset when your monthly cycle ends on 3/3/2026.
[2026-02-04T09:15:50+0800] Continue in 2s...
[2026-02-04T09:15:52+0800] === ITERATION START ===
T: You've hit your usage limit for Opus You've saved $113 on API model usage this month with Pro+. Switch to a different model or set a Spend Limit to continue with Opus. Your usage limits will reset when your monthly cycle ends on 3/3/2026.
[2026-02-04T09:15:57+0800] Continue in 2s...
[2026-02-04T09:15:59+0800] === ITERATION START ===
T: You've hit your usage limit for Opus You've saved $113 on API model usage this month with Pro+. Switch to a different model or set a Spend Limit to continue with Opus. Your usage limits will reset when your monthly cycle ends on 3/3/2026.
[2026-02-04T09:16:05+0800] Continue in 2s...
[2026-02-04T09:16:07+0800] === ITERATION START ===
T: You've hit your usage limit for Opus You've saved $113 on API model usage this month with Pro+. Switch to a different model or set a Spend Limit to continue with Opus. Your usage limits will reset when your monthly cycle ends on 3/3/2026.
[2026-02-04T09:16:13+0800] Continue in 2s...
[2026-02-04T09:16:15+0800] === ITERATION START ===
T: You've hit your usage limit for Opus You've saved $113 on API model usage this month with Pro+. Switch to a different model or set a Spend Limit to continue with Opus. Your usage limits will reset when your monthly cycle ends on 3/3/2026.
[2026-02-04T09:16:20+0800] Continue in 2s...
[2026-02-04T09:16:22+0800] === ITERATION START ===
T: You've hit your usage limit for Opus You've saved $113 on API model usage this month with Pro+. Switch to a different model or set a Spend Limit to continue with Opus. Your usage limits will reset when your monthly cycle ends on 3/3/2026.
[2026-02-04T09:16:28+0800] Continue in 2s...
[2026-02-04T09:16:30+0800] === ITERATION START ===
T: You've hit your usage limit for Opus You've saved $113 on API model usage this month with Pro+. Switch to a different model or set a Spend Limit to continue with Opus. Your usage limits will reset when your monthly cycle ends on 3/3/2026.
[2026-02-04T09:16:36+0800] Continue in 2s...
[2026-02-04T09:16:38+0800] === ITERATION START ===
T: You've hit your usage limit for Opus You've saved $113 on API model usage this month with Pro+. Switch to a different model or set a Spend Limit to continue with Opus. Your usage limits will reset when your monthly cycle ends on 3/3/2026.
[2026-02-04T09:16:44+0800] Continue in 2s...
[2026-02-04T09:16:46+0800] === ITERATION START ===
T: You've hit your usage limit for Opus You've saved $113 on API model usage this month with Pro+. Switch to a different model or set a Spend Limit to continue with Opus. Your usage limits will reset when your monthly cycle ends on 3/3/2026.
[2026-02-04T09:16:52+0800] Continue in 2s...
[2026-02-04T09:16:54+0800] === ITERATION START ===
T: You've hit your usage limit for Opus You've saved $113 on API model usage this month with Pro+. Switch to a different model or set a Spend Limit to continue with Opus. Your usage limits will reset when your monthly cycle ends on 3/3/2026.
[2026-02-04T09:17:00+0800] Continue in 2s...
[2026-02-04T09:17:02+0800] === ITERATION START ===
[2026-02-04T09:17:09+0800] clawdbot started. CLI=agent (stop: touch /Users/youfeini/Desktop/文档生成系统/build/clawdbot/STOP) (done: /Users/youfeini/Desktop/文档生成系统/build/clawdbot/DONE)
[2026-02-04T09:17:09+0800] === ITERATION START ===
T: You've hit your usage limit for Opus You've saved $113 on API model usage this month with Pro+. Switch to a different model or set a Spend Limit to continue with Opus. Your usage limits will reset when your monthly cycle ends on 3/3/2026.
[2026-02-04T09:17:15+0800] Continue in 2s...
[2026-02-04T09:17:17+0800] === ITERATION START ===
T: You've hit your usage limit for Opus You've saved $113 on API model usage this month with Pro+. Switch to a different model or set a Spend Limit to continue with Opus. Your usage limits will reset when your monthly cycle ends on 3/3/2026.
[2026-02-04T09:17:24+0800] Continue in 2s...
[2026-02-04T09:17:26+0800] === ITERATION START ===
T: You've hit your usage limit for Opus You've saved $113 on API model usage this month with Pro+. Switch to a different model or set a Spend Limit to continue with Opus. Your usage limits will reset when your monthly cycle ends on 3/3/2026.
[2026-02-04T09:17:32+0800] Continue in 2s...
[2026-02-04T09:17:34+0800] === ITERATION START ===
T: You've hit your usage limit for Opus You've saved $113 on API model usage this month with Pro+. Switch to a different model or set a Spend Limit to continue with Opus. Your usage limits will reset when your monthly cycle ends on 3/3/2026.
[2026-02-04T09:17:40+0800] Continue in 2s...
[2026-02-04T09:17:42+0800] === ITERATION START ===
T: You've hit your usage limit for Opus You've saved $113 on API model usage this month with Pro+. Switch to a different model or set a Spend Limit to continue with Opus. Your usage limits will reset when your monthly cycle ends on 3/3/2026.
[2026-02-04T09:17:47+0800] Continue in 2s...
[2026-02-04T09:17:49+0800] === ITERATION START ===
T: You've hit your usage limit for Opus You've saved $113 on API model usage this month with Pro+. Switch to a different model or set a Spend Limit to continue with Opus. Your usage limits will reset when your monthly cycle ends on 3/3/2026.
[2026-02-04T09:17:55+0800] Continue in 2s...
[2026-02-04T09:17:57+0800] === ITERATION START ===
T: You've hit your usage limit for Opus You've saved $113 on API model usage this month with Pro+. Switch to a different model or set a Spend Limit to continue with Opus. Your usage limits will reset when your monthly cycle ends on 3/3/2026.
[2026-02-04T09:18:02+0800] Continue in 2s...
[2026-02-04T09:18:04+0800] === ITERATION START ===
T: You've hit your usage limit for Opus You've saved $113 on API model usage this month with Pro+. Switch to a different model or set a Spend Limit to continue with Opus. Your usage limits will reset when your monthly cycle ends on 3/3/2026.
[2026-02-04T09:18:10+0800] Continue in 2s...
[2026-02-04T09:18:12+0800] === ITERATION START ===
T: You've hit your usage limit for Opus You've saved $113 on API model usage this month with Pro+. Switch to a different model or set a Spend Limit to continue with Opus. Your usage limits will reset when your monthly cycle ends on 3/3/2026.
[2026-02-04T09:18:18+0800] Continue in 2s...
[2026-02-04T09:18:20+0800] === ITERATION START ===
T: You've hit your usage limit for Opus You've saved $113 on API model usage this month with Pro+. Switch to a different model or set a Spend Limit to continue with Opus. Your usage limits will reset when your monthly cycle ends on 3/3/2026.
[2026-02-04T09:18:25+0800] Continue in 2s...
[2026-02-04T09:18:27+0800] === ITERATION START ===
T: You've hit your usage limit for Opus You've saved $113 on API model usage this month with Pro+. Switch to a different model or set a Spend Limit to continue with Opus. Your usage limits will reset when your monthly cycle ends on 3/3/2026.
[2026-02-04T09:18:33+0800] Continue in 2s...
[2026-02-04T09:18:35+0800] === ITERATION START ===
T: You've hit your usage limit for Opus You've saved $113 on API model usage this month with Pro+. Switch to a different model or set a Spend Limit to continue with Opus. Your usage limits will reset when your monthly cycle ends on 3/3/2026.
[2026-02-04T09:18:42+0800] Continue in 2s...
[2026-02-04T09:18:44+0800] === ITERATION START ===
T: You've hit your usage limit for Opus You've saved $113 on API model usage this month with Pro+. Switch to a different model or set a Spend Limit to continue with Opus. Your usage limits will reset when your monthly cycle ends on 3/3/2026.
[2026-02-04T09:18:50+0800] Continue in 2s...
[2026-02-04T09:18:52+0800] === ITERATION START ===
T: You've hit your usage limit for Opus You've saved $113 on API model usage this month with Pro+. Switch to a different model or set a Spend Limit to continue with Opus. Your usage limits will reset when your monthly cycle ends on 3/3/2026.
[2026-02-04T09:18:57+0800] Continue in 2s...
[2026-02-04T09:19:00+0800] === ITERATION START ===
T: You've hit your usage limit for Opus You've saved $113 on API model usage this month with Pro+. Switch to a different model or set a Spend Limit to continue with Opus. Your usage limits will reset when your monthly cycle ends on 3/3/2026.
[2026-02-04T09:19:11+0800] Continue in 2s...
[2026-02-04T09:19:13+0800] === ITERATION START ===
T: You've hit your usage limit for Opus You've saved $113 on API model usage this month with Pro+. Switch to a different model or set a Spend Limit to continue with Opus. Your usage limits will reset when your monthly cycle ends on 3/3/2026.
[2026-02-04T09:19:19+0800] Continue in 2s...
[2026-02-04T09:19:22+0800] === ITERATION START ===
T: You've hit your usage limit for Opus You've saved $113 on API model usage this month with Pro+. Switch to a different model or set a Spend Limit to continue with Opus. Your usage limits will reset when your monthly cycle ends on 3/3/2026.
[2026-02-04T09:19:27+0800] Continue in 2s...
[2026-02-04T09:19:29+0800] === ITERATION START ===
T: You've hit your usage limit for Opus You've saved $113 on API model usage this month with Pro+. Switch to a different model or set a Spend Limit to continue with Opus. Your usage limits will reset when your monthly cycle ends on 3/3/2026.
[2026-02-04T09:19:35+0800] Continue in 2s...
[2026-02-04T09:19:37+0800] === ITERATION START ===
T: You've hit your usage limit for Opus You've saved $113 on API model usage this month with Pro+. Switch to a different model or set a Spend Limit to continue with Opus. Your usage limits will reset when your monthly cycle ends on 3/3/2026.
[2026-02-04T09:19:42+0800] Continue in 2s...
[2026-02-04T09:19:44+0800] === ITERATION START ===
T: You've hit your usage limit for Opus You've saved $113 on API model usage this month with Pro+. Switch to a different model or set a Spend Limit to continue with Opus. Your usage limits will reset when your monthly cycle ends on 3/3/2026.
[2026-02-04T09:19:50+0800] Continue in 2s...
[2026-02-04T09:19:52+0800] clawdbot started. CLI=agent (stop: touch /Users/youfeini/Desktop/文档生成系统/build/clawdbot/STOP) (done: /Users/youfeini/Desktop/文档生成系统/build/clawdbot/DONE)
[2026-02-04T09:19:52+0800] === ITERATION START ===
T: You've hit your usage limit for Opus You've saved $113 on API model usage this month with Pro+. Switch to a different model or set a Spend Limit to continue with Opus. Your usage limits will reset when your monthly cycle ends on 3/3/2026.
[2026-02-04T09:19:58+0800] Continue in 2s...
[2026-02-04T09:20:00+0800] === ITERATION START ===
T: You've hit your usage limit for Opus You've saved $113 on API model usage this month with Pro+. Switch to a different model or set a Spend Limit to continue with Opus. Your usage limits will reset when your monthly cycle ends on 3/3/2026.
[2026-02-04T09:20:06+0800] Continue in 2s...
[2026-02-04T09:20:08+0800] === ITERATION START ===
T: You've hit your usage limit for Opus You've saved $113 on API model usage this month with Pro+. Switch to a different model or set a Spend Limit to continue with Opus. Your usage limits will reset when your monthly cycle ends on 3/3/2026.
[2026-02-04T09:20:14+0800] Continue in 2s...
[2026-02-04T09:20:16+0800] === ITERATION START ===
T: You've hit your usage limit for Opus You've saved $113 on API model usage this month with Pro+. Switch to a different model or set a Spend Limit to continue with Opus. Your usage limits will reset when your monthly cycle ends on 3/3/2026.
[2026-02-04T09:20:22+0800] Continue in 2s...
[2026-02-04T09:20:25+0800] === ITERATION START ===
T: You've hit your usage limit for Opus You've saved $113 on API model usage this month with Pro+. Switch to a different model or set a Spend Limit to continue with Opus. Your usage limits will reset when your monthly cycle ends on 3/3/2026.
[2026-02-04T09:20:31+0800] Continue in 2s...
[2026-02-04T09:20:33+0800] === ITERATION START ===
T: You've hit your usage limit for Opus You've saved $113 on API model usage this month with Pro+. Switch to a different model or set a Spend Limit to continue with Opus. Your usage limits will reset when your monthly cycle ends on 3/3/2026.
[2026-02-04T09:20:38+0800] Continue in 2s...
[2026-02-04T09:20:40+0800] === ITERATION START ===
T: You've hit your usage limit for Opus You've saved $113 on API model usage this month with Pro+. Switch to a different model or set a Spend Limit to continue with Opus. Your usage limits will reset when your monthly cycle ends on 3/3/2026.
[2026-02-04T09:20:46+0800] Continue in 2s...
[2026-02-04T09:20:48+0800] === ITERATION START ===
T: You've hit your usage limit for Opus You've saved $113 on API model usage this month with Pro+. Switch to a different model or set a Spend Limit to continue with Opus. Your usage limits will reset when your monthly cycle ends on 3/3/2026.
[2026-02-04T09:20:53+0800] Continue in 2s...
[2026-02-04T09:20:55+0800] === ITERATION START ===
T: You've hit your usage limit for Opus You've saved $113 on API model usage this month with Pro+. Switch to a different model or set a Spend Limit to continue with Opus. Your usage limits will reset when your monthly cycle ends on 3/3/2026.
[2026-02-04T09:21:01+0800] Continue in 2s...
[2026-02-04T09:21:03+0800] === ITERATION START ===
T: You've hit your usage limit for Opus You've saved $113 on API model usage this month with Pro+. Switch to a different model or set a Spend Limit to continue with Opus. Your usage limits will reset when your monthly cycle ends on 3/3/2026.
[2026-02-04T09:21:08+0800] Continue in 2s...
[2026-02-04T09:21:11+0800] === ITERATION START ===
T: You've hit your usage limit for Opus You've saved $113 on API model usage this month with Pro+. Switch to a different model or set a Spend Limit to continue with Opus. Your usage limits will reset when your monthly cycle ends on 3/3/2026.
[2026-02-04T09:21:16+0800] Continue in 2s...
[2026-02-04T09:21:18+0800] === ITERATION START ===
T: You've hit your usage limit for Opus You've saved $113 on API model usage this month with Pro+. Switch to a different model or set a Spend Limit to continue with Opus. Your usage limits will reset when your monthly cycle ends on 3/3/2026.
[2026-02-04T09:21:24+0800] Continue in 2s...
[2026-02-04T09:21:26+0800] === ITERATION START ===
T: You've hit your usage limit for Opus You've saved $113 on API model usage this month with Pro+. Switch to a different model or set a Spend Limit to continue with Opus. Your usage limits will reset when your monthly cycle ends on 3/3/2026.
[2026-02-04T09:21:32+0800] Continue in 2s...
[2026-02-04T09:21:34+0800] === ITERATION START ===
T: You've hit your usage limit for Opus You've saved $113 on API model usage this month with Pro+. Switch to a different model or set a Spend Limit to continue with Opus. Your usage limits will reset when your monthly cycle ends on 3/3/2026.
[2026-02-04T09:21:41+0800] Continue in 2s...
[2026-02-04T09:21:43+0800] === ITERATION START ===
T: You've hit your usage limit for Opus You've saved $113 on API model usage this month with Pro+. Switch to a different model or set a Spend Limit to continue with Opus. Your usage limits will reset when your monthly cycle ends on 3/3/2026.
[2026-02-04T09:21:49+0800] Continue in 2s...
[2026-02-04T09:21:51+0800] === ITERATION START ===
T: You've hit your usage limit for Opus You've saved $113 on API model usage this month with Pro+. Switch to a different model or set a Spend Limit to continue with Opus. Your usage limits will reset when your monthly cycle ends on 3/3/2026.
[2026-02-04T09:21:57+0800] Continue in 2s...
[2026-02-04T09:21:59+0800] === ITERATION START ===
T: You've hit your usage limit for Opus You've saved $113 on API model usage this month with Pro+. Switch to a different model or set a Spend Limit to continue with Opus. Your usage limits will reset when your monthly cycle ends on 3/3/2026.
[2026-02-04T09:22:05+0800] Continue in 2s...
[2026-02-04T09:22:07+0800] === ITERATION START ===
T: You've hit your usage limit for Opus You've saved $113 on API model usage this month with Pro+. Switch to a different model or set a Spend Limit to continue with Opus. Your usage limits will reset when your monthly cycle ends on 3/3/2026.
[2026-02-04T09:22:13+0800] Continue in 2s...
[2026-02-04T09:22:15+0800] === ITERATION START ===
T: You've hit your usage limit for Opus You've saved $113 on API model usage this month with Pro+. Switch to a different model or set a Spend Limit to continue with Opus. Your usage limits will reset when your monthly cycle ends on 3/3/2026.
[2026-02-04T09:22:21+0800] Continue in 2s...
[2026-02-04T09:22:23+0800] === ITERATION START ===
T: You've hit your usage limit for Opus You've saved $113 on API model usage this month with Pro+. Switch to a different model or set a Spend Limit to continue with Opus. Your usage limits will reset when your monthly cycle ends on 3/3/2026.
[2026-02-04T09:22:29+0800] Continue in 2s...
[2026-02-04T09:22:31+0800] === ITERATION START ===
T: You've hit your usage limit for Opus You've saved $113 on API model usage this month with Pro+. Switch to a different model or set a Spend Limit to continue with Opus. Your usage limits will reset when your monthly cycle ends on 3/3/2026.
[2026-02-04T09:22:37+0800] Continue in 2s...
[2026-02-04T09:22:39+0800] === ITERATION START ===
T: You've hit your usage limit for Opus You've saved $113 on API model usage this month with Pro+. Switch to a different model or set a Spend Limit to continue with Opus. Your usage limits will reset when your monthly cycle ends on 3/3/2026.
[2026-02-04T09:22:45+0800] Continue in 2s...
[2026-02-04T09:22:47+0800] === ITERATION START ===
T: You've hit your usage limit for Opus You've saved $113 on API model usage this month with Pro+. Switch to a different model or set a Spend Limit to continue with Opus. Your usage limits will reset when your monthly cycle ends on 3/3/2026.
[2026-02-04T09:22:53+0800] Continue in 2s...
[2026-02-04T09:22:55+0800] === ITERATION START ===
T: You've hit your usage limit for Opus You've saved $113 on API model usage this month with Pro+. Switch to a different model or set a Spend Limit to continue with Opus. Your usage limits will reset when your monthly cycle ends on 3/3/2026.
[2026-02-04T09:23:00+0800] Continue in 2s...
[2026-02-04T09:23:03+0800] === ITERATION START ===
T: You've hit your usage limit for Opus You've saved $113 on API model usage this month with Pro+. Switch to a different model or set a Spend Limit to continue with Opus. Your usage limits will reset when your monthly cycle ends on 3/3/2026.
[2026-02-04T09:23:09+0800] Continue in 2s...
[2026-02-04T09:23:11+0800] === ITERATION START ===
T: You've hit your usage limit for Opus You've saved $113 on API model usage this month with Pro+. Switch to a different model or set a Spend Limit to continue with Opus. Your usage limits will reset when your monthly cycle ends on 3/3/2026.
[2026-02-04T09:23:17+0800] Continue in 2s...
[2026-02-04T09:23:19+0800] === ITERATION START ===
T: You've hit your usage limit for Opus You've saved $113 on API model usage this month with Pro+. Switch to a different model or set a Spend Limit to continue with Opus. Your usage limits will reset when your monthly cycle ends on 3/3/2026.
[2026-02-04T09:23:25+0800] Continue in 2s...
[2026-02-04T09:23:27+0800] === ITERATION START ===
T: You've hit your usage limit for Opus You've saved $113 on API model usage this month with Pro+. Switch to a different model or set a Spend Limit to continue with Opus. Your usage limits will reset when your monthly cycle ends on 3/3/2026.
[2026-02-04T09:23:33+0800] Continue in 2s...
[2026-02-04T09:23:35+0800] === ITERATION START ===
T: You've hit your usage limit for Opus You've saved $113 on API model usage this month with Pro+. Switch to a different model or set a Spend Limit to continue with Opus. Your usage limits will reset when your monthly cycle ends on 3/3/2026.
[2026-02-04T09:23:41+0800] Continue in 2s...
[2026-02-04T09:23:43+0800] === ITERATION START ===
T: You've hit your usage limit for Opus You've saved $113 on API model usage this month with Pro+. Switch to a different model or set a Spend Limit to continue with Opus. Your usage limits will reset when your monthly cycle ends on 3/3/2026.
[2026-02-04T09:23:49+0800] Continue in 2s...
[2026-02-04T09:23:51+0800] === ITERATION START ===
T: You've hit your usage limit for Opus You've saved $113 on API model usage this month with Pro+. Switch to a different model or set a Spend Limit to continue with Opus. Your usage limits will reset when your monthly cycle ends on 3/3/2026.
[2026-02-04T09:23:58+0800] Continue in 2s...
[2026-02-04T09:24:01+0800] === ITERATION START ===
T: You've hit your usage limit for Opus You've saved $113 on API model usage this month with Pro+. Switch to a different model or set a Spend Limit to continue with Opus. Your usage limits will reset when your monthly cycle ends on 3/3/2026.
[2026-02-04T09:24:07+0800] Continue in 2s...
[2026-02-04T09:24:09+0800] === ITERATION START ===
T: You've hit your usage limit for Opus You've saved $113 on API model usage this month with Pro+. Switch to a different model or set a Spend Limit to continue with Opus. Your usage limits will reset when your monthly cycle ends on 3/3/2026.
[2026-02-04T09:24:17+0800] Continue in 2s...
[2026-02-04T09:24:19+0800] === ITERATION START ===
T: You've hit your usage limit for Opus You've saved $113 on API model usage this month with Pro+. Switch to a different model or set a Spend Limit to continue with Opus. Your usage limits will reset when your monthly cycle ends on 3/3/2026.
[2026-02-04T09:24:26+0800] Continue in 2s...
[2026-02-04T09:24:28+0800] === ITERATION START ===
T: You've hit your usage limit for Opus You've saved $113 on API model usage this month with Pro+. Switch to a different model or set a Spend Limit to continue with Opus. Your usage limits will reset when your monthly cycle ends on 3/3/2026.
[2026-02-04T09:24:39+0800] Continue in 2s...
[2026-02-04T09:24:41+0800] === ITERATION START ===
T: You've hit your usage limit for Opus You've saved $113 on API model usage this month with Pro+. Switch to a different model or set a Spend Limit to continue with Opus. Your usage limits will reset when your monthly cycle ends on 3/3/2026.
[2026-02-04T09:24:47+0800] Continue in 2s...
[2026-02-04T09:24:49+0800] === ITERATION START ===
T: You've hit your usage limit for Opus You've saved $113 on API model usage this month with Pro+. Switch to a different model or set a Spend Limit to continue with Opus. Your usage limits will reset when your monthly cycle ends on 3/3/2026.
[2026-02-04T09:24:55+0800] Continue in 2s...
[2026-02-04T09:24:57+0800] === ITERATION START ===
T: You've hit your usage limit for Opus You've saved $113 on API model usage this month with Pro+. Switch to a different model or set a Spend Limit to continue with Opus. Your usage limits will reset when your monthly cycle ends on 3/3/2026.
[2026-02-04T09:25:04+0800] Continue in 2s...
[2026-02-04T09:25:06+0800] === ITERATION START ===
T: You've hit your usage limit for Opus You've saved $113 on API model usage this month with Pro+. Switch to a different model or set a Spend Limit to continue with Opus. Your usage limits will reset when your monthly cycle ends on 3/3/2026.
[2026-02-04T09:25:11+0800] Continue in 2s...
[2026-02-04T09:25:13+0800] === ITERATION START ===
T: You've hit your usage limit for Opus You've saved $113 on API model usage this month with Pro+. Switch to a different model or set a Spend Limit to continue with Opus. Your usage limits will reset when your monthly cycle ends on 3/3/2026.
[2026-02-04T09:25:19+0800] Continue in 2s...
[2026-02-04T09:25:21+0800] === ITERATION START ===
T: You've hit your usage limit for Opus You've saved $113 on API model usage this month with Pro+. Switch to a different model or set a Spend Limit to continue with Opus. Your usage limits will reset when your monthly cycle ends on 3/3/2026.
[2026-02-04T09:25:27+0800] Continue in 2s...
[2026-02-04T09:25:29+0800] === ITERATION START ===
T: You've hit your usage limit for Opus You've saved $113 on API model usage this month with Pro+. Switch to a different model or set a Spend Limit to continue with Opus. Your usage limits will reset when your monthly cycle ends on 3/3/2026.
[2026-02-04T09:25:35+0800] Continue in 2s...
[2026-02-04T09:25:37+0800] === ITERATION START ===
T: You've hit your usage limit for Opus You've saved $113 on API model usage this month with Pro+. Switch to a different model or set a Spend Limit to continue with Opus. Your usage limits will reset when your monthly cycle ends on 3/3/2026.
[2026-02-04T09:25:43+0800] Continue in 2s...
[2026-02-04T09:25:45+0800] === ITERATION START ===
T: You've hit your usage limit for Opus You've saved $113 on API model usage this month with Pro+. Switch to a different model or set a Spend Limit to continue with Opus. Your usage limits will reset when your monthly cycle ends on 3/3/2026.
[2026-02-04T09:25:54+0800] Continue in 2s...
[2026-02-04T09:25:56+0800] === ITERATION START ===
T: You've hit your usage limit for Opus You've saved $113 on API model usage this month with Pro+. Switch to a different model or set a Spend Limit to continue with Opus. Your usage limits will reset when your monthly cycle ends on 3/3/2026.
[2026-02-04T09:26:02+0800] Continue in 2s...
[2026-02-04T09:26:04+0800] === ITERATION START ===
T: You've hit your usage limit for Opus You've saved $113 on API model usage this month with Pro+. Switch to a different model or set a Spend Limit to continue with Opus. Your usage limits will reset when your monthly cycle ends on 3/3/2026.
[2026-02-04T09:26:11+0800] Continue in 2s...
[2026-02-04T09:26:13+0800] === ITERATION START ===
T: You've hit your usage limit for Opus You've saved $113 on API model usage this month with Pro+. Switch to a different model or set a Spend Limit to continue with Opus. Your usage limits will reset when your monthly cycle ends on 3/3/2026.
[2026-02-04T09:26:19+0800] Continue in 2s...
[2026-02-04T09:26:21+0800] === ITERATION START ===
T: You've hit your usage limit for Opus You've saved $113 on API model usage this month with Pro+. Switch to a different model or set a Spend Limit to continue with Opus. Your usage limits will reset when your monthly cycle ends on 3/3/2026.
[2026-02-04T09:26:27+0800] Continue in 2s...
[2026-02-04T09:26:29+0800] === ITERATION START ===
T: You've hit your usage limit for Opus You've saved $113 on API model usage this month with Pro+. Switch to a different model or set a Spend Limit to continue with Opus. Your usage limits will reset when your monthly cycle ends on 3/3/2026.
[2026-02-04T09:26:35+0800] Continue in 2s...
[2026-02-04T09:26:37+0800] === ITERATION START ===
T: You've hit your usage limit for Opus You've saved $113 on API model usage this month with Pro+. Switch to a different model or set a Spend Limit to continue with Opus. Your usage limits will reset when your monthly cycle ends on 3/3/2026.
[2026-02-04T09:26:43+0800] Continue in 2s...
[2026-02-04T09:26:45+0800] === ITERATION START ===
T: You've hit your usage limit for Opus You've saved $113 on API model usage this month with Pro+. Switch to a different model or set a Spend Limit to continue with Opus. Your usage limits will reset when your monthly cycle ends on 3/3/2026.
[2026-02-04T09:26:51+0800] Continue in 2s...
[2026-02-04T09:26:53+0800] === ITERATION START ===
[2026-02-04T09:26:55+0800] clawdbot started. CLI=agent (stop: touch /Users/youfeini/Desktop/文档生成系统/build/clawdbot/STOP) (done: /Users/youfeini/Desktop/文档生成系统/build/clawdbot/DONE)
[2026-02-04T09:26:55+0800] === ITERATION START ===
T: You've hit your usage limit for Opus You've saved $113 on API model usage this month with Pro+. Switch to a different model or set a Spend Limit to continue with Opus. Your usage limits will reset when your monthly cycle ends on 3/3/2026.
[2026-02-04T09:27:01+0800] Continue in 2s...
[2026-02-04T09:27:03+0800] === ITERATION START ===
T: You've hit your usage limit for Opus You've saved $113 on API model usage this month with Pro+. Switch to a different model or set a Spend Limit to continue with Opus. Your usage limits will reset when your monthly cycle ends on 3/3/2026.
[2026-02-04T09:27:09+0800] Continue in 2s...
[2026-02-04T09:27:11+0800] === ITERATION START ===
T: You've hit your usage limit for Opus You've saved $113 on API model usage this month with Pro+. Switch to a different model or set a Spend Limit to continue with Opus. Your usage limits will reset when your monthly cycle ends on 3/3/2026.
[2026-02-04T09:27:17+0800] Continue in 2s...
[2026-02-04T09:27:19+0800] === ITERATION START ===
T: You've hit your usage limit for Opus You've saved $113 on API model usage this month with Pro+. Switch to a different model or set a Spend Limit to continue with Opus. Your usage limits will reset when your monthly cycle ends on 3/3/2026.
[2026-02-04T09:27:24+0800] Continue in 2s...
[2026-02-04T09:27:26+0800] === ITERATION START ===
T: You've hit your usage limit for Opus You've saved $113 on API model usage this month with Pro+. Switch to a different model or set a Spend Limit to continue with Opus. Your usage limits will reset when your monthly cycle ends on 3/3/2026.
[2026-02-04T09:27:37+0800] Continue in 2s...
[2026-02-04T09:27:39+0800] === ITERATION START ===
T: You've hit your usage limit for Opus You've saved $113 on API model usage this month with Pro+. Switch to a different model or set a Spend Limit to continue with Opus. Your usage limits will reset when your monthly cycle ends on 3/3/2026.
[2026-02-04T09:27:46+0800] Continue in 2s...
[2026-02-04T09:27:48+0800] === ITERATION START ===
T: You've hit your usage limit for Opus You've saved $113 on API model usage this month with Pro+. Switch to a different model or set a Spend Limit to continue with Opus. Your usage limits will reset when your monthly cycle ends on 3/3/2026.
[2026-02-04T09:27:54+0800] Continue in 2s...
[2026-02-04T09:27:56+0800] === ITERATION START ===
T: You've hit your usage limit for Opus You've saved $113 on API model usage this month with Pro+. Switch to a different model or set a Spend Limit to continue with Opus. Your usage limits will reset when your monthly cycle ends on 3/3/2026.
[2026-02-04T09:28:09+0800] Continue in 2s...
[2026-02-04T09:28:11+0800] === ITERATION START ===
T: You've hit your usage limit for Opus You've saved $113 on API model usage this month with Pro+. Switch to a different model or set a Spend Limit to continue with Opus. Your usage limits will reset when your monthly cycle ends on 3/3/2026.
[2026-02-04T09:28:18+0800] Continue in 2s...
[2026-02-04T09:28:20+0800] === ITERATION START ===
T: You've hit your usage limit for Opus You've saved $113 on API model usage this month with Pro+. Switch to a different model or set a Spend Limit to continue with Opus. Your usage limits will reset when your monthly cycle ends on 3/3/2026.
[2026-02-04T09:28:26+0800] Continue in 2s...
[2026-02-04T09:28:28+0800] === ITERATION START ===
T: You've hit your usage limit for Opus You've saved $113 on API model usage this month with Pro+. Switch to a different model or set a Spend Limit to continue with Opus. Your usage limits will reset when your monthly cycle ends on 3/3/2026.
[2026-02-04T09:28:43+0800] Continue in 2s...
[2026-02-04T09:28:45+0800] === ITERATION START ===
T: You've hit your usage limit for Opus You've saved $113 on API model usage this month with Pro+. Switch to a different model or set a Spend Limit to continue with Opus. Your usage limits will reset when your monthly cycle ends on 3/3/2026.
[2026-02-04T09:28:52+0800] Continue in 2s...
[2026-02-04T09:28:54+0800] === ITERATION START ===
T: You've hit your usage limit for Opus You've saved $113 on API model usage this month with Pro+. Switch to a different model or set a Spend Limit to continue with Opus. Your usage limits will reset when your monthly cycle ends on 3/3/2026.
[2026-02-04T09:29:00+0800] Continue in 2s...
[2026-02-04T09:29:02+0800] === ITERATION START ===
T: You've hit your usage limit for Opus You've saved $113 on API model usage this month with Pro+. Switch to a different model or set a Spend Limit to continue with Opus. Your usage limits will reset when your monthly cycle ends on 3/3/2026.
[2026-02-04T09:29:08+0800] Continue in 2s...
[2026-02-04T09:29:10+0800] === ITERATION START ===
Error: ENOENT: no such file or directory, rename '/Users/youfeini/.cursor/cli-config.json.tmp' -> '/Users/youfeini/.cursor/cli-config.json'
[2026-02-04T09:29:15+0800] Continue in 2s...
[2026-02-04T09:29:18+0800] === ITERATION START ===
[2026-02-04T09:29:21+0800] clawdbot started. CLI=agent (stop: touch /Users/youfeini/Desktop/文档生成系统/build/clawdbot/STOP) (done: /Users/youfeini/Desktop/文档生成系统/build/clawdbot/DONE)
[2026-02-04T09:29:21+0800] === ITERATION START ===
T: You've hit your usage limit for Opus You've saved $113 on API model usage this month with Pro+. Switch to a different model or set a Spend Limit to continue with Opus. Your usage limits will reset when your monthly cycle ends on 3/3/2026.
[2026-02-04T09:29:27+0800] Continue in 2s...
[2026-02-04T09:29:30+0800] === ITERATION START ===
T: You've hit your usage limit for Opus You've saved $113 on API model usage this month with Pro+. Switch to a different model or set a Spend Limit to continue with Opus. Your usage limits will reset when your monthly cycle ends on 3/3/2026.
[2026-02-04T09:29:41+0800] Continue in 2s...
[2026-02-04T09:29:43+0800] === ITERATION START ===
T: You've hit your usage limit for Opus You've saved $113 on API model usage this month with Pro+. Switch to a different model or set a Spend Limit to continue with Opus. Your usage limits will reset when your monthly cycle ends on 3/3/2026.
[2026-02-04T09:29:49+0800] Continue in 2s...
[2026-02-04T09:29:51+0800] === ITERATION START ===
T: You've hit your usage limit for Opus You've saved $113 on API model usage this month with Pro+. Switch to a different model or set a Spend Limit to continue with Opus. Your usage limits will reset when your monthly cycle ends on 3/3/2026.
[2026-02-04T09:29:58+0800] Continue in 2s...
[2026-02-04T09:30:00+0800] === ITERATION START ===
T: You've hit your usage limit for Opus You've saved $113 on API model usage this month with Pro+. Switch to a different model or set a Spend Limit to continue with Opus. Your usage limits will reset when your monthly cycle ends on 3/3/2026.
[2026-02-04T09:30:10+0800] Continue in 2s...
[2026-02-04T09:30:13+0800] === ITERATION START ===
T: You've hit your usage limit for Opus You've saved $113 on API model usage this month with Pro+. Switch to a different model or set a Spend Limit to continue with Opus. Your usage limits will reset when your monthly cycle ends on 3/3/2026.
[2026-02-04T09:30:20+0800] Continue in 2s...
[2026-02-04T09:30:22+0800] === ITERATION START ===
T: You've hit your usage limit for Opus You've saved $113 on API model usage this month with Pro+. Switch to a different model or set a Spend Limit to continue with Opus. Your usage limits will reset when your monthly cycle ends on 3/3/2026.
[2026-02-04T09:30:32+0800] Continue in 2s...
[2026-02-04T09:30:34+0800] === ITERATION START ===
T: You've hit your usage limit for Opus You've saved $113 on API model usage this month with Pro+. Switch to a different model or set a Spend Limit to continue with Opus. Your usage limits will reset when your monthly cycle ends on 3/3/2026.
[2026-02-04T09:30:41+0800] Continue in 2s...
[2026-02-04T09:30:43+0800] === ITERATION START ===
T: You've hit your usage limit for Opus You've saved $113 on API model usage this month with Pro+. Switch to a different model or set a Spend Limit to continue with Opus. Your usage limits will reset when your monthly cycle ends on 3/3/2026.
[2026-02-04T09:30:49+0800] Continue in 2s...
[2026-02-04T09:30:51+0800] === ITERATION START ===
T: You've hit your usage limit for Opus You've saved $113 on API model usage this month with Pro+. Switch to a different model or set a Spend Limit to continue with Opus. Your usage limits will reset when your monthly cycle ends on 3/3/2026.
[2026-02-04T09:30:57+0800] Continue in 2s...
[2026-02-04T09:30:59+0800] === ITERATION START ===
T: You've hit your usage limit for Opus You've saved $113 on API model usage this month with Pro+. Switch to a different model or set a Spend Limit to continue with Opus. Your usage limits will reset when your monthly cycle ends on 3/3/2026.
[2026-02-04T09:31:05+0800] Continue in 2s...
[2026-02-04T09:31:07+0800] === ITERATION START ===
T: You've hit your usage limit for Opus You've saved $113 on API model usage this month with Pro+. Switch to a different model or set a Spend Limit to continue with Opus. Your usage limits will reset when your monthly cycle ends on 3/3/2026.
[2026-02-04T09:31:13+0800] Continue in 2s...
[2026-02-04T09:31:15+0800] === ITERATION START ===
T: You've hit your usage limit for Opus You've saved $113 on API model usage this month with Pro+. Switch to a different model or set a Spend Limit to continue with Opus. Your usage limits will reset when your monthly cycle ends on 3/3/2026.
[2026-02-04T09:31:21+0800] Continue in 2s...
[2026-02-04T09:31:23+0800] === ITERATION START ===
T: You've hit your usage limit for Opus You've saved $113 on API model usage this month with Pro+. Switch to a different model or set a Spend Limit to continue with Opus. Your usage limits will reset when your monthly cycle ends on 3/3/2026.
[2026-02-04T09:31:29+0800] Continue in 2s...
[2026-02-04T09:31:31+0800] === ITERATION START ===
T: You've hit your usage limit for Opus You've saved $113 on API model usage this month with Pro+. Switch to a different model or set a Spend Limit to continue with Opus. Your usage limits will reset when your monthly cycle ends on 3/3/2026.
[2026-02-04T09:31:36+0800] Continue in 2s...
[2026-02-04T09:31:38+0800] === ITERATION START ===
T: You've hit your usage limit for Opus You've saved $113 on API model usage this month with Pro+. Switch to a different model or set a Spend Limit to continue with Opus. Your usage limits will reset when your monthly cycle ends on 3/3/2026.
[2026-02-04T09:31:44+0800] Continue in 2s...
[2026-02-04T09:31:46+0800] === ITERATION START ===
T: You've hit your usage limit for Opus You've saved $113 on API model usage this month with Pro+. Switch to a different model or set a Spend Limit to continue with Opus. Your usage limits will reset when your monthly cycle ends on 3/3/2026.
[2026-02-04T09:31:52+0800] Continue in 2s...
[2026-02-04T09:31:54+0800] === ITERATION START ===
T: You've hit your usage limit for Opus You've saved $113 on API model usage this month with Pro+. Switch to a different model or set a Spend Limit to continue with Opus. Your usage limits will reset when your monthly cycle ends on 3/3/2026.
[2026-02-04T09:32:00+0800] Continue in 2s...
[2026-02-04T09:32:02+0800] === ITERATION START ===
T: You've hit your usage limit for Opus You've saved $113 on API model usage this month with Pro+. Switch to a different model or set a Spend Limit to continue with Opus. Your usage limits will reset when your monthly cycle ends on 3/3/2026.
[2026-02-04T09:32:08+0800] Continue in 2s...
[2026-02-04T09:32:10+0800] === ITERATION START ===
T: You've hit your usage limit for Opus You've saved $113 on API model usage this month with Pro+. Switch to a different model or set a Spend Limit to continue with Opus. Your usage limits will reset when your monthly cycle ends on 3/3/2026.
[2026-02-04T09:32:15+0800] Continue in 2s...
[2026-02-04T09:32:18+0800] === ITERATION START ===
T: You've hit your usage limit for Opus You've saved $113 on API model usage this month with Pro+. Switch to a different model or set a Spend Limit to continue with Opus. Your usage limits will reset when your monthly cycle ends on 3/3/2026.
[2026-02-04T09:32:23+0800] Continue in 2s...
[2026-02-04T09:32:25+0800] === ITERATION START ===
T: You've hit your usage limit for Opus You've saved $113 on API model usage this month with Pro+. Switch to a different model or set a Spend Limit to continue with Opus. Your usage limits will reset when your monthly cycle ends on 3/3/2026.
[2026-02-04T09:32:31+0800] Continue in 2s...
[2026-02-04T09:32:33+0800] === ITERATION START ===
T: You've hit your usage limit for Opus You've saved $113 on API model usage this month with Pro+. Switch to a different model or set a Spend Limit to continue with Opus. Your usage limits will reset when your monthly cycle ends on 3/3/2026.
[2026-02-04T09:32:38+0800] Continue in 2s...
[2026-02-04T09:32:40+0800] === ITERATION START ===
T: You've hit your usage limit for Opus You've saved $113 on API model usage this month with Pro+. Switch to a different model or set a Spend Limit to continue with Opus. Your usage limits will reset when your monthly cycle ends on 3/3/2026.
[2026-02-04T09:32:47+0800] Continue in 2s...
[2026-02-04T09:32:49+0800] === ITERATION START ===
T: You've hit your usage limit for Opus You've saved $113 on API model usage this month with Pro+. Switch to a different model or set a Spend Limit to continue with Opus. Your usage limits will reset when your monthly cycle ends on 3/3/2026.
[2026-02-04T09:37:34+0800] Continue in 2s...
[2026-02-04T09:37:36+0800] === ITERATION START ===
T: You've hit your usage limit for Opus You've saved $113 on API model usage this month with Pro+. Switch to a different model or set a Spend Limit to continue with Opus. Your usage limits will reset when your monthly cycle ends on 3/3/2026.
[2026-02-04T09:37:42+0800] Continue in 2s...
[2026-02-04T09:37:44+0800] === ITERATION START ===
T: You've hit your usage limit for Opus You've saved $113 on API model usage this month with Pro+. Switch to a different model or set a Spend Limit to continue with Opus. Your usage limits will reset when your monthly cycle ends on 3/3/2026.
[2026-02-04T09:37:49+0800] Continue in 2s...
[2026-02-04T09:37:52+0800] === ITERATION START ===
T: You've hit your usage limit for Opus You've saved $113 on API model usage this month with Pro+. Switch to a different model or set a Spend Limit to continue with Opus. Your usage limits will reset when your monthly cycle ends on 3/3/2026.
[2026-02-04T09:37:57+0800] Continue in 2s...
[2026-02-04T09:37:59+0800] === ITERATION START ===
T: You've hit your usage limit for Opus You've saved $113 on API model usage this month with Pro+. Switch to a different model or set a Spend Limit to continue with Opus. Your usage limits will reset when your monthly cycle ends on 3/3/2026.
[2026-02-04T09:38:06+0800] Continue in 2s...
[2026-02-04T09:38:08+0800] === ITERATION START ===
T: You've hit your usage limit for Opus You've saved $113 on API model usage this month with Pro+. Switch to a different model or set a Spend Limit to continue with Opus. Your usage limits will reset when your monthly cycle ends on 3/3/2026.
[2026-02-04T09:38:13+0800] Continue in 2s...
[2026-02-04T09:38:15+0800] === ITERATION START ===
[2026-02-04T10:02:24+0800] clawdbot started. CLI=agent (stop: touch /Users/youfeini/Desktop/文档生成系统/build/clawdbot/STOP) (done: /Users/youfeini/Desktop/文档生成系统/build/clawdbot/DONE)
[2026-02-04T10:02:24+0800] === ITERATION START ===
T: You've hit your usage limit for Opus You've saved $113 on API model usage this month with Pro+. Switch to a different model or set a Spend Limit to continue with Opus. Your usage limits will reset when your monthly cycle ends on 3/3/2026.
[2026-02-04T10:02:31+0800] Continue in 2s...
[2026-02-04T10:02:33+0800] === ITERATION START ===
T: You've hit your usage limit for Opus You've saved $113 on API model usage this month with Pro+. Switch to a different model or set a Spend Limit to continue with Opus. Your usage limits will reset when your monthly cycle ends on 3/3/2026.
[2026-02-04T10:02:41+0800] Continue in 2s...
[2026-02-04T10:02:43+0800] === ITERATION START ===
T: You've hit your usage limit for Opus You've saved $113 on API model usage this month with Pro+. Switch to a different model or set a Spend Limit to continue with Opus. Your usage limits will reset when your monthly cycle ends on 3/3/2026.
[2026-02-04T10:02:50+0800] Continue in 2s...
[2026-02-04T10:02:52+0800] === ITERATION START ===
T: You've hit your usage limit for Opus You've saved $113 on API model usage this month with Pro+. Switch to a different model or set a Spend Limit to continue with Opus. Your usage limits will reset when your monthly cycle ends on 3/3/2026.
[2026-02-04T10:02:58+0800] Continue in 2s...
[2026-02-04T10:03:00+0800] === ITERATION START ===
T: You've hit your usage limit for Opus You've saved $113 on API model usage this month with Pro+. Switch to a different model or set a Spend Limit to continue with Opus. Your usage limits will reset when your monthly cycle ends on 3/3/2026.
[2026-02-04T10:03:07+0800] Continue in 2s...
[2026-02-04T10:03:09+0800] === ITERATION START ===
T: You've hit your usage limit for Opus You've saved $113 on API model usage this month with Pro+. Switch to a different model or set a Spend Limit to continue with Opus. Your usage limits will reset when your monthly cycle ends on 3/3/2026.
[2026-02-04T10:03:14+0800] Continue in 2s...
[2026-02-04T10:03:16+0800] === ITERATION START ===
T: You've hit your usage limit for Opus You've saved $113 on API model usage this month with Pro+. Switch to a different model or set a Spend Limit to continue with Opus. Your usage limits will reset when your monthly cycle ends on 3/3/2026.
[2026-02-04T10:03:22+0800] Continue in 2s...
[2026-02-04T10:03:25+0800] === ITERATION START ===
T: You've hit your usage limit for Opus You've saved $113 on API model usage this month with Pro+. Switch to a different model or set a Spend Limit to continue with Opus. Your usage limits will reset when your monthly cycle ends on 3/3/2026.
[2026-02-04T10:03:31+0800] Continue in 2s...
[2026-02-04T10:03:33+0800] === ITERATION START ===
T: You've hit your usage limit for Opus You've saved $113 on API model usage this month with Pro+. Switch to a different model or set a Spend Limit to continue with Opus. Your usage limits will reset when your monthly cycle ends on 3/3/2026.
[2026-02-04T10:03:44+0800] Continue in 2s...
[2026-02-04T10:03:46+0800] === ITERATION START ===
T: You've hit your usage limit for Opus You've saved $113 on API model usage this month with Pro+. Switch to a different model or set a Spend Limit to continue with Opus. Your usage limits will reset when your monthly cycle ends on 3/3/2026.
[2026-02-04T10:03:53+0800] Continue in 2s...
[2026-02-04T10:03:55+0800] === ITERATION START ===
T: You've hit your usage limit for Opus You've saved $113 on API model usage this month with Pro+. Switch to a different model or set a Spend Limit to continue with Opus. Your usage limits will reset when your monthly cycle ends on 3/3/2026.
[2026-02-04T10:04:01+0800] Continue in 2s...
[2026-02-04T10:04:04+0800] === ITERATION START ===
T: You've hit your usage limit for Opus You've saved $113 on API model usage this month with Pro+. Switch to a different model or set a Spend Limit to continue with Opus. Your usage limits will reset when your monthly cycle ends on 3/3/2026.
[2026-02-04T10:04:09+0800] Continue in 2s...
[2026-02-04T10:04:11+0800] === ITERATION START ===
T: You've hit your usage limit for Opus You've saved $113 on API model usage this month with Pro+. Switch to a different model or set a Spend Limit to continue with Opus. Your usage limits will reset when your monthly cycle ends on 3/3/2026.
[2026-02-04T10:04:18+0800] Continue in 2s...
[2026-02-04T10:04:20+0800] === ITERATION START ===
T: You've hit your usage limit for Opus You've saved $113 on API model usage this month with Pro+. Switch to a different model or set a Spend Limit to continue with Opus. Your usage limits will reset when your monthly cycle ends on 3/3/2026.
[2026-02-04T10:04:27+0800] Continue in 2s...
[2026-02-04T10:04:29+0800] === ITERATION START ===
T: You've hit your usage limit for Opus You've saved $113 on API model usage this month with Pro+. Switch to a different model or set a Spend Limit to continue with Opus. Your usage limits will reset when your monthly cycle ends on 3/3/2026.
[2026-02-04T10:04:35+0800] Continue in 2s...
[2026-02-04T10:04:37+0800] === ITERATION START ===
T: You've hit your usage limit for Opus You've saved $113 on API model usage this month with Pro+. Switch to a different model or set a Spend Limit to continue with Opus. Your usage limits will reset when your monthly cycle ends on 3/3/2026.
[2026-02-04T10:04:46+0800] Continue in 2s...
[2026-02-04T10:04:48+0800] === ITERATION START ===
T: You've hit your usage limit for Opus You've saved $113 on API model usage this month with Pro+. Switch to a different model or set a Spend Limit to continue with Opus. Your usage limits will reset when your monthly cycle ends on 3/3/2026.
[2026-02-04T10:04:54+0800] Continue in 2s...
[2026-02-04T10:04:56+0800] === ITERATION START ===
T: You've hit your usage limit for Opus You've saved $113 on API model usage this month with Pro+. Switch to a different model or set a Spend Limit to continue with Opus. Your usage limits will reset when your monthly cycle ends on 3/3/2026.
[2026-02-04T10:05:02+0800] Continue in 2s...
[2026-02-04T10:05:04+0800] === ITERATION START ===
T: You've hit your usage limit for Opus You've saved $113 on API model usage this month with Pro+. Switch to a different model or set a Spend Limit to continue with Opus. Your usage limits will reset when your monthly cycle ends on 3/3/2026.
[2026-02-04T10:05:09+0800] Continue in 2s...
[2026-02-04T10:05:11+0800] === ITERATION START ===
T: You've hit your usage limit for Opus You've saved $113 on API model usage this month with Pro+. Switch to a different model or set a Spend Limit to continue with Opus. Your usage limits will reset when your monthly cycle ends on 3/3/2026.
[2026-02-04T10:05:19+0800] Continue in 2s...
[2026-02-04T10:05:21+0800] === ITERATION START ===
T: You've hit your usage limit for Opus You've saved $113 on API model usage this month with Pro+. Switch to a different model or set a Spend Limit to continue with Opus. Your usage limits will reset when your monthly cycle ends on 3/3/2026.
[2026-02-04T10:05:26+0800] Continue in 2s...
[2026-02-04T10:05:28+0800] === ITERATION START ===
T: You've hit your usage limit for Opus You've saved $113 on API model usage this month with Pro+. Switch to a different model or set a Spend Limit to continue with Opus. Your usage limits will reset when your monthly cycle ends on 3/3/2026.
[2026-02-04T10:05:34+0800] Continue in 2s...
[2026-02-04T10:05:37+0800] === ITERATION START ===
T: You've hit your usage limit for Opus You've saved $113 on API model usage this month with Pro+. Switch to a different model or set a Spend Limit to continue with Opus. Your usage limits will reset when your monthly cycle ends on 3/3/2026.
[2026-02-04T10:05:42+0800] Continue in 2s...
[2026-02-04T10:05:44+0800] === ITERATION START ===
T: You've hit your usage limit for Opus You've saved $113 on API model usage this month with Pro+. Switch to a different model or set a Spend Limit to continue with Opus. Your usage limits will reset when your monthly cycle ends on 3/3/2026.
[2026-02-04T10:05:50+0800] Continue in 2s...
[2026-02-04T10:05:52+0800] === ITERATION START ===
T: You've hit your usage limit for Opus You've saved $113 on API model usage this month with Pro+. Switch to a different model or set a Spend Limit to continue with Opus. Your usage limits will reset when your monthly cycle ends on 3/3/2026.
[2026-02-04T10:05:57+0800] Continue in 2s...
[2026-02-04T10:06:00+0800] === ITERATION START ===
T: You've hit your usage limit for Opus You've saved $113 on API model usage this month with Pro+. Switch to a different model or set a Spend Limit to continue with Opus. Your usage limits will reset when your monthly cycle ends on 3/3/2026.
[2026-02-04T10:06:05+0800] Continue in 2s...
[2026-02-04T10:06:07+0800] === ITERATION START ===
T: You've hit your usage limit for Opus You've saved $113 on API model usage this month with Pro+. Switch to a different model or set a Spend Limit to continue with Opus. Your usage limits will reset when your monthly cycle ends on 3/3/2026.
[2026-02-04T10:06:13+0800] Continue in 2s...
[2026-02-04T10:06:15+0800] === ITERATION START ===
T: You've hit your usage limit for Opus You've saved $113 on API model usage this month with Pro+. Switch to a different model or set a Spend Limit to continue with Opus. Your usage limits will reset when your monthly cycle ends on 3/3/2026.
[2026-02-04T10:06:20+0800] Continue in 2s...
[2026-02-04T10:06:22+0800] === ITERATION START ===
T: You've hit your usage limit for Opus You've saved $113 on API model usage this month with Pro+. Switch to a different model or set a Spend Limit to continue with Opus. Your usage limits will reset when your monthly cycle ends on 3/3/2026.
[2026-02-04T10:06:28+0800] Continue in 2s...
[2026-02-04T10:06:30+0800] === ITERATION START ===
T: You've hit your usage limit for Opus You've saved $113 on API model usage this month with Pro+. Switch to a different model or set a Spend Limit to continue with Opus. Your usage limits will reset when your monthly cycle ends on 3/3/2026.
[2026-02-04T10:06:35+0800] Continue in 2s...
[2026-02-04T10:06:37+0800] === ITERATION START ===
T: You've hit your usage limit for Opus You've saved $113 on API model usage this month with Pro+. Switch to a different model or set a Spend Limit to continue with Opus. Your usage limits will reset when your monthly cycle ends on 3/3/2026.
[2026-02-04T10:06:43+0800] Continue in 2s...
[2026-02-04T10:06:45+0800] === ITERATION START ===
T: You've hit your usage limit for Opus You've saved $113 on API model usage this month with Pro+. Switch to a different model or set a Spend Limit to continue with Opus. Your usage limits will reset when your monthly cycle ends on 3/3/2026.
[2026-02-04T10:06:50+0800] Continue in 2s...
[2026-02-04T10:06:52+0800] === ITERATION START ===
T: You've hit your usage limit for Opus You've saved $113 on API model usage this month with Pro+. Switch to a different model or set a Spend Limit to continue with Opus. Your usage limits will reset when your monthly cycle ends on 3/3/2026.
[2026-02-04T10:06:59+0800] Continue in 2s...
[2026-02-04T10:07:01+0800] === ITERATION START ===
T: You've hit your usage limit for Opus You've saved $113 on API model usage this month with Pro+. Switch to a different model or set a Spend Limit to continue with Opus. Your usage limits will reset when your monthly cycle ends on 3/3/2026.
[2026-02-04T10:07:07+0800] Continue in 2s...
[2026-02-04T10:07:09+0800] === ITERATION START ===
T: You've hit your usage limit for Opus You've saved $113 on API model usage this month with Pro+. Switch to a different model or set a Spend Limit to continue with Opus. Your usage limits will reset when your monthly cycle ends on 3/3/2026.
[2026-02-04T10:07:14+0800] Continue in 2s...
[2026-02-04T10:07:17+0800] === ITERATION START ===
T: You've hit your usage limit for Opus You've saved $113 on API model usage this month with Pro+. Switch to a different model or set a Spend Limit to continue with Opus. Your usage limits will reset when your monthly cycle ends on 3/3/2026.
[2026-02-04T10:07:22+0800] Continue in 2s...
[2026-02-04T10:07:24+0800] === ITERATION START ===
T: You've hit your usage limit for Opus You've saved $113 on API model usage this month with Pro+. Switch to a different model or set a Spend Limit to continue with Opus. Your usage limits will reset when your monthly cycle ends on 3/3/2026.
[2026-02-04T10:07:30+0800] Continue in 2s...
[2026-02-04T10:07:32+0800] === ITERATION START ===
T: You've hit your usage limit for Opus You've saved $113 on API model usage this month with Pro+. Switch to a different model or set a Spend Limit to continue with Opus. Your usage limits will reset when your monthly cycle ends on 3/3/2026.
[2026-02-04T10:07:38+0800] Continue in 2s...
[2026-02-04T10:07:40+0800] === ITERATION START ===
T: You've hit your usage limit for Opus You've saved $113 on API model usage this month with Pro+. Switch to a different model or set a Spend Limit to continue with Opus. Your usage limits will reset when your monthly cycle ends on 3/3/2026.
[2026-02-04T10:07:46+0800] Continue in 2s...
[2026-02-04T10:07:48+0800] === ITERATION START ===
T: You've hit your usage limit for Opus You've saved $113 on API model usage this month with Pro+. Switch to a different model or set a Spend Limit to continue with Opus. Your usage limits will reset when your monthly cycle ends on 3/3/2026.
[2026-02-04T10:07:53+0800] Continue in 2s...
[2026-02-04T10:07:55+0800] === ITERATION START ===
T: You've hit your usage limit for Opus You've saved $113 on API model usage this month with Pro+. Switch to a different model or set a Spend Limit to continue with Opus. Your usage limits will reset when your monthly cycle ends on 3/3/2026.
[2026-02-04T10:08:02+0800] Continue in 2s...
[2026-02-04T10:08:04+0800] === ITERATION START ===
T: You've hit your usage limit for Opus You've saved $113 on API model usage this month with Pro+. Switch to a different model or set a Spend Limit to continue with Opus. Your usage limits will reset when your monthly cycle ends on 3/3/2026.
[2026-02-04T10:08:10+0800] Continue in 2s...
[2026-02-04T10:08:12+0800] === ITERATION START ===
T: You've hit your usage limit for Opus You've saved $113 on API model usage this month with Pro+. Switch to a different model or set a Spend Limit to continue with Opus. Your usage limits will reset when your monthly cycle ends on 3/3/2026.
[2026-02-04T10:08:18+0800] Continue in 2s...
[2026-02-04T10:08:20+0800] === ITERATION START ===
T: You've hit your usage limit for Opus You've saved $113 on API model usage this month with Pro+. Switch to a different model or set a Spend Limit to continue with Opus. Your usage limits will reset when your monthly cycle ends on 3/3/2026.
[2026-02-04T10:08:25+0800] Continue in 2s...
[2026-02-04T10:08:27+0800] === ITERATION START ===
T: You've hit your usage limit for Opus You've saved $113 on API model usage this month with Pro+. Switch to a different model or set a Spend Limit to continue with Opus. Your usage limits will reset when your monthly cycle ends on 3/3/2026.
[2026-02-04T10:08:33+0800] Continue in 2s...
[2026-02-04T10:08:35+0800] === ITERATION START ===
T: You've hit your usage limit for Opus You've saved $113 on API model usage this month with Pro+. Switch to a different model or set a Spend Limit to continue with Opus. Your usage limits will reset when your monthly cycle ends on 3/3/2026.
[2026-02-04T10:08:41+0800] Continue in 2s...
[2026-02-04T10:08:43+0800] === ITERATION START ===
T: You've hit your usage limit for Opus You've saved $113 on API model usage this month with Pro+. Switch to a different model or set a Spend Limit to continue with Opus. Your usage limits will reset when your monthly cycle ends on 3/3/2026.
[2026-02-04T10:08:49+0800] Continue in 2s...
[2026-02-04T10:08:51+0800] === ITERATION START ===
T: You've hit your usage limit for Opus You've saved $113 on API model usage this month with Pro+. Switch to a different model or set a Spend Limit to continue with Opus. Your usage limits will reset when your monthly cycle ends on 3/3/2026.
[2026-02-04T10:08:57+0800] Continue in 2s...
[2026-02-04T10:08:59+0800] === ITERATION START ===
T: You've hit your usage limit for Opus You've saved $113 on API model usage this month with Pro+. Switch to a different model or set a Spend Limit to continue with Opus. Your usage limits will reset when your monthly cycle ends on 3/3/2026.
[2026-02-04T10:09:04+0800] Continue in 2s...
[2026-02-04T10:09:06+0800] === ITERATION START ===
T: You've hit your usage limit for Opus You've saved $113 on API model usage this month with Pro+. Switch to a different model or set a Spend Limit to continue with Opus. Your usage limits will reset when your monthly cycle ends on 3/3/2026.
[2026-02-04T10:09:12+0800] Continue in 2s...
[2026-02-04T10:09:14+0800] === ITERATION START ===
T: You've hit your usage limit for Opus You've saved $113 on API model usage this month with Pro+. Switch to a different model or set a Spend Limit to continue with Opus. Your usage limits will reset when your monthly cycle ends on 3/3/2026.
[2026-02-04T10:09:20+0800] Continue in 2s...
[2026-02-04T10:09:22+0800] === ITERATION START ===
T: You've hit your usage limit for Opus You've saved $113 on API model usage this month with Pro+. Switch to a different model or set a Spend Limit to continue with Opus. Your usage limits will reset when your monthly cycle ends on 3/3/2026.
[2026-02-04T10:09:28+0800] Continue in 2s...
[2026-02-04T10:09:30+0800] === ITERATION START ===
T: You've hit your usage limit for Opus You've saved $113 on API model usage this month with Pro+. Switch to a different model or set a Spend Limit to continue with Opus. Your usage limits will reset when your monthly cycle ends on 3/3/2026.
[2026-02-04T10:09:36+0800] Continue in 2s...
[2026-02-04T10:09:38+0800] === ITERATION START ===
T: You've hit your usage limit for Opus You've saved $113 on API model usage this month with Pro+. Switch to a different model or set a Spend Limit to continue with Opus. Your usage limits will reset when your monthly cycle ends on 3/3/2026.
[2026-02-04T10:09:43+0800] Continue in 2s...
[2026-02-04T10:09:45+0800] === ITERATION START ===
T: You've hit your usage limit for Opus You've saved $113 on API model usage this month with Pro+. Switch to a different model or set a Spend Limit to continue with Opus. Your usage limits will reset when your monthly cycle ends on 3/3/2026.
[2026-02-04T10:09:51+0800] Continue in 2s...
[2026-02-04T10:09:53+0800] === ITERATION START ===
T: You've hit your usage limit for Opus You've saved $113 on API model usage this month with Pro+. Switch to a different model or set a Spend Limit to continue with Opus. Your usage limits will reset when your monthly cycle ends on 3/3/2026.
[2026-02-04T10:09:59+0800] Continue in 2s...
[2026-02-04T10:10:01+0800] === ITERATION START ===
T: You've hit your usage limit for Opus You've saved $113 on API model usage this month with Pro+. Switch to a different model or set a Spend Limit to continue with Opus. Your usage limits will reset when your monthly cycle ends on 3/3/2026.
[2026-02-04T10:10:06+0800] Continue in 2s...
[2026-02-04T10:10:08+0800] === ITERATION START ===
T: You've hit your usage limit for Opus You've saved $113 on API model usage this month with Pro+. Switch to a different model or set a Spend Limit to continue with Opus. Your usage limits will reset when your monthly cycle ends on 3/3/2026.
[2026-02-04T10:10:18+0800] Continue in 2s...
[2026-02-04T10:10:20+0800] === ITERATION START ===
T: You've hit your usage limit for Opus You've saved $113 on API model usage this month with Pro+. Switch to a different model or set a Spend Limit to continue with Opus. Your usage limits will reset when your monthly cycle ends on 3/3/2026.
[2026-02-04T10:10:26+0800] Continue in 2s...
[2026-02-04T10:10:28+0800] === ITERATION START ===
T: You've hit your usage limit for Opus You've saved $113 on API model usage this month with Pro+. Switch to a different model or set a Spend Limit to continue with Opus. Your usage limits will reset when your monthly cycle ends on 3/3/2026.
[2026-02-04T10:10:33+0800] Continue in 2s...
[2026-02-04T10:10:35+0800] === ITERATION START ===
T: You've hit your usage limit for Opus You've saved $113 on API model usage this month with Pro+. Switch to a different model or set a Spend Limit to continue with Opus. Your usage limits will reset when your monthly cycle ends on 3/3/2026.
[2026-02-04T10:10:41+0800] Continue in 2s...
[2026-02-04T10:10:43+0800] === ITERATION START ===
T: You've hit your usage limit for Opus You've saved $113 on API model usage this month with Pro+. Switch to a different model or set a Spend Limit to continue with Opus. Your usage limits will reset when your monthly cycle ends on 3/3/2026.
[2026-02-04T10:10:48+0800] Continue in 2s...
[2026-02-04T10:10:50+0800] === ITERATION START ===
T: You've hit your usage limit for Opus You've saved $113 on API model usage this month with Pro+. Switch to a different model or set a Spend Limit to continue with Opus. Your usage limits will reset when your monthly cycle ends on 3/3/2026.
[2026-02-04T10:10:56+0800] Continue in 2s...
[2026-02-04T10:10:58+0800] === ITERATION START ===
T: You've hit your usage limit for Opus You've saved $113 on API model usage this month with Pro+. Switch to a different model or set a Spend Limit to continue with Opus. Your usage limits will reset when your monthly cycle ends on 3/3/2026.
[2026-02-04T10:11:03+0800] Continue in 2s...
[2026-02-04T10:11:05+0800] === ITERATION START ===
T: You've hit your usage limit for Opus You've saved $113 on API model usage this month with Pro+. Switch to a different model or set a Spend Limit to continue with Opus. Your usage limits will reset when your monthly cycle ends on 3/3/2026.
[2026-02-04T10:11:12+0800] Continue in 2s...
[2026-02-04T10:11:14+0800] === ITERATION START ===
T: You've hit your usage limit for Opus You've saved $113 on API model usage this month with Pro+. Switch to a different model or set a Spend Limit to continue with Opus. Your usage limits will reset when your monthly cycle ends on 3/3/2026.
[2026-02-04T10:11:19+0800] Continue in 2s...
[2026-02-04T10:11:21+0800] === ITERATION START ===
T: You've hit your usage limit for Opus You've saved $113 on API model usage this month with Pro+. Switch to a different model or set a Spend Limit to continue with Opus. Your usage limits will reset when your monthly cycle ends on 3/3/2026.
[2026-02-04T10:11:27+0800] Continue in 2s...
[2026-02-04T10:11:29+0800] === ITERATION START ===
T: You've hit your usage limit for Opus You've saved $113 on API model usage this month with Pro+. Switch to a different model or set a Spend Limit to continue with Opus. Your usage limits will reset when your monthly cycle ends on 3/3/2026.
[2026-02-04T10:11:36+0800] Continue in 2s...
[2026-02-04T10:11:38+0800] === ITERATION START ===
T: You've hit your usage limit for Opus You've saved $113 on API model usage this month with Pro+. Switch to a different model or set a Spend Limit to continue with Opus. Your usage limits will reset when your monthly cycle ends on 3/3/2026.
[2026-02-04T10:11:44+0800] Continue in 2s...
[2026-02-04T10:11:46+0800] === ITERATION START ===
T: You've hit your usage limit for Opus You've saved $113 on API model usage this month with Pro+. Switch to a different model or set a Spend Limit to continue with Opus. Your usage limits will reset when your monthly cycle ends on 3/3/2026.
[2026-02-04T10:11:52+0800] Continue in 2s...
[2026-02-04T10:11:54+0800] === ITERATION START ===
T: You've hit your usage limit for Opus You've saved $113 on API model usage this month with Pro+. Switch to a different model or set a Spend Limit to continue with Opus. Your usage limits will reset when your monthly cycle ends on 3/3/2026.
[2026-02-04T10:12:00+0800] Continue in 2s...
[2026-02-04T10:12:02+0800] === ITERATION START ===
T: You've hit your usage limit for Opus You've saved $113 on API model usage this month with Pro+. Switch to a different model or set a Spend Limit to continue with Opus. Your usage limits will reset when your monthly cycle ends on 3/3/2026.
[2026-02-04T10:12:09+0800] Continue in 2s...
[2026-02-04T10:12:11+0800] === ITERATION START ===
T: You've hit your usage limit for Opus You've saved $113 on API model usage this month with Pro+. Switch to a different model or set a Spend Limit to continue with Opus. Your usage limits will reset when your monthly cycle ends on 3/3/2026.
[2026-02-04T10:12:20+0800] Continue in 2s...
[2026-02-04T10:12:22+0800] === ITERATION START ===
T: You've hit your usage limit for Opus You've saved $113 on API model usage this month with Pro+. Switch to a different model or set a Spend Limit to continue with Opus. Your usage limits will reset when your monthly cycle ends on 3/3/2026.
[2026-02-04T10:12:28+0800] Continue in 2s...
[2026-02-04T10:12:30+0800] === ITERATION START ===
T: You've hit your usage limit for Opus You've saved $113 on API model usage this month with Pro+. Switch to a different model or set a Spend Limit to continue with Opus. Your usage limits will reset when your monthly cycle ends on 3/3/2026.
[2026-02-04T10:12:36+0800] Continue in 2s...
[2026-02-04T10:12:38+0800] === ITERATION START ===
T: You've hit your usage limit for Opus You've saved $113 on API model usage this month with Pro+. Switch to a different model or set a Spend Limit to continue with Opus. Your usage limits will reset when your monthly cycle ends on 3/3/2026.
[2026-02-04T10:12:44+0800] Continue in 2s...
[2026-02-04T10:12:46+0800] === ITERATION START ===
T: You've hit your usage limit for Opus You've saved $113 on API model usage this month with Pro+. Switch to a different model or set a Spend Limit to continue with Opus. Your usage limits will reset when your monthly cycle ends on 3/3/2026.
[2026-02-04T10:12:51+0800] Continue in 2s...
[2026-02-04T10:12:54+0800] === ITERATION START ===
T: You've hit your usage limit for Opus You've saved $113 on API model usage this month with Pro+. Switch to a different model or set a Spend Limit to continue with Opus. Your usage limits will reset when your monthly cycle ends on 3/3/2026.
[2026-02-04T10:12:59+0800] Continue in 2s...
[2026-02-04T10:13:01+0800] === ITERATION START ===
T: You've hit your usage limit for Opus You've saved $113 on API model usage this month with Pro+. Switch to a different model or set a Spend Limit to continue with Opus. Your usage limits will reset when your monthly cycle ends on 3/3/2026.
[2026-02-04T10:13:08+0800] Continue in 2s...
[2026-02-04T10:13:10+0800] === ITERATION START ===
T: You've hit your usage limit for Opus You've saved $113 on API model usage this month with Pro+. Switch to a different model or set a Spend Limit to continue with Opus. Your usage limits will reset when your monthly cycle ends on 3/3/2026.
[2026-02-04T10:13:15+0800] Continue in 2s...
[2026-02-04T10:13:18+0800] === ITERATION START ===
T: You've hit your usage limit for Opus You've saved $113 on API model usage this month with Pro+. Switch to a different model or set a Spend Limit to continue with Opus. Your usage limits will reset when your monthly cycle ends on 3/3/2026.
[2026-02-04T10:13:24+0800] Continue in 2s...
[2026-02-04T10:13:26+0800] === ITERATION START ===
T: You've hit your usage limit for Opus You've saved $113 on API model usage this month with Pro+. Switch to a different model or set a Spend Limit to continue with Opus. Your usage limits will reset when your monthly cycle ends on 3/3/2026.
[2026-02-04T10:13:32+0800] Continue in 2s...
[2026-02-04T10:13:34+0800] === ITERATION START ===
T: You've hit your usage limit for Opus You've saved $113 on API model usage this month with Pro+. Switch to a different model or set a Spend Limit to continue with Opus. Your usage limits will reset when your monthly cycle ends on 3/3/2026.
[2026-02-04T10:13:40+0800] Continue in 2s...
[2026-02-04T10:13:42+0800] === ITERATION START ===
T: You've hit your usage limit for Opus You've saved $113 on API model usage this month with Pro+. Switch to a different model or set a Spend Limit to continue with Opus. Your usage limits will reset when your monthly cycle ends on 3/3/2026.
[2026-02-04T10:13:47+0800] Continue in 2s...
[2026-02-04T10:13:49+0800] === ITERATION START ===
T: You've hit your usage limit for Opus You've saved $113 on API model usage this month with Pro+. Switch to a different model or set a Spend Limit to continue with Opus. Your usage limits will reset when your monthly cycle ends on 3/3/2026.
[2026-02-04T10:13:55+0800] Continue in 2s...
[2026-02-04T10:13:57+0800] === ITERATION START ===
T: You've hit your usage limit for Opus You've saved $113 on API model usage this month with Pro+. Switch to a different model or set a Spend Limit to continue with Opus. Your usage limits will reset when your monthly cycle ends on 3/3/2026.
[2026-02-04T10:14:02+0800] Continue in 2s...
[2026-02-04T10:14:04+0800] === ITERATION START ===
T: You've hit your usage limit for Opus You've saved $113 on API model usage this month with Pro+. Switch to a different model or set a Spend Limit to continue with Opus. Your usage limits will reset when your monthly cycle ends on 3/3/2026.
[2026-02-04T10:14:10+0800] Continue in 2s...
[2026-02-04T10:14:12+0800] === ITERATION START ===
T: You've hit your usage limit for Opus You've saved $113 on API model usage this month with Pro+. Switch to a different model or set a Spend Limit to continue with Opus. Your usage limits will reset when your monthly cycle ends on 3/3/2026.
[2026-02-04T10:14:18+0800] Continue in 2s...
[2026-02-04T10:14:20+0800] === ITERATION START ===
T: You've hit your usage limit for Opus You've saved $113 on API model usage this month with Pro+. Switch to a different model or set a Spend Limit to continue with Opus. Your usage limits will reset when your monthly cycle ends on 3/3/2026.
[2026-02-04T10:14:25+0800] Continue in 2s...
[2026-02-04T10:14:28+0800] === ITERATION START ===
T: You've hit your usage limit for Opus You've saved $113 on API model usage this month with Pro+. Switch to a different model or set a Spend Limit to continue with Opus. Your usage limits will reset when your monthly cycle ends on 3/3/2026.
[2026-02-04T10:14:33+0800] Continue in 2s...
[2026-02-04T10:14:35+0800] === ITERATION START ===
T: You've hit your usage limit for Opus You've saved $113 on API model usage this month with Pro+. Switch to a different model or set a Spend Limit to continue with Opus. Your usage limits will reset when your monthly cycle ends on 3/3/2026.
[2026-02-04T10:14:41+0800] Continue in 2s...
[2026-02-04T10:14:43+0800] === ITERATION START ===
T: You've hit your usage limit for Opus You've saved $113 on API model usage this month with Pro+. Switch to a different model or set a Spend Limit to continue with Opus. Your usage limits will reset when your monthly cycle ends on 3/3/2026.
[2026-02-04T10:14:48+0800] Continue in 2s...
[2026-02-04T10:14:51+0800] === ITERATION START ===
T: You've hit your usage limit for Opus You've saved $113 on API model usage this month with Pro+. Switch to a different model or set a Spend Limit to continue with Opus. Your usage limits will reset when your monthly cycle ends on 3/3/2026.
[2026-02-04T10:14:56+0800] Continue in 2s...
[2026-02-04T10:14:58+0800] === ITERATION START ===
T: You've hit your usage limit for Opus You've saved $113 on API model usage this month with Pro+. Switch to a different model or set a Spend Limit to continue with Opus. Your usage limits will reset when your monthly cycle ends on 3/3/2026.
[2026-02-04T10:15:04+0800] Continue in 2s...
[2026-02-04T10:15:06+0800] === ITERATION START ===
T: You've hit your usage limit for Opus You've saved $113 on API model usage this month with Pro+. Switch to a different model or set a Spend Limit to continue with Opus. Your usage limits will reset when your monthly cycle ends on 3/3/2026.
[2026-02-04T10:15:11+0800] Continue in 2s...
[2026-02-04T10:15:13+0800] === ITERATION START ===
T: You've hit your usage limit for Opus You've saved $113 on API model usage this month with Pro+. Switch to a different model or set a Spend Limit to continue with Opus. Your usage limits will reset when your monthly cycle ends on 3/3/2026.
[2026-02-04T10:15:19+0800] Continue in 2s...
[2026-02-04T10:15:21+0800] === ITERATION START ===
T: You've hit your usage limit for Opus You've saved $113 on API model usage this month with Pro+. Switch to a different model or set a Spend Limit to continue with Opus. Your usage limits will reset when your monthly cycle ends on 3/3/2026.
[2026-02-04T10:15:27+0800] Continue in 2s...
[2026-02-04T10:15:29+0800] === ITERATION START ===
T: You've hit your usage limit for Opus You've saved $113 on API model usage this month with Pro+. Switch to a different model or set a Spend Limit to continue with Opus. Your usage limits will reset when your monthly cycle ends on 3/3/2026.
[2026-02-04T10:15:35+0800] Continue in 2s...
[2026-02-04T10:15:37+0800] === ITERATION START ===
T: You've hit your usage limit for Opus You've saved $113 on API model usage this month with Pro+. Switch to a different model or set a Spend Limit to continue with Opus. Your usage limits will reset when your monthly cycle ends on 3/3/2026.
[2026-02-04T10:15:43+0800] Continue in 2s...
[2026-02-04T10:15:45+0800] === ITERATION START ===
T: You've hit your usage limit for Opus You've saved $113 on API model usage this month with Pro+. Switch to a different model or set a Spend Limit to continue with Opus. Your usage limits will reset when your monthly cycle ends on 3/3/2026.
[2026-02-04T10:15:51+0800] Continue in 2s...
[2026-02-04T10:15:53+0800] === ITERATION START ===
T: You've hit your usage limit for Opus You've saved $113 on API model usage this month with Pro+. Switch to a different model or set a Spend Limit to continue with Opus. Your usage limits will reset when your monthly cycle ends on 3/3/2026.
[2026-02-04T10:15:58+0800] Continue in 2s...
[2026-02-04T10:16:01+0800] === ITERATION START ===
T: You've hit your usage limit for Opus You've saved $113 on API model usage this month with Pro+. Switch to a different model or set a Spend Limit to continue with Opus. Your usage limits will reset when your monthly cycle ends on 3/3/2026.
[2026-02-04T10:16:06+0800] Continue in 2s...
[2026-02-04T10:16:08+0800] === ITERATION START ===
T: You've hit your usage limit for Opus You've saved $113 on API model usage this month with Pro+. Switch to a different model or set a Spend Limit to continue with Opus. Your usage limits will reset when your monthly cycle ends on 3/3/2026.
[2026-02-04T10:16:14+0800] Continue in 2s...
[2026-02-04T10:16:16+0800] === ITERATION START ===
T: You've hit your usage limit for Opus You've saved $113 on API model usage this month with Pro+. Switch to a different model or set a Spend Limit to continue with Opus. Your usage limits will reset when your monthly cycle ends on 3/3/2026.
[2026-02-04T10:16:22+0800] Continue in 2s...
[2026-02-04T10:16:24+0800] === ITERATION START ===
T: You've hit your usage limit for Opus You've saved $113 on API model usage this month with Pro+. Switch to a different model or set a Spend Limit to continue with Opus. Your usage limits will reset when your monthly cycle ends on 3/3/2026.
[2026-02-04T10:16:29+0800] Continue in 2s...
[2026-02-04T10:16:32+0800] === ITERATION START ===
T: You've hit your usage limit for Opus You've saved $113 on API model usage this month with Pro+. Switch to a different model or set a Spend Limit to continue with Opus. Your usage limits will reset when your monthly cycle ends on 3/3/2026.
[2026-02-04T10:16:37+0800] Continue in 2s...
[2026-02-04T10:16:39+0800] === ITERATION START ===
T: You've hit your usage limit for Opus You've saved $113 on API model usage this month with Pro+. Switch to a different model or set a Spend Limit to continue with Opus. Your usage limits will reset when your monthly cycle ends on 3/3/2026.
[2026-02-04T10:16:44+0800] Continue in 2s...
[2026-02-04T10:16:47+0800] === ITERATION START ===
T: You've hit your usage limit for Opus You've saved $113 on API model usage this month with Pro+. Switch to a different model or set a Spend Limit to continue with Opus. Your usage limits will reset when your monthly cycle ends on 3/3/2026.
[2026-02-04T10:16:53+0800] Continue in 2s...
[2026-02-04T10:16:55+0800] === ITERATION START ===
T: You've hit your usage limit for Opus You've saved $113 on API model usage this month with Pro+. Switch to a different model or set a Spend Limit to continue with Opus. Your usage limits will reset when your monthly cycle ends on 3/3/2026.
[2026-02-04T10:17:01+0800] Continue in 2s...
[2026-02-04T10:17:03+0800] === ITERATION START ===
T: You've hit your usage limit for Opus You've saved $113 on API model usage this month with Pro+. Switch to a different model or set a Spend Limit to continue with Opus. Your usage limits will reset when your monthly cycle ends on 3/3/2026.
[2026-02-04T10:17:09+0800] Continue in 2s...
[2026-02-04T10:17:11+0800] === ITERATION START ===
T: You've hit your usage limit for Opus You've saved $113 on API model usage this month with Pro+. Switch to a different model or set a Spend Limit to continue with Opus. Your usage limits will reset when your monthly cycle ends on 3/3/2026.
[2026-02-04T10:17:17+0800] Continue in 2s...
[2026-02-04T10:17:19+0800] === ITERATION START ===
T: You've hit your usage limit for Opus You've saved $113 on API model usage this month with Pro+. Switch to a different model or set a Spend Limit to continue with Opus. Your usage limits will reset when your monthly cycle ends on 3/3/2026.
[2026-02-04T10:17:28+0800] Continue in 2s...
[2026-02-04T10:17:30+0800] === ITERATION START ===
T: You've hit your usage limit for Opus You've saved $113 on API model usage this month with Pro+. Switch to a different model or set a Spend Limit to continue with Opus. Your usage limits will reset when your monthly cycle ends on 3/3/2026.
[2026-02-04T10:17:36+0800] Continue in 2s...
[2026-02-04T10:17:38+0800] === ITERATION START ===
T: You've hit your usage limit for Opus You've saved $113 on API model usage this month with Pro+. Switch to a different model or set a Spend Limit to continue with Opus. Your usage limits will reset when your monthly cycle ends on 3/3/2026.
[2026-02-04T10:17:44+0800] Continue in 2s...
[2026-02-04T10:17:46+0800] === ITERATION START ===
T: You've hit your usage limit for Opus You've saved $113 on API model usage this month with Pro+. Switch to a different model or set a Spend Limit to continue with Opus. Your usage limits will reset when your monthly cycle ends on 3/3/2026.
[2026-02-04T10:17:52+0800] Continue in 2s...
[2026-02-04T10:17:54+0800] === ITERATION START ===
T: You've hit your usage limit for Opus You've saved $113 on API model usage this month with Pro+. Switch to a different model or set a Spend Limit to continue with Opus. Your usage limits will reset when your monthly cycle ends on 3/3/2026.
[2026-02-04T10:17:59+0800] Continue in 2s...
[2026-02-04T10:18:01+0800] === ITERATION START ===
T: You've hit your usage limit for Opus You've saved $113 on API model usage this month with Pro+. Switch to a different model or set a Spend Limit to continue with Opus. Your usage limits will reset when your monthly cycle ends on 3/3/2026.
[2026-02-04T10:18:07+0800] Continue in 2s...
[2026-02-04T10:18:09+0800] === ITERATION START ===
T: You've hit your usage limit for Opus You've saved $113 on API model usage this month with Pro+. Switch to a different model or set a Spend Limit to continue with Opus. Your usage limits will reset when your monthly cycle ends on 3/3/2026.
[2026-02-04T10:18:15+0800] Continue in 2s...
[2026-02-04T10:18:17+0800] === ITERATION START ===
T: You've hit your usage limit for Opus You've saved $113 on API model usage this month with Pro+. Switch to a different model or set a Spend Limit to continue with Opus. Your usage limits will reset when your monthly cycle ends on 3/3/2026.
[2026-02-04T10:18:23+0800] Continue in 2s...
[2026-02-04T10:18:25+0800] === ITERATION START ===
T: You've hit your usage limit for Opus You've saved $113 on API model usage this month with Pro+. Switch to a different model or set a Spend Limit to continue with Opus. Your usage limits will reset when your monthly cycle ends on 3/3/2026.
[2026-02-04T10:18:31+0800] Continue in 2s...
[2026-02-04T10:18:33+0800] === ITERATION START ===
T: You've hit your usage limit for Opus You've saved $113 on API model usage this month with Pro+. Switch to a different model or set a Spend Limit to continue with Opus. Your usage limits will reset when your monthly cycle ends on 3/3/2026.
[2026-02-04T10:18:38+0800] Continue in 2s...
[2026-02-04T10:18:40+0800] === ITERATION START ===
T: You've hit your usage limit for Opus You've saved $113 on API model usage this month with Pro+. Switch to a different model or set a Spend Limit to continue with Opus. Your usage limits will reset when your monthly cycle ends on 3/3/2026.
[2026-02-04T10:18:46+0800] Continue in 2s...
[2026-02-04T10:18:48+0800] === ITERATION START ===
T: You've hit your usage limit for Opus You've saved $113 on API model usage this month with Pro+. Switch to a different model or set a Spend Limit to continue with Opus. Your usage limits will reset when your monthly cycle ends on 3/3/2026.
[2026-02-04T10:18:53+0800] Continue in 2s...
[2026-02-04T10:18:56+0800] === ITERATION START ===
T: You've hit your usage limit for Opus You've saved $113 on API model usage this month with Pro+. Switch to a different model or set a Spend Limit to continue with Opus. Your usage limits will reset when your monthly cycle ends on 3/3/2026.
[2026-02-04T10:19:01+0800] Continue in 2s...
[2026-02-04T10:19:03+0800] === ITERATION START ===
T: You've hit your usage limit for Opus You've saved $113 on API model usage this month with Pro+. Switch to a different model or set a Spend Limit to continue with Opus. Your usage limits will reset when your monthly cycle ends on 3/3/2026.
[2026-02-04T10:19:09+0800] Continue in 2s...
[2026-02-04T10:19:11+0800] === ITERATION START ===
T: You've hit your usage limit for Opus You've saved $113 on API model usage this month with Pro+. Switch to a different model or set a Spend Limit to continue with Opus. Your usage limits will reset when your monthly cycle ends on 3/3/2026.
[2026-02-04T10:19:17+0800] Continue in 2s...
[2026-02-04T10:19:19+0800] === ITERATION START ===
T: You've hit your usage limit for Opus You've saved $113 on API model usage this month with Pro+. Switch to a different model or set a Spend Limit to continue with Opus. Your usage limits will reset when your monthly cycle ends on 3/3/2026.
[2026-02-04T10:19:24+0800] Continue in 2s...
[2026-02-04T10:19:26+0800] === ITERATION START ===
T: You've hit your usage limit for Opus You've saved $113 on API model usage this month with Pro+. Switch to a different model or set a Spend Limit to continue with Opus. Your usage limits will reset when your monthly cycle ends on 3/3/2026.
[2026-02-04T10:19:32+0800] Continue in 2s...
[2026-02-04T10:19:34+0800] === ITERATION START ===
T: You've hit your usage limit for Opus You've saved $113 on API model usage this month with Pro+. Switch to a different model or set a Spend Limit to continue with Opus. Your usage limits will reset when your monthly cycle ends on 3/3/2026.
[2026-02-04T10:19:40+0800] Continue in 2s...
[2026-02-04T10:19:43+0800] === ITERATION START ===
T: You've hit your usage limit for Opus You've saved $113 on API model usage this month with Pro+. Switch to a different model or set a Spend Limit to continue with Opus. Your usage limits will reset when your monthly cycle ends on 3/3/2026.
[2026-02-04T10:19:48+0800] Continue in 2s...
[2026-02-04T10:19:50+0800] === ITERATION START ===
T: You've hit your usage limit for Opus You've saved $113 on API model usage this month with Pro+. Switch to a different model or set a Spend Limit to continue with Opus. Your usage limits will reset when your monthly cycle ends on 3/3/2026.
[2026-02-04T10:19:56+0800] Continue in 2s...
[2026-02-04T10:19:58+0800] === ITERATION START ===
T: You've hit your usage limit for Opus You've saved $113 on API model usage this month with Pro+. Switch to a different model or set a Spend Limit to continue with Opus. Your usage limits will reset when your monthly cycle ends on 3/3/2026.
[2026-02-04T10:20:04+0800] Continue in 2s...
[2026-02-04T10:20:07+0800] === ITERATION START ===
T: You've hit your usage limit for Opus You've saved $113 on API model usage this month with Pro+. Switch to a different model or set a Spend Limit to continue with Opus. Your usage limits will reset when your monthly cycle ends on 3/3/2026.
[2026-02-04T10:20:12+0800] Continue in 2s...
[2026-02-04T10:20:14+0800] === ITERATION START ===
T: You've hit your usage limit for Opus You've saved $113 on API model usage this month with Pro+. Switch to a different model or set a Spend Limit to continue with Opus. Your usage limits will reset when your monthly cycle ends on 3/3/2026.
[2026-02-04T10:20:20+0800] Continue in 2s...
[2026-02-04T10:20:22+0800] === ITERATION START ===
T: You've hit your usage limit for Opus You've saved $113 on API model usage this month with Pro+. Switch to a different model or set a Spend Limit to continue with Opus. Your usage limits will reset when your monthly cycle ends on 3/3/2026.
[2026-02-04T10:20:28+0800] Continue in 2s...
[2026-02-04T10:20:30+0800] === ITERATION START ===
T: You've hit your usage limit for Opus You've saved $113 on API model usage this month with Pro+. Switch to a different model or set a Spend Limit to continue with Opus. Your usage limits will reset when your monthly cycle ends on 3/3/2026.
[2026-02-04T10:20:36+0800] Continue in 2s...
[2026-02-04T10:20:38+0800] === ITERATION START ===
T: You've hit your usage limit for Opus You've saved $113 on API model usage this month with Pro+. Switch to a different model or set a Spend Limit to continue with Opus. Your usage limits will reset when your monthly cycle ends on 3/3/2026.
[2026-02-04T10:20:44+0800] Continue in 2s...
[2026-02-04T10:20:46+0800] === ITERATION START ===
T: You've hit your usage limit for Opus You've saved $113 on API model usage this month with Pro+. Switch to a different model or set a Spend Limit to continue with Opus. Your usage limits will reset when your monthly cycle ends on 3/3/2026.
[2026-02-04T10:20:53+0800] Continue in 2s...
[2026-02-04T10:20:55+0800] === ITERATION START ===
T: You've hit your usage limit for Opus You've saved $113 on API model usage this month with Pro+. Switch to a different model or set a Spend Limit to continue with Opus. Your usage limits will reset when your monthly cycle ends on 3/3/2026.
[2026-02-04T10:21:01+0800] Continue in 2s...
[2026-02-04T10:21:03+0800] === ITERATION START ===
T: You've hit your usage limit for Opus You've saved $113 on API model usage this month with Pro+. Switch to a different model or set a Spend Limit to continue with Opus. Your usage limits will reset when your monthly cycle ends on 3/3/2026.
[2026-02-04T10:21:09+0800] Continue in 2s...
[2026-02-04T10:21:12+0800] === ITERATION START ===
T: You've hit your usage limit for Opus You've saved $113 on API model usage this month with Pro+. Switch to a different model or set a Spend Limit to continue with Opus. Your usage limits will reset when your monthly cycle ends on 3/3/2026.
[2026-02-04T10:21:19+0800] Continue in 2s...
[2026-02-04T10:21:21+0800] === ITERATION START ===
T: You've hit your usage limit for Opus You've saved $113 on API model usage this month with Pro+. Switch to a different model or set a Spend Limit to continue with Opus. Your usage limits will reset when your monthly cycle ends on 3/3/2026.
[2026-02-04T10:21:28+0800] Continue in 2s...
[2026-02-04T10:21:30+0800] === ITERATION START ===
T: You've hit your usage limit for Opus You've saved $113 on API model usage this month with Pro+. Switch to a different model or set a Spend Limit to continue with Opus. Your usage limits will reset when your monthly cycle ends on 3/3/2026.
[2026-02-04T10:21:37+0800] Continue in 2s...
[2026-02-04T10:21:39+0800] === ITERATION START ===
T: You've hit your usage limit for Opus You've saved $113 on API model usage this month with Pro+. Switch to a different model or set a Spend Limit to continue with Opus. Your usage limits will reset when your monthly cycle ends on 3/3/2026.
[2026-02-04T10:21:46+0800] Continue in 2s...
[2026-02-04T10:21:48+0800] === ITERATION START ===
T: You've hit your usage limit for Opus You've saved $113 on API model usage this month with Pro+. Switch to a different model or set a Spend Limit to continue with Opus. Your usage limits will reset when your monthly cycle ends on 3/3/2026.
[2026-02-04T10:21:55+0800] Continue in 2s...
[2026-02-04T10:21:57+0800] === ITERATION START ===
T: You've hit your usage limit for Opus You've saved $113 on API model usage this month with Pro+. Switch to a different model or set a Spend Limit to continue with Opus. Your usage limits will reset when your monthly cycle ends on 3/3/2026.
[2026-02-04T10:22:04+0800] Continue in 2s...
[2026-02-04T10:22:06+0800] === ITERATION START ===
T: You've hit your usage limit for Opus You've saved $113 on API model usage this month with Pro+. Switch to a different model or set a Spend Limit to continue with Opus. Your usage limits will reset when your monthly cycle ends on 3/3/2026.
[2026-02-04T10:22:12+0800] Continue in 2s...
[2026-02-04T10:22:14+0800] === ITERATION START ===
T: You've hit your usage limit for Opus You've saved $113 on API model usage this month with Pro+. Switch to a different model or set a Spend Limit to continue with Opus. Your usage limits will reset when your monthly cycle ends on 3/3/2026.
[2026-02-04T10:22:19+0800] Continue in 2s...
[2026-02-04T10:22:21+0800] === ITERATION START ===
T: You've hit your usage limit for Opus You've saved $113 on API model usage this month with Pro+. Switch to a different model or set a Spend Limit to continue with Opus. Your usage limits will reset when your monthly cycle ends on 3/3/2026.
[2026-02-04T10:22:27+0800] Continue in 2s...
[2026-02-04T10:22:30+0800] === ITERATION START ===
T: You've hit your usage limit for Opus You've saved $113 on API model usage this month with Pro+. Switch to a different model or set a Spend Limit to continue with Opus. Your usage limits will reset when your monthly cycle ends on 3/3/2026.
[2026-02-04T10:22:37+0800] Continue in 2s...
[2026-02-04T10:22:39+0800] === ITERATION START ===
T: You've hit your usage limit for Opus You've saved $113 on API model usage this month with Pro+. Switch to a different model or set a Spend Limit to continue with Opus. Your usage limits will reset when your monthly cycle ends on 3/3/2026.
[2026-02-04T10:22:45+0800] Continue in 2s...
[2026-02-04T10:22:47+0800] === ITERATION START ===
T: You've hit your usage limit for Opus You've saved $113 on API model usage this month with Pro+. Switch to a different model or set a Spend Limit to continue with Opus. Your usage limits will reset when your monthly cycle ends on 3/3/2026.
[2026-02-04T10:22:53+0800] Continue in 2s...
[2026-02-04T10:22:55+0800] === ITERATION START ===
T: You've hit your usage limit for Opus You've saved $113 on API model usage this month with Pro+. Switch to a different model or set a Spend Limit to continue with Opus. Your usage limits will reset when your monthly cycle ends on 3/3/2026.
[2026-02-04T10:23:00+0800] Continue in 2s...
[2026-02-04T10:23:02+0800] === ITERATION START ===
T: You've hit your usage limit for Opus You've saved $113 on API model usage this month with Pro+. Switch to a different model or set a Spend Limit to continue with Opus. Your usage limits will reset when your monthly cycle ends on 3/3/2026.
[2026-02-04T10:23:08+0800] Continue in 2s...
[2026-02-04T10:23:10+0800] === ITERATION START ===
T: You've hit your usage limit for Opus You've saved $113 on API model usage this month with Pro+. Switch to a different model or set a Spend Limit to continue with Opus. Your usage limits will reset when your monthly cycle ends on 3/3/2026.
[2026-02-04T10:23:17+0800] Continue in 2s...
[2026-02-04T10:23:19+0800] === ITERATION START ===
T: You've hit your usage limit for Opus You've saved $113 on API model usage this month with Pro+. Switch to a different model or set a Spend Limit to continue with Opus. Your usage limits will reset when your monthly cycle ends on 3/3/2026.
[2026-02-04T10:23:25+0800] Continue in 2s...
[2026-02-04T10:23:27+0800] === ITERATION START ===
T: You've hit your usage limit for Opus You've saved $113 on API model usage this month with Pro+. Switch to a different model or set a Spend Limit to continue with Opus. Your usage limits will reset when your monthly cycle ends on 3/3/2026.
[2026-02-04T10:23:33+0800] Continue in 2s...
[2026-02-04T10:23:35+0800] === ITERATION START ===
T: You've hit your usage limit for Opus You've saved $113 on API model usage this month with Pro+. Switch to a different model or set a Spend Limit to continue with Opus. Your usage limits will reset when your monthly cycle ends on 3/3/2026.
[2026-02-04T10:23:40+0800] Continue in 2s...
[2026-02-04T10:23:42+0800] === ITERATION START ===
T: You've hit your usage limit for Opus You've saved $113 on API model usage this month with Pro+. Switch to a different model or set a Spend Limit to continue with Opus. Your usage limits will reset when your monthly cycle ends on 3/3/2026.
[2026-02-04T10:23:48+0800] Continue in 2s...
[2026-02-04T10:23:50+0800] === ITERATION START ===
T: You've hit your usage limit for Opus You've saved $113 on API model usage this month with Pro+. Switch to a different model or set a Spend Limit to continue with Opus. Your usage limits will reset when your monthly cycle ends on 3/3/2026.
[2026-02-04T10:23:56+0800] Continue in 2s...
[2026-02-04T10:23:58+0800] === ITERATION START ===
T: You've hit your usage limit for Opus You've saved $113 on API model usage this month with Pro+. Switch to a different model or set a Spend Limit to continue with Opus. Your usage limits will reset when your monthly cycle ends on 3/3/2026.
[2026-02-04T10:24:04+0800] Continue in 2s...
[2026-02-04T10:24:06+0800] === ITERATION START ===
Error: ENOENT: no such file or directory, rename '/Users/youfeini/.cursor/cli-config.json.tmp' -> '/Users/youfeini/.cursor/cli-config.json'
[2026-02-04T10:24:10+0800] Continue in 2s...
[2026-02-04T10:24:13+0800] === ITERATION START ===
T: You've hit your usage limit for Opus You've saved $113 on API model usage this month with Pro+. Switch to a different model or set a Spend Limit to continue with Opus. Your usage limits will reset when your monthly cycle ends on 3/3/2026.
[2026-02-04T10:24:19+0800] Continue in 2s...
[2026-02-04T10:24:21+0800] === ITERATION START ===
T: You've hit your usage limit for Opus You've saved $113 on API model usage this month with Pro+. Switch to a different model or set a Spend Limit to continue with Opus. Your usage limits will reset when your monthly cycle ends on 3/3/2026.
[2026-02-04T10:24:27+0800] Continue in 2s...
[2026-02-04T10:24:29+0800] === ITERATION START ===
T: You've hit your usage limit for Opus You've saved $113 on API model usage this month with Pro+. Switch to a different model or set a Spend Limit to continue with Opus. Your usage limits will reset when your monthly cycle ends on 3/3/2026.
[2026-02-04T10:24:34+0800] Continue in 2s...
[2026-02-04T10:24:36+0800] === ITERATION START ===
T: You've hit your usage limit for Opus You've saved $113 on API model usage this month with Pro+. Switch to a different model or set a Spend Limit to continue with Opus. Your usage limits will reset when your monthly cycle ends on 3/3/2026.
[2026-02-04T10:24:42+0800] Continue in 2s...
[2026-02-04T10:24:44+0800] === ITERATION START ===
T: You've hit your usage limit for Opus You've saved $113 on API model usage this month with Pro+. Switch to a different model or set a Spend Limit to continue with Opus. Your usage limits will reset when your monthly cycle ends on 3/3/2026.
[2026-02-04T10:24:50+0800] Continue in 2s...
[2026-02-04T10:24:52+0800] === ITERATION START ===
T: You've hit your usage limit for Opus You've saved $113 on API model usage this month with Pro+. Switch to a different model or set a Spend Limit to continue with Opus. Your usage limits will reset when your monthly cycle ends on 3/3/2026.
[2026-02-04T10:24:57+0800] Continue in 2s...
[2026-02-04T10:24:59+0800] === ITERATION START ===
T: You've hit your usage limit for Opus You've saved $113 on API model usage this month with Pro+. Switch to a different model or set a Spend Limit to continue with Opus. Your usage limits will reset when your monthly cycle ends on 3/3/2026.
[2026-02-04T10:29:35+0800] Continue in 2s...
[2026-02-04T10:29:37+0800] === ITERATION START ===
T: You've hit your usage limit for Opus You've saved $113 on API model usage this month with Pro+. Switch to a different model or set a Spend Limit to continue with Opus. Your usage limits will reset when your monthly cycle ends on 3/3/2026.
[2026-02-04T10:29:42+0800] Continue in 2s...
[2026-02-04T10:29:44+0800] === ITERATION START ===
T: You've hit your usage limit for Opus You've saved $113 on API model usage this month with Pro+. Switch to a different model or set a Spend Limit to continue with Opus. Your usage limits will reset when your monthly cycle ends on 3/3/2026.
[2026-02-04T10:29:50+0800] Continue in 2s...
[2026-02-04T10:29:52+0800] === ITERATION START ===
T: You've hit your usage limit for Opus You've saved $113 on API model usage this month with Pro+. Switch to a different model or set a Spend Limit to continue with Opus. Your usage limits will reset when your monthly cycle ends on 3/3/2026.
[2026-02-04T10:29:58+0800] Continue in 2s...
[2026-02-04T10:30:00+0800] === ITERATION START ===
T: You've hit your usage limit for Opus You've saved $113 on API model usage this month with Pro+. Switch to a different model or set a Spend Limit to continue with Opus. Your usage limits will reset when your monthly cycle ends on 3/3/2026.
[2026-02-04T10:30:05+0800] Continue in 2s...
[2026-02-04T10:30:07+0800] === ITERATION START ===
T: You've hit your usage limit for Opus You've saved $113 on API model usage this month with Pro+. Switch to a different model or set a Spend Limit to continue with Opus. Your usage limits will reset when your monthly cycle ends on 3/3/2026.
[2026-02-04T10:37:11+0800] Continue in 2s...
[2026-02-04T10:37:13+0800] === ITERATION START ===
T: You've hit your usage limit for Opus You've saved $113 on API model usage this month with Pro+. Switch to a different model or set a Spend Limit to continue with Opus. Your usage limits will reset when your monthly cycle ends on 3/3/2026.
[2026-02-04T10:37:20+0800] Continue in 2s...
[2026-02-04T10:37:22+0800] === ITERATION START ===
T: You've hit your usage limit for Opus You've saved $113 on API model usage this month with Pro+. Switch to a different model or set a Spend Limit to continue with Opus. Your usage limits will reset when your monthly cycle ends on 3/3/2026.
[2026-02-04T10:37:28+0800] Continue in 2s...
[2026-02-04T10:37:30+0800] === ITERATION START ===
T: You've hit your usage limit for Opus You've saved $113 on API model usage this month with Pro+. Switch to a different model or set a Spend Limit to continue with Opus. Your usage limits will reset when your monthly cycle ends on 3/3/2026.
[2026-02-04T10:37:35+0800] Continue in 2s...
[2026-02-04T10:37:37+0800] === ITERATION START ===
T: You've hit your usage limit for Opus You've saved $113 on API model usage this month with Pro+. Switch to a different model or set a Spend Limit to continue with Opus. Your usage limits will reset when your monthly cycle ends on 3/3/2026.
[2026-02-04T10:37:43+0800] Continue in 2s...
[2026-02-04T10:37:45+0800] === ITERATION START ===
T: You've hit your usage limit for Opus You've saved $113 on API model usage this month with Pro+. Switch to a different model or set a Spend Limit to continue with Opus. Your usage limits will reset when your monthly cycle ends on 3/3/2026.
[2026-02-04T10:37:51+0800] Continue in 2s...
[2026-02-04T10:37:53+0800] === ITERATION START ===
[2026-02-04T11:10:39+0800] Continue in 2s...
[2026-02-04T11:10:41+0800] === ITERATION START ===
T: You've hit your usage limit for Opus You've saved $113 on API model usage this month with Pro+. Switch to a different model or set a Spend Limit to continue with Opus. Your usage limits will reset when your monthly cycle ends on 3/3/2026.
[2026-02-04T11:10:47+0800] Continue in 2s...
[2026-02-04T11:10:49+0800] === ITERATION START ===
T: You've hit your usage limit for Opus You've saved $113 on API model usage this month with Pro+. Switch to a different model or set a Spend Limit to continue with Opus. Your usage limits will reset when your monthly cycle ends on 3/3/2026.
[2026-02-04T11:10:54+0800] Continue in 2s...
[2026-02-04T11:10:57+0800] === ITERATION START ===
T: You've hit your usage limit for Opus You've saved $113 on API model usage this month with Pro+. Switch to a different model or set a Spend Limit to continue with Opus. Your usage limits will reset when your monthly cycle ends on 3/3/2026.
[2026-02-04T11:11:02+0800] Continue in 2s...
[2026-02-04T11:11:04+0800] === ITERATION START ===
T: You've hit your usage limit for Opus You've saved $113 on API model usage this month with Pro+. Switch to a different model or set a Spend Limit to continue with Opus. Your usage limits will reset when your monthly cycle ends on 3/3/2026.
[2026-02-04T11:11:15+0800] Continue in 2s...
[2026-02-04T11:11:17+0800] === ITERATION START ===
T: You've hit your usage limit for Opus You've saved $113 on API model usage this month with Pro+. Switch to a different model or set a Spend Limit to continue with Opus. Your usage limits will reset when your monthly cycle ends on 3/3/2026.
[2026-02-04T11:11:25+0800] Continue in 2s...
[2026-02-04T11:11:27+0800] === ITERATION START ===
T: You've hit your usage limit for Opus You've saved $113 on API model usage this month with Pro+. Switch to a different model or set a Spend Limit to continue with Opus. Your usage limits will reset when your monthly cycle ends on 3/3/2026.
[2026-02-04T11:11:34+0800] Continue in 2s...
[2026-02-04T11:11:36+0800] === ITERATION START ===
T: You've hit your usage limit for Opus You've saved $113 on API model usage this month with Pro+. Switch to a different model or set a Spend Limit to continue with Opus. Your usage limits will reset when your monthly cycle ends on 3/3/2026.
[2026-02-04T11:11:41+0800] Continue in 2s...
[2026-02-04T11:11:44+0800] === ITERATION START ===
Error: ENOENT: no such file or directory, rename '/Users/youfeini/.cursor/cli-config.json.tmp' -> '/Users/youfeini/.cursor/cli-config.json'
[2026-02-04T11:11:48+0800] Continue in 2s...
[2026-02-04T11:11:50+0800] === ITERATION START ===
T: You've hit your usage limit for Opus You've saved $113 on API model usage this month with Pro+. Switch to a different model or set a Spend Limit to continue with Opus. Your usage limits will reset when your monthly cycle ends on 3/3/2026.
[2026-02-04T11:11:56+0800] Continue in 2s...
[2026-02-04T11:11:58+0800] === ITERATION START ===
T: You've hit your usage limit for Opus You've saved $113 on API model usage this month with Pro+. Switch to a different model or set a Spend Limit to continue with Opus. Your usage limits will reset when your monthly cycle ends on 3/3/2026.
[2026-02-04T11:12:03+0800] Continue in 2s...
[2026-02-04T11:12:05+0800] === ITERATION START ===
T: You've hit your usage limit for Opus You've saved $113 on API model usage this month with Pro+. Switch to a different model or set a Spend Limit to continue with Opus. Your usage limits will reset when your monthly cycle ends on 3/3/2026.
[2026-02-04T11:12:12+0800] Continue in 2s...
[2026-02-04T11:12:14+0800] === ITERATION START ===
T: You've hit your usage limit for Opus You've saved $113 on API model usage this month with Pro+. Switch to a different model or set a Spend Limit to continue with Opus. Your usage limits will reset when your monthly cycle ends on 3/3/2026.
[2026-02-04T11:12:19+0800] Continue in 2s...
[2026-02-04T11:12:21+0800] === ITERATION START ===
T: You've hit your usage limit for Opus You've saved $113 on API model usage this month with Pro+. Switch to a different model or set a Spend Limit to continue with Opus. Your usage limits will reset when your monthly cycle ends on 3/3/2026.
[2026-02-04T11:12:27+0800] Continue in 2s...
[2026-02-04T11:12:29+0800] === ITERATION START ===
T: You've hit your usage limit for Opus You've saved $113 on API model usage this month with Pro+. Switch to a different model or set a Spend Limit to continue with Opus. Your usage limits will reset when your monthly cycle ends on 3/3/2026.
[2026-02-04T11:12:35+0800] Continue in 2s...
[2026-02-04T11:12:37+0800] === ITERATION START ===
T: You've hit your usage limit for Opus You've saved $113 on API model usage this month with Pro+. Switch to a different model or set a Spend Limit to continue with Opus. Your usage limits will reset when your monthly cycle ends on 3/3/2026.
[2026-02-04T11:12:43+0800] Continue in 2s...
[2026-02-04T11:12:45+0800] === ITERATION START ===
T: You've hit your usage limit for Opus You've saved $113 on API model usage this month with Pro+. Switch to a different model or set a Spend Limit to continue with Opus. Your usage limits will reset when your monthly cycle ends on 3/3/2026.
[2026-02-04T11:12:50+0800] Continue in 2s...
[2026-02-04T11:12:52+0800] === ITERATION START ===
T: You've hit your usage limit for Opus You've saved $113 on API model usage this month with Pro+. Switch to a different model or set a Spend Limit to continue with Opus. Your usage limits will reset when your monthly cycle ends on 3/3/2026.
[2026-02-04T11:12:58+0800] Continue in 2s...
[2026-02-04T11:13:00+0800] === ITERATION START ===
T: You've hit your usage limit for Opus You've saved $113 on API model usage this month with Pro+. Switch to a different model or set a Spend Limit to continue with Opus. Your usage limits will reset when your monthly cycle ends on 3/3/2026.
[2026-02-04T11:13:05+0800] Continue in 2s...
[2026-02-04T11:13:07+0800] === ITERATION START ===
T: You've hit your usage limit for Opus You've saved $113 on API model usage this month with Pro+. Switch to a different model or set a Spend Limit to continue with Opus. Your usage limits will reset when your monthly cycle ends on 3/3/2026.
[2026-02-04T11:13:13+0800] Continue in 2s...
[2026-02-04T11:13:15+0800] === ITERATION START ===
T: You've hit your usage limit for Opus You've saved $113 on API model usage this month with Pro+. Switch to a different model or set a Spend Limit to continue with Opus. Your usage limits will reset when your monthly cycle ends on 3/3/2026.
[2026-02-04T11:13:20+0800] Continue in 2s...
[2026-02-04T11:13:22+0800] === ITERATION START ===
T: You've hit your usage limit for Opus You've saved $113 on API model usage this month with Pro+. Switch to a different model or set a Spend Limit to continue with Opus. Your usage limits will reset when your monthly cycle ends on 3/3/2026.
[2026-02-04T11:13:28+0800] Continue in 2s...
[2026-02-04T11:13:30+0800] === ITERATION START ===
T: You've hit your usage limit for Opus You've saved $113 on API model usage this month with Pro+. Switch to a different model or set a Spend Limit to continue with Opus. Your usage limits will reset when your monthly cycle ends on 3/3/2026.
[2026-02-04T11:13:36+0800] Continue in 2s...
[2026-02-04T11:13:38+0800] === ITERATION START ===
T: You've hit your usage limit for Opus You've saved $113 on API model usage this month with Pro+. Switch to a different model or set a Spend Limit to continue with Opus. Your usage limits will reset when your monthly cycle ends on 3/3/2026.
[2026-02-04T11:13:43+0800] Continue in 2s...
[2026-02-04T11:13:45+0800] === ITERATION START ===
T: You've hit your usage limit for Opus You've saved $113 on API model usage this month with Pro+. Switch to a different model or set a Spend Limit to continue with Opus. Your usage limits will reset when your monthly cycle ends on 3/3/2026.
[2026-02-04T11:13:51+0800] Continue in 2s...
[2026-02-04T11:13:53+0800] === ITERATION START ===
T: You've hit your usage limit for Opus You've saved $113 on API model usage this month with Pro+. Switch to a different model or set a Spend Limit to continue with Opus. Your usage limits will reset when your monthly cycle ends on 3/3/2026.
[2026-02-04T11:13:58+0800] Continue in 2s...
[2026-02-04T11:14:00+0800] === ITERATION START ===
T: You've hit your usage limit for Opus You've saved $113 on API model usage this month with Pro+. Switch to a different model or set a Spend Limit to continue with Opus. Your usage limits will reset when your monthly cycle ends on 3/3/2026.
[2026-02-04T11:14:06+0800] Continue in 2s...
[2026-02-04T11:14:08+0800] === ITERATION START ===
T: You've hit your usage limit for Opus You've saved $113 on API model usage this month with Pro+. Switch to a different model or set a Spend Limit to continue with Opus. Your usage limits will reset when your monthly cycle ends on 3/3/2026.
[2026-02-04T11:14:13+0800] Continue in 2s...
[2026-02-04T11:14:15+0800] === ITERATION START ===
T: You've hit your usage limit for Opus You've saved $113 on API model usage this month with Pro+. Switch to a different model or set a Spend Limit to continue with Opus. Your usage limits will reset when your monthly cycle ends on 3/3/2026.
[2026-02-04T11:14:22+0800] Continue in 2s...
[2026-02-04T11:14:24+0800] === ITERATION START ===
T: You've hit your usage limit for Opus You've saved $113 on API model usage this month with Pro+. Switch to a different model or set a Spend Limit to continue with Opus. Your usage limits will reset when your monthly cycle ends on 3/3/2026.
[2026-02-04T11:14:30+0800] Continue in 2s...
[2026-02-04T11:14:32+0800] === ITERATION START ===
T: You've hit your usage limit for Opus You've saved $113 on API model usage this month with Pro+. Switch to a different model or set a Spend Limit to continue with Opus. Your usage limits will reset when your monthly cycle ends on 3/3/2026.
[2026-02-04T11:14:40+0800] Continue in 2s...
[2026-02-04T11:14:42+0800] === ITERATION START ===
T: You've hit your usage limit for Opus You've saved $113 on API model usage this month with Pro+. Switch to a different model or set a Spend Limit to continue with Opus. Your usage limits will reset when your monthly cycle ends on 3/3/2026.
[2026-02-04T11:14:48+0800] Continue in 2s...
[2026-02-04T11:14:50+0800] === ITERATION START ===
T: You've hit your usage limit for Opus You've saved $113 on API model usage this month with Pro+. Switch to a different model or set a Spend Limit to continue with Opus. Your usage limits will reset when your monthly cycle ends on 3/3/2026.
[2026-02-04T11:14:56+0800] Continue in 2s...
[2026-02-04T11:14:58+0800] === ITERATION START ===
T: You've hit your usage limit for Opus You've saved $113 on API model usage this month with Pro+. Switch to a different model or set a Spend Limit to continue with Opus. Your usage limits will reset when your monthly cycle ends on 3/3/2026.
[2026-02-04T11:15:08+0800] Continue in 2s...
[2026-02-04T11:15:10+0800] === ITERATION START ===
T: You've hit your usage limit for Opus You've saved $113 on API model usage this month with Pro+. Switch to a different model or set a Spend Limit to continue with Opus. Your usage limits will reset when your monthly cycle ends on 3/3/2026.
[2026-02-04T11:15:15+0800] Continue in 2s...
[2026-02-04T11:15:17+0800] === ITERATION START ===
T: You've hit your usage limit for Opus You've saved $113 on API model usage this month with Pro+. Switch to a different model or set a Spend Limit to continue with Opus. Your usage limits will reset when your monthly cycle ends on 3/3/2026.
[2026-02-04T11:15:23+0800] Continue in 2s...
[2026-02-04T11:15:25+0800] === ITERATION START ===
T: You've hit your usage limit for Opus You've saved $113 on API model usage this month with Pro+. Switch to a different model or set a Spend Limit to continue with Opus. Your usage limits will reset when your monthly cycle ends on 3/3/2026.
[2026-02-04T11:15:32+0800] Continue in 2s...
[2026-02-04T11:15:34+0800] === ITERATION START ===
T: You've hit your usage limit for Opus You've saved $113 on API model usage this month with Pro+. Switch to a different model or set a Spend Limit to continue with Opus. Your usage limits will reset when your monthly cycle ends on 3/3/2026.
[2026-02-04T11:15:41+0800] Continue in 2s...
[2026-02-04T11:15:43+0800] === ITERATION START ===
T: You've hit your usage limit for Opus You've saved $113 on API model usage this month with Pro+. Switch to a different model or set a Spend Limit to continue with Opus. Your usage limits will reset when your monthly cycle ends on 3/3/2026.
[2026-02-04T11:15:48+0800] Continue in 2s...
[2026-02-04T11:15:51+0800] === ITERATION START ===
T: You've hit your usage limit for Opus You've saved $113 on API model usage this month with Pro+. Switch to a different model or set a Spend Limit to continue with Opus. Your usage limits will reset when your monthly cycle ends on 3/3/2026.
[2026-02-04T11:15:58+0800] Continue in 2s...
[2026-02-04T11:16:00+0800] === ITERATION START ===
T: You've hit your usage limit for Opus You've saved $113 on API model usage this month with Pro+. Switch to a different model or set a Spend Limit to continue with Opus. Your usage limits will reset when your monthly cycle ends on 3/3/2026.
[2026-02-04T11:16:10+0800] Continue in 2s...
[2026-02-04T11:16:12+0800] === ITERATION START ===
T: You've hit your usage limit for Opus You've saved $113 on API model usage this month with Pro+. Switch to a different model or set a Spend Limit to continue with Opus. Your usage limits will reset when your monthly cycle ends on 3/3/2026.
[2026-02-04T11:16:17+0800] Continue in 2s...
[2026-02-04T11:16:20+0800] === ITERATION START ===
T: You've hit your usage limit for Opus You've saved $113 on API model usage this month with Pro+. Switch to a different model or set a Spend Limit to continue with Opus. Your usage limits will reset when your monthly cycle ends on 3/3/2026.
[2026-02-04T11:16:27+0800] Continue in 2s...
[2026-02-04T11:16:29+0800] === ITERATION START ===
T: You've hit your usage limit for Opus You've saved $113 on API model usage this month with Pro+. Switch to a different model or set a Spend Limit to continue with Opus. Your usage limits will reset when your monthly cycle ends on 3/3/2026.
[2026-02-04T11:16:36+0800] Continue in 2s...
[2026-02-04T11:16:38+0800] === ITERATION START ===
T: You've hit your usage limit for Opus You've saved $113 on API model usage this month with Pro+. Switch to a different model or set a Spend Limit to continue with Opus. Your usage limits will reset when your monthly cycle ends on 3/3/2026.
[2026-02-04T11:16:44+0800] Continue in 2s...
[2026-02-04T11:16:46+0800] === ITERATION START ===
T: You've hit your usage limit for Opus You've saved $113 on API model usage this month with Pro+. Switch to a different model or set a Spend Limit to continue with Opus. Your usage limits will reset when your monthly cycle ends on 3/3/2026.
[2026-02-04T11:16:51+0800] Continue in 2s...
[2026-02-04T11:16:54+0800] === ITERATION START ===
T: You've hit your usage limit for Opus You've saved $113 on API model usage this month with Pro+. Switch to a different model or set a Spend Limit to continue with Opus. Your usage limits will reset when your monthly cycle ends on 3/3/2026.
[2026-02-04T11:16:59+0800] Continue in 2s...
[2026-02-04T11:17:01+0800] === ITERATION START ===
T: You've hit your usage limit for Opus You've saved $113 on API model usage this month with Pro+. Switch to a different model or set a Spend Limit to continue with Opus. Your usage limits will reset when your monthly cycle ends on 3/3/2026.
[2026-02-04T11:17:06+0800] Continue in 2s...
[2026-02-04T11:17:09+0800] === ITERATION START ===
T: You've hit your usage limit for Opus You've saved $113 on API model usage this month with Pro+. Switch to a different model or set a Spend Limit to continue with Opus. Your usage limits will reset when your monthly cycle ends on 3/3/2026.
[2026-02-04T11:17:15+0800] Continue in 2s...
[2026-02-04T11:17:17+0800] === ITERATION START ===
T: You've hit your usage limit for Opus You've saved $113 on API model usage this month with Pro+. Switch to a different model or set a Spend Limit to continue with Opus. Your usage limits will reset when your monthly cycle ends on 3/3/2026.
[2026-02-04T11:17:22+0800] Continue in 2s...
[2026-02-04T11:17:24+0800] === ITERATION START ===
T: You've hit your usage limit for Opus You've saved $113 on API model usage this month with Pro+. Switch to a different model or set a Spend Limit to continue with Opus. Your usage limits will reset when your monthly cycle ends on 3/3/2026.
[2026-02-04T11:17:30+0800] Continue in 2s...
[2026-02-04T11:17:32+0800] === ITERATION START ===
T: You've hit your usage limit for Opus You've saved $113 on API model usage this month with Pro+. Switch to a different model or set a Spend Limit to continue with Opus. Your usage limits will reset when your monthly cycle ends on 3/3/2026.
[2026-02-04T11:17:40+0800] Continue in 2s...
[2026-02-04T11:17:42+0800] === ITERATION START ===
T: You've hit your usage limit for Opus You've saved $113 on API model usage this month with Pro+. Switch to a different model or set a Spend Limit to continue with Opus. Your usage limits will reset when your monthly cycle ends on 3/3/2026.
[2026-02-04T11:17:48+0800] Continue in 2s...
[2026-02-04T11:17:50+0800] === ITERATION START ===
T: You've hit your usage limit for Opus You've saved $113 on API model usage this month with Pro+. Switch to a different model or set a Spend Limit to continue with Opus. Your usage limits will reset when your monthly cycle ends on 3/3/2026.
[2026-02-04T11:17:58+0800] Continue in 2s...
[2026-02-04T11:18:00+0800] === ITERATION START ===
T: You've hit your usage limit for Opus You've saved $113 on API model usage this month with Pro+. Switch to a different model or set a Spend Limit to continue with Opus. Your usage limits will reset when your monthly cycle ends on 3/3/2026.
[2026-02-04T11:18:10+0800] Continue in 2s...
[2026-02-04T11:18:12+0800] === ITERATION START ===
T: You've hit your usage limit for Opus You've saved $113 on API model usage this month with Pro+. Switch to a different model or set a Spend Limit to continue with Opus. Your usage limits will reset when your monthly cycle ends on 3/3/2026.
[2026-02-04T11:18:22+0800] Continue in 2s...
[2026-02-04T11:18:24+0800] === ITERATION START ===
T: You've hit your usage limit for Opus You've saved $113 on API model usage this month with Pro+. Switch to a different model or set a Spend Limit to continue with Opus. Your usage limits will reset when your monthly cycle ends on 3/3/2026.
[2026-02-04T11:18:31+0800] Continue in 2s...
[2026-02-04T11:18:33+0800] === ITERATION START ===
T: You've hit your usage limit for Opus You've saved $113 on API model usage this month with Pro+. Switch to a different model or set a Spend Limit to continue with Opus. Your usage limits will reset when your monthly cycle ends on 3/3/2026.
[2026-02-04T11:18:45+0800] Continue in 2s...
[2026-02-04T11:18:47+0800] === ITERATION START ===
T: You've hit your usage limit for Opus You've saved $113 on API model usage this month with Pro+. Switch to a different model or set a Spend Limit to continue with Opus. Your usage limits will reset when your monthly cycle ends on 3/3/2026.
[2026-02-04T11:18:53+0800] Continue in 2s...
[2026-02-04T11:18:56+0800] === ITERATION START ===
T: You've hit your usage limit for Opus You've saved $113 on API model usage this month with Pro+. Switch to a different model or set a Spend Limit to continue with Opus. Your usage limits will reset when your monthly cycle ends on 3/3/2026.
[2026-02-04T11:19:03+0800] Continue in 2s...
[2026-02-04T11:19:05+0800] === ITERATION START ===
T: You've hit your usage limit for Opus You've saved $113 on API model usage this month with Pro+. Switch to a different model or set a Spend Limit to continue with Opus. Your usage limits will reset when your monthly cycle ends on 3/3/2026.
[2026-02-04T11:19:13+0800] Continue in 2s...
[2026-02-04T11:19:15+0800] === ITERATION START ===
T: You've hit your usage limit for Opus You've saved $113 on API model usage this month with Pro+. Switch to a different model or set a Spend Limit to continue with Opus. Your usage limits will reset when your monthly cycle ends on 3/3/2026.
[2026-02-04T11:19:23+0800] Continue in 2s...
[2026-02-04T11:19:25+0800] === ITERATION START ===
T: You've hit your usage limit for Opus You've saved $113 on API model usage this month with Pro+. Switch to a different model or set a Spend Limit to continue with Opus. Your usage limits will reset when your monthly cycle ends on 3/3/2026.
[2026-02-04T11:19:32+0800] Continue in 2s...
[2026-02-04T11:19:34+0800] === ITERATION START ===
T: You've hit your usage limit for Opus You've saved $113 on API model usage this month with Pro+. Switch to a different model or set a Spend Limit to continue with Opus. Your usage limits will reset when your monthly cycle ends on 3/3/2026.
[2026-02-04T11:19:41+0800] Continue in 2s...
[2026-02-04T11:19:43+0800] === ITERATION START ===
T: You've hit your usage limit for Opus You've saved $113 on API model usage this month with Pro+. Switch to a different model or set a Spend Limit to continue with Opus. Your usage limits will reset when your monthly cycle ends on 3/3/2026.
[2026-02-04T11:19:50+0800] Continue in 2s...
[2026-02-04T11:19:52+0800] === ITERATION START ===
T: You've hit your usage limit for Opus You've saved $113 on API model usage this month with Pro+. Switch to a different model or set a Spend Limit to continue with Opus. Your usage limits will reset when your monthly cycle ends on 3/3/2026.
[2026-02-04T11:20:02+0800] Continue in 2s...
[2026-02-04T11:20:04+0800] === ITERATION START ===
T: You've hit your usage limit for Opus You've saved $113 on API model usage this month with Pro+. Switch to a different model or set a Spend Limit to continue with Opus. Your usage limits will reset when your monthly cycle ends on 3/3/2026.
[2026-02-04T11:20:11+0800] Continue in 2s...
[2026-02-04T11:20:13+0800] === ITERATION START ===
T: You've hit your usage limit for Opus You've saved $113 on API model usage this month with Pro+. Switch to a different model or set a Spend Limit to continue with Opus. Your usage limits will reset when your monthly cycle ends on 3/3/2026.
[2026-02-04T11:20:20+0800] Continue in 2s...
[2026-02-04T11:20:22+0800] === ITERATION START ===
T: You've hit your usage limit for Opus You've saved $113 on API model usage this month with Pro+. Switch to a different model or set a Spend Limit to continue with Opus. Your usage limits will reset when your monthly cycle ends on 3/3/2026.
[2026-02-04T11:20:31+0800] Continue in 2s...
[2026-02-04T11:20:33+0800] === ITERATION START ===
T: You've hit your usage limit for Opus You've saved $114 on API model usage this month with Pro+. Switch to a different model or set a Spend Limit to continue with Opus. Your usage limits will reset when your monthly cycle ends on 3/3/2026.
[2026-02-04T11:20:45+0800] Continue in 2s...
[2026-02-04T11:20:47+0800] === ITERATION START ===
T: You've hit your usage limit for Opus You've saved $114 on API model usage this month with Pro+. Switch to a different model or set a Spend Limit to continue with Opus. Your usage limits will reset when your monthly cycle ends on 3/3/2026.
[2026-02-04T11:20:54+0800] Continue in 2s...
[2026-02-04T11:20:56+0800] === ITERATION START ===
T: You've hit your usage limit for Opus You've saved $114 on API model usage this month with Pro+. Switch to a different model or set a Spend Limit to continue with Opus. Your usage limits will reset when your monthly cycle ends on 3/3/2026.
[2026-02-04T11:21:05+0800] Continue in 2s...
[2026-02-04T11:21:07+0800] === ITERATION START ===
T: You've hit your usage limit for Opus You've saved $114 on API model usage this month with Pro+. Switch to a different model or set a Spend Limit to continue with Opus. Your usage limits will reset when your monthly cycle ends on 3/3/2026.
[2026-02-04T11:21:15+0800] Continue in 2s...
[2026-02-04T11:21:17+0800] === ITERATION START ===
[2026-02-04T11:21:22+0800] clawdbot started. CLI=agent (stop: touch /Users/youfeini/Desktop/文档生成系统/build/clawdbot/STOP) (done: /Users/youfeini/Desktop/文档生成系统/build/clawdbot/DONE)
[2026-02-04T11:21:22+0800] === ITERATION START ===
T: You've hit your usage limit for Opus You've saved $114 on API model usage this month with Pro+. Switch to a different model or set a Spend Limit to continue with Opus. Your usage limits will reset when your monthly cycle ends on 3/3/2026.
[2026-02-04T11:21:31+0800] Continue in 2s...
[2026-02-04T11:21:34+0800] === ITERATION START ===
T: You've hit your usage limit for Opus You've saved $114 on API model usage this month with Pro+. Switch to a different model or set a Spend Limit to continue with Opus. Your usage limits will reset when your monthly cycle ends on 3/3/2026.
[2026-02-04T11:21:44+0800] Continue in 2s...
[2026-02-04T11:21:46+0800] === ITERATION START ===
T: You've hit your usage limit for Opus You've saved $114 on API model usage this month with Pro+. Switch to a different model or set a Spend Limit to continue with Opus. Your usage limits will reset when your monthly cycle ends on 3/3/2026.
[2026-02-04T11:21:55+0800] Continue in 2s...
[2026-02-04T11:21:57+0800] === ITERATION START ===
T: You've hit your usage limit for Opus You've saved $114 on API model usage this month with Pro+. Switch to a different model or set a Spend Limit to continue with Opus. Your usage limits will reset when your monthly cycle ends on 3/3/2026.
[2026-02-04T11:22:08+0800] Continue in 2s...
[2026-02-04T11:22:10+0800] === ITERATION START ===
T: You've hit your usage limit for Opus You've saved $114 on API model usage this month with Pro+. Switch to a different model or set a Spend Limit to continue with Opus. Your usage limits will reset when your monthly cycle ends on 3/3/2026.
[2026-02-04T11:22:17+0800] Continue in 2s...
[2026-02-04T11:22:19+0800] === ITERATION START ===
T: You've hit your usage limit for Opus You've saved $114 on API model usage this month with Pro+. Switch to a different model or set a Spend Limit to continue with Opus. Your usage limits will reset when your monthly cycle ends on 3/3/2026.
[2026-02-04T11:22:25+0800] Continue in 2s...
[2026-02-04T11:22:27+0800] === ITERATION START ===
T: You've hit your usage limit for Opus You've saved $114 on API model usage this month with Pro+. Switch to a different model or set a Spend Limit to continue with Opus. Your usage limits will reset when your monthly cycle ends on 3/3/2026.
[2026-02-04T11:22:32+0800] Continue in 2s...
[2026-02-04T11:22:34+0800] === ITERATION START ===
T: You've hit your usage limit for Opus You've saved $114 on API model usage this month with Pro+. Switch to a different model or set a Spend Limit to continue with Opus. Your usage limits will reset when your monthly cycle ends on 3/3/2026.
[2026-02-04T11:22:41+0800] Continue in 2s...
[2026-02-04T11:22:43+0800] === ITERATION START ===
T: You've hit your usage limit for Opus You've saved $114 on API model usage this month with Pro+. Switch to a different model or set a Spend Limit to continue with Opus. Your usage limits will reset when your monthly cycle ends on 3/3/2026.
[2026-02-04T11:22:48+0800] Continue in 2s...
[2026-02-04T11:22:51+0800] === ITERATION START ===
T: You've hit your usage limit for Opus You've saved $114 on API model usage this month with Pro+. Switch to a different model or set a Spend Limit to continue with Opus. Your usage limits will reset when your monthly cycle ends on 3/3/2026.
[2026-02-04T11:22:56+0800] Continue in 2s...
[2026-02-04T11:22:58+0800] === ITERATION START ===
T: You've hit your usage limit for Opus You've saved $114 on API model usage this month with Pro+. Switch to a different model or set a Spend Limit to continue with Opus. Your usage limits will reset when your monthly cycle ends on 3/3/2026.
[2026-02-04T11:23:04+0800] Continue in 2s...
[2026-02-04T11:23:06+0800] === ITERATION START ===
T: You've hit your usage limit for Opus You've saved $114 on API model usage this month with Pro+. Switch to a different model or set a Spend Limit to continue with Opus. Your usage limits will reset when your monthly cycle ends on 3/3/2026.
[2026-02-04T11:23:12+0800] Continue in 2s...
[2026-02-04T11:23:14+0800] === ITERATION START ===
T: You've hit your usage limit for Opus You've saved $114 on API model usage this month with Pro+. Switch to a different model or set a Spend Limit to continue with Opus. Your usage limits will reset when your monthly cycle ends on 3/3/2026.
[2026-02-04T11:23:19+0800] Continue in 2s...
[2026-02-04T11:23:21+0800] === ITERATION START ===
T: You've hit your usage limit for Opus You've saved $114 on API model usage this month with Pro+. Switch to a different model or set a Spend Limit to continue with Opus. Your usage limits will reset when your monthly cycle ends on 3/3/2026.
[2026-02-04T11:23:27+0800] Continue in 2s...
[2026-02-04T11:23:29+0800] === ITERATION START ===
T: You've hit your usage limit for Opus You've saved $114 on API model usage this month with Pro+. Switch to a different model or set a Spend Limit to continue with Opus. Your usage limits will reset when your monthly cycle ends on 3/3/2026.
[2026-02-04T11:23:35+0800] Continue in 2s...
[2026-02-04T11:23:37+0800] === ITERATION START ===
T: You've hit your usage limit for Opus You've saved $114 on API model usage this month with Pro+. Switch to a different model or set a Spend Limit to continue with Opus. Your usage limits will reset when your monthly cycle ends on 3/3/2026.
[2026-02-04T11:23:48+0800] Continue in 2s...
[2026-02-04T11:23:50+0800] === ITERATION START ===
T: You've hit your usage limit for Opus You've saved $114 on API model usage this month with Pro+. Switch to a different model or set a Spend Limit to continue with Opus. Your usage limits will reset when your monthly cycle ends on 3/3/2026.
[2026-02-04T11:23:56+0800] Continue in 2s...
[2026-02-04T11:23:58+0800] === ITERATION START ===
T: You've hit your usage limit for Opus You've saved $114 on API model usage this month with Pro+. Switch to a different model or set a Spend Limit to continue with Opus. Your usage limits will reset when your monthly cycle ends on 3/3/2026.
[2026-02-04T11:24:05+0800] Continue in 2s...
[2026-02-04T11:24:07+0800] === ITERATION START ===
T: You've hit your usage limit for Opus You've saved $114 on API model usage this month with Pro+. Switch to a different model or set a Spend Limit to continue with Opus. Your usage limits will reset when your monthly cycle ends on 3/3/2026.
[2026-02-04T11:24:13+0800] Continue in 2s...
[2026-02-04T11:24:15+0800] === ITERATION START ===
T: You've hit your usage limit for Opus You've saved $114 on API model usage this month with Pro+. Switch to a different model or set a Spend Limit to continue with Opus. Your usage limits will reset when your monthly cycle ends on 3/3/2026.
[2026-02-04T11:24:22+0800] Continue in 2s...
[2026-02-04T11:24:24+0800] === ITERATION START ===
T: You've hit your usage limit for Opus You've saved $114 on API model usage this month with Pro+. Switch to a different model or set a Spend Limit to continue with Opus. Your usage limits will reset when your monthly cycle ends on 3/3/2026.
[2026-02-04T11:24:33+0800] Continue in 2s...
[2026-02-04T11:24:35+0800] === ITERATION START ===
T: You've hit your usage limit for Opus You've saved $114 on API model usage this month with Pro+. Switch to a different model or set a Spend Limit to continue with Opus. Your usage limits will reset when your monthly cycle ends on 3/3/2026.
[2026-02-04T11:24:44+0800] Continue in 2s...
[2026-02-04T11:24:46+0800] === ITERATION START ===
T: You've hit your usage limit for Opus You've saved $114 on API model usage this month with Pro+. Switch to a different model or set a Spend Limit to continue with Opus. Your usage limits will reset when your monthly cycle ends on 3/3/2026.
[2026-02-04T11:24:53+0800] Continue in 2s...
[2026-02-04T11:24:54+0800] clawdbot started. CLI=agent (stop: touch /Users/youfeini/Desktop/文档生成系统/build/clawdbot/STOP) (done: /Users/youfeini/Desktop/文档生成系统/build/clawdbot/DONE)
[2026-02-04T11:24:54+0800] === ITERATION START ===
T: You've hit your usage limit for Opus You've saved $114 on API model usage this month with Pro+. Switch to a different model or set a Spend Limit to continue with Opus. Your usage limits will reset when your monthly cycle ends on 3/3/2026.
[2026-02-04T11:25:01+0800] Continue in 2s...
[2026-02-04T11:25:04+0800] === ITERATION START ===
T: You've hit your usage limit for Opus You've saved $114 on API model usage this month with Pro+. Switch to a different model or set a Spend Limit to continue with Opus. Your usage limits will reset when your monthly cycle ends on 3/3/2026.
[2026-02-04T11:25:10+0800] Continue in 2s...
[2026-02-04T11:25:12+0800] === ITERATION START ===
T: You've hit your usage limit for Opus You've saved $114 on API model usage this month with Pro+. Switch to a different model or set a Spend Limit to continue with Opus. Your usage limits will reset when your monthly cycle ends on 3/3/2026.
[2026-02-04T11:25:18+0800] Continue in 2s...
[2026-02-04T11:25:20+0800] === ITERATION START ===
T: You've hit your usage limit for Opus You've saved $114 on API model usage this month with Pro+. Switch to a different model or set a Spend Limit to continue with Opus. Your usage limits will reset when your monthly cycle ends on 3/3/2026.
[2026-02-04T11:25:26+0800] Continue in 2s...
[2026-02-04T11:25:28+0800] === ITERATION START ===
T: You've hit your usage limit for Opus You've saved $114 on API model usage this month with Pro+. Switch to a different model or set a Spend Limit to continue with Opus. Your usage limits will reset when your monthly cycle ends on 3/3/2026.
[2026-02-04T11:25:34+0800] Continue in 2s...
[2026-02-04T11:25:36+0800] === ITERATION START ===
T: You've hit your usage limit for Opus You've saved $114 on API model usage this month with Pro+. Switch to a different model or set a Spend Limit to continue with Opus. Your usage limits will reset when your monthly cycle ends on 3/3/2026.
[2026-02-04T11:25:42+0800] Continue in 2s...
[2026-02-04T11:25:44+0800] === ITERATION START ===
T: You've hit your usage limit for Opus You've saved $114 on API model usage this month with Pro+. Switch to a different model or set a Spend Limit to continue with Opus. Your usage limits will reset when your monthly cycle ends on 3/3/2026.
[2026-02-04T11:25:50+0800] Continue in 2s...
[2026-02-04T11:25:52+0800] === ITERATION START ===
T: You've hit your usage limit for Opus You've saved $114 on API model usage this month with Pro+. Switch to a different model or set a Spend Limit to continue with Opus. Your usage limits will reset when your monthly cycle ends on 3/3/2026.
[2026-02-04T11:25:57+0800] Continue in 2s...
[2026-02-04T11:25:59+0800] === ITERATION START ===
T: You've hit your usage limit for Opus You've saved $114 on API model usage this month with Pro+. Switch to a different model or set a Spend Limit to continue with Opus. Your usage limits will reset when your monthly cycle ends on 3/3/2026.
[2026-02-04T11:26:07+0800] Continue in 2s...
[2026-02-04T11:26:09+0800] === ITERATION START ===
T: You've hit your usage limit for Opus You've saved $114 on API model usage this month with Pro+. Switch to a different model or set a Spend Limit to continue with Opus. Your usage limits will reset when your monthly cycle ends on 3/3/2026.
[2026-02-04T11:26:15+0800] Continue in 2s...
[2026-02-04T11:26:17+0800] === ITERATION START ===
T: You've hit your usage limit for Opus You've saved $114 on API model usage this month with Pro+. Switch to a different model or set a Spend Limit to continue with Opus. Your usage limits will reset when your monthly cycle ends on 3/3/2026.
[2026-02-04T11:26:22+0800] Continue in 2s...
[2026-02-04T11:26:24+0800] === ITERATION START ===
T: You've hit your usage limit for Opus You've saved $114 on API model usage this month with Pro+. Switch to a different model or set a Spend Limit to continue with Opus. Your usage limits will reset when your monthly cycle ends on 3/3/2026.
[2026-02-04T11:26:30+0800] Continue in 2s...
[2026-02-04T11:26:32+0800] === ITERATION START ===
T: You've hit your usage limit for Opus You've saved $114 on API model usage this month with Pro+. Switch to a different model or set a Spend Limit to continue with Opus. Your usage limits will reset when your monthly cycle ends on 3/3/2026.
[2026-02-04T11:26:38+0800] Continue in 2s...
[2026-02-04T11:26:40+0800] === ITERATION START ===
T: You've hit your usage limit for Opus You've saved $114 on API model usage this month with Pro+. Switch to a different model or set a Spend Limit to continue with Opus. Your usage limits will reset when your monthly cycle ends on 3/3/2026.
[2026-02-04T11:26:45+0800] Continue in 2s...
[2026-02-04T11:26:47+0800] === ITERATION START ===
T: You've hit your usage limit for Opus You've saved $114 on API model usage this month with Pro+. Switch to a different model or set a Spend Limit to continue with Opus. Your usage limits will reset when your monthly cycle ends on 3/3/2026.
[2026-02-04T11:26:53+0800] Continue in 2s...
[2026-02-04T11:26:55+0800] === ITERATION START ===
T: You've hit your usage limit for Opus You've saved $114 on API model usage this month with Pro+. Switch to a different model or set a Spend Limit to continue with Opus. Your usage limits will reset when your monthly cycle ends on 3/3/2026.
[2026-02-04T11:27:01+0800] Continue in 2s...
[2026-02-04T11:27:03+0800] === ITERATION START ===
T: You've hit your usage limit for Opus You've saved $114 on API model usage this month with Pro+. Switch to a different model or set a Spend Limit to continue with Opus. Your usage limits will reset when your monthly cycle ends on 3/3/2026.
[2026-02-04T11:27:08+0800] Continue in 2s...
[2026-02-04T11:27:10+0800] === ITERATION START ===
T: You've hit your usage limit for Opus You've saved $114 on API model usage this month with Pro+. Switch to a different model or set a Spend Limit to continue with Opus. Your usage limits will reset when your monthly cycle ends on 3/3/2026.
[2026-02-04T11:27:16+0800] Continue in 2s...
[2026-02-04T11:27:18+0800] === ITERATION START ===
T: You've hit your usage limit for Opus You've saved $114 on API model usage this month with Pro+. Switch to a different model or set a Spend Limit to continue with Opus. Your usage limits will reset when your monthly cycle ends on 3/3/2026.
[2026-02-04T11:27:24+0800] Continue in 2s...
[2026-02-04T11:27:26+0800] === ITERATION START ===
T: You've hit your usage limit for Opus You've saved $114 on API model usage this month with Pro+. Switch to a different model or set a Spend Limit to continue with Opus. Your usage limits will reset when your monthly cycle ends on 3/3/2026.
[2026-02-04T11:27:31+0800] Continue in 2s...
[2026-02-04T11:27:33+0800] === ITERATION START ===
T: You've hit your usage limit for Opus You've saved $114 on API model usage this month with Pro+. Switch to a different model or set a Spend Limit to continue with Opus. Your usage limits will reset when your monthly cycle ends on 3/3/2026.
[2026-02-04T11:27:39+0800] Continue in 2s...
[2026-02-04T11:27:41+0800] === ITERATION START ===
T: You've hit your usage limit for Opus You've saved $114 on API model usage this month with Pro+. Switch to a different model or set a Spend Limit to continue with Opus. Your usage limits will reset when your monthly cycle ends on 3/3/2026.
[2026-02-04T11:27:47+0800] Continue in 2s...
[2026-02-04T11:27:49+0800] === ITERATION START ===
T: You've hit your usage limit for Opus You've saved $114 on API model usage this month with Pro+. Switch to a different model or set a Spend Limit to continue with Opus. Your usage limits will reset when your monthly cycle ends on 3/3/2026.
[2026-02-04T11:27:55+0800] Continue in 2s...
[2026-02-04T11:27:57+0800] === ITERATION START ===
T: You've hit your usage limit for Opus You've saved $114 on API model usage this month with Pro+. Switch to a different model or set a Spend Limit to continue with Opus. Your usage limits will reset when your monthly cycle ends on 3/3/2026.
[2026-02-04T11:28:02+0800] Continue in 2s...
[2026-02-04T11:28:05+0800] === ITERATION START ===
T: You've hit your usage limit for Opus You've saved $114 on API model usage this month with Pro+. Switch to a different model or set a Spend Limit to continue with Opus. Your usage limits will reset when your monthly cycle ends on 3/3/2026.
[2026-02-04T11:28:10+0800] Continue in 2s...
[2026-02-04T11:28:12+0800] === ITERATION START ===
T: You've hit your usage limit for Opus You've saved $114 on API model usage this month with Pro+. Switch to a different model or set a Spend Limit to continue with Opus. Your usage limits will reset when your monthly cycle ends on 3/3/2026.
[2026-02-04T11:28:18+0800] Continue in 2s...
[2026-02-04T11:28:20+0800] === ITERATION START ===
T: You've hit your usage limit for Opus You've saved $114 on API model usage this month with Pro+. Switch to a different model or set a Spend Limit to continue with Opus. Your usage limits will reset when your monthly cycle ends on 3/3/2026.
[2026-02-04T11:28:27+0800] Continue in 2s...
[2026-02-04T11:28:29+0800] === ITERATION START ===
T: You've hit your usage limit for Opus You've saved $114 on API model usage this month with Pro+. Switch to a different model or set a Spend Limit to continue with Opus. Your usage limits will reset when your monthly cycle ends on 3/3/2026.
[2026-02-04T11:28:35+0800] Continue in 2s...
[2026-02-04T11:28:37+0800] === ITERATION START ===
T: You've hit your usage limit for Opus You've saved $114 on API model usage this month with Pro+. Switch to a different model or set a Spend Limit to continue with Opus. Your usage limits will reset when your monthly cycle ends on 3/3/2026.
[2026-02-04T11:28:43+0800] Continue in 2s...
[2026-02-04T11:28:45+0800] === ITERATION START ===
T: You've hit your usage limit for Opus You've saved $114 on API model usage this month with Pro+. Switch to a different model or set a Spend Limit to continue with Opus. Your usage limits will reset when your monthly cycle ends on 3/3/2026.
[2026-02-04T11:28:57+0800] Continue in 2s...
[2026-02-04T11:28:59+0800] === ITERATION START ===
T: You've hit your usage limit for Opus You've saved $114 on API model usage this month with Pro+. Switch to a different model or set a Spend Limit to continue with Opus. Your usage limits will reset when your monthly cycle ends on 3/3/2026.
[2026-02-04T11:29:05+0800] Continue in 2s...
[2026-02-04T11:29:07+0800] === ITERATION START ===
T: You've hit your usage limit for Opus You've saved $114 on API model usage this month with Pro+. Switch to a different model or set a Spend Limit to continue with Opus. Your usage limits will reset when your monthly cycle ends on 3/3/2026.
[2026-02-04T11:29:14+0800] Continue in 2s...
[2026-02-04T11:29:16+0800] === ITERATION START ===
T: You've hit your usage limit for Opus You've saved $114 on API model usage this month with Pro+. Switch to a different model or set a Spend Limit to continue with Opus. Your usage limits will reset when your monthly cycle ends on 3/3/2026.
[2026-02-04T11:29:22+0800] Continue in 2s...
[2026-02-04T11:29:24+0800] === ITERATION START ===
T: You've hit your usage limit for Opus You've saved $114 on API model usage this month with Pro+. Switch to a different model or set a Spend Limit to continue with Opus. Your usage limits will reset when your monthly cycle ends on 3/3/2026.
[2026-02-04T11:29:29+0800] Continue in 2s...
[2026-02-04T11:29:32+0800] === ITERATION START ===
[2026-02-04T11:29:42+0800] clawdbot started. CLI=agent (stop: touch /Users/youfeini/Desktop/文档生成系统/build/clawdbot/STOP) (done: /Users/youfeini/Desktop/文档生成系统/build/clawdbot/DONE)
[2026-02-04T11:29:42+0800] === ITERATION START ===
T: You've hit your usage limit for Opus You've saved $114 on API model usage this month with Pro+. Switch to a different model or set a Spend Limit to continue with Opus. Your usage limits will reset when your monthly cycle ends on 3/3/2026.
[2026-02-04T11:29:48+0800] Continue in 2s...
[2026-02-04T11:29:50+0800] === ITERATION START ===
T: You've hit your usage limit for Opus You've saved $114 on API model usage this month with Pro+. Switch to a different model or set a Spend Limit to continue with Opus. Your usage limits will reset when your monthly cycle ends on 3/3/2026.
[2026-02-04T11:29:59+0800] Continue in 2s...
[2026-02-04T11:30:01+0800] === ITERATION START ===
Error: ENOENT: no such file or directory, rename '/Users/youfeini/.cursor/cli-config.json.tmp' -> '/Users/youfeini/.cursor/cli-config.json'
[2026-02-04T11:30:06+0800] Continue in 2s...
[2026-02-04T11:30:08+0800] === ITERATION START ===
T: You've hit your usage limit for Opus You've saved $114 on API model usage this month with Pro+. Switch to a different model or set a Spend Limit to continue with Opus. Your usage limits will reset when your monthly cycle ends on 3/3/2026.
[2026-02-04T11:30:13+0800] Continue in 2s...
[2026-02-04T11:30:15+0800] === ITERATION START ===
T: You've hit your usage limit for Opus You've saved $114 on API model usage this month with Pro+. Switch to a different model or set a Spend Limit to continue with Opus. Your usage limits will reset when your monthly cycle ends on 3/3/2026.
[2026-02-04T11:30:21+0800] Continue in 2s...
[2026-02-04T11:30:23+0800] === ITERATION START ===
T: You've hit your usage limit for Opus You've saved $114 on API model usage this month with Pro+. Switch to a different model or set a Spend Limit to continue with Opus. Your usage limits will reset when your monthly cycle ends on 3/3/2026.
[2026-02-04T11:30:31+0800] Continue in 2s...
[2026-02-04T11:30:33+0800] === ITERATION START ===
T: You've hit your usage limit for Opus You've saved $114 on API model usage this month with Pro+. Switch to a different model or set a Spend Limit to continue with Opus. Your usage limits will reset when your monthly cycle ends on 3/3/2026.
[2026-02-04T11:30:40+0800] Continue in 2s...
[2026-02-04T11:30:42+0800] === ITERATION START ===
T: You've hit your usage limit for Opus You've saved $114 on API model usage this month with Pro+. Switch to a different model or set a Spend Limit to continue with Opus. Your usage limits will reset when your monthly cycle ends on 3/3/2026.
[2026-02-04T11:30:49+0800] Continue in 2s...
[2026-02-04T11:30:51+0800] === ITERATION START ===
T: You've hit your usage limit for Opus You've saved $114 on API model usage this month with Pro+. Switch to a different model or set a Spend Limit to continue with Opus. Your usage limits will reset when your monthly cycle ends on 3/3/2026.
[2026-02-04T11:31:00+0800] Continue in 2s...
[2026-02-04T11:31:02+0800] === ITERATION START ===
T: You've hit your usage limit for Opus You've saved $114 on API model usage this month with Pro+. Switch to a different model or set a Spend Limit to continue with Opus. Your usage limits will reset when your monthly cycle ends on 3/3/2026.
[2026-02-04T11:31:08+0800] Continue in 2s...
[2026-02-04T11:31:10+0800] === ITERATION START ===
T: You've hit your usage limit for Opus You've saved $114 on API model usage this month with Pro+. Switch to a different model or set a Spend Limit to continue with Opus. Your usage limits will reset when your monthly cycle ends on 3/3/2026.
[2026-02-04T11:31:18+0800] Continue in 2s...
[2026-02-04T11:31:20+0800] === ITERATION START ===
T: You've hit your usage limit for Opus You've saved $114 on API model usage this month with Pro+. Switch to a different model or set a Spend Limit to continue with Opus. Your usage limits will reset when your monthly cycle ends on 3/3/2026.
[2026-02-04T11:31:28+0800] Continue in 2s...
[2026-02-04T11:31:30+0800] === ITERATION START ===
T: You've hit your usage limit for Opus You've saved $114 on API model usage this month with Pro+. Switch to a different model or set a Spend Limit to continue with Opus. Your usage limits will reset when your monthly cycle ends on 3/3/2026.
[2026-02-04T11:31:39+0800] Continue in 2s...
[2026-02-04T11:31:41+0800] === ITERATION START ===
T: You've hit your usage limit for Opus You've saved $114 on API model usage this month with Pro+. Switch to a different model or set a Spend Limit to continue with Opus. Your usage limits will reset when your monthly cycle ends on 3/3/2026.
[2026-02-04T11:31:47+0800] Continue in 2s...
[2026-02-04T11:31:49+0800] === ITERATION START ===
T: You've hit your usage limit for Opus You've saved $114 on API model usage this month with Pro+. Switch to a different model or set a Spend Limit to continue with Opus. Your usage limits will reset when your monthly cycle ends on 3/3/2026.
[2026-02-04T11:31:55+0800] Continue in 2s...
[2026-02-04T11:31:57+0800] === ITERATION START ===
T: You've hit your usage limit for Opus You've saved $114 on API model usage this month with Pro+. Switch to a different model or set a Spend Limit to continue with Opus. Your usage limits will reset when your monthly cycle ends on 3/3/2026.
[2026-02-04T11:32:04+0800] Continue in 2s...
[2026-02-04T11:32:06+0800] === ITERATION START ===
[2026-02-04T11:32:10+0800] clawdbot started. CLI=agent (stop: touch /Users/youfeini/Desktop/文档生成系统/build/clawdbot/STOP) (done: /Users/youfeini/Desktop/文档生成系统/build/clawdbot/DONE)
[2026-02-04T11:32:10+0800] === ITERATION START ===
T: You've hit your usage limit for Opus You've saved $114 on API model usage this month with Pro+. Switch to a different model or set a Spend Limit to continue with Opus. Your usage limits will reset when your monthly cycle ends on 3/3/2026.
[2026-02-04T11:32:17+0800] Continue in 2s...
[2026-02-04T11:32:19+0800] === ITERATION START ===
T: You've hit your usage limit for Opus You've saved $114 on API model usage this month with Pro+. Switch to a different model or set a Spend Limit to continue with Opus. Your usage limits will reset when your monthly cycle ends on 3/3/2026.
[2026-02-04T11:32:28+0800] Continue in 2s...
[2026-02-04T11:32:30+0800] === ITERATION START ===
T: You've hit your usage limit for Opus You've saved $114 on API model usage this month with Pro+. Switch to a different model or set a Spend Limit to continue with Opus. Your usage limits will reset when your monthly cycle ends on 3/3/2026.
[2026-02-04T11:32:36+0800] Continue in 2s...
[2026-02-04T11:32:38+0800] === ITERATION START ===
T: You've hit your usage limit for Opus You've saved $114 on API model usage this month with Pro+. Switch to a different model or set a Spend Limit to continue with Opus. Your usage limits will reset when your monthly cycle ends on 3/3/2026.
[2026-02-04T11:32:44+0800] Continue in 2s...
[2026-02-04T11:32:46+0800] === ITERATION START ===
T: You've hit your usage limit for Opus You've saved $114 on API model usage this month with Pro+. Switch to a different model or set a Spend Limit to continue with Opus. Your usage limits will reset when your monthly cycle ends on 3/3/2026.
[2026-02-04T11:32:52+0800] Continue in 2s...
[2026-02-04T11:32:54+0800] === ITERATION START ===
T: You've hit your usage limit for Opus You've saved $114 on API model usage this month with Pro+. Switch to a different model or set a Spend Limit to continue with Opus. Your usage limits will reset when your monthly cycle ends on 3/3/2026.
[2026-02-04T11:33:01+0800] Continue in 2s...
[2026-02-04T11:33:03+0800] === ITERATION START ===
T: You've hit your usage limit for Opus You've saved $114 on API model usage this month with Pro+. Switch to a different model or set a Spend Limit to continue with Opus. Your usage limits will reset when your monthly cycle ends on 3/3/2026.
[2026-02-04T11:33:10+0800] Continue in 2s...
[2026-02-04T11:33:12+0800] === ITERATION START ===
T: You've hit your usage limit for Opus You've saved $114 on API model usage this month with Pro+. Switch to a different model or set a Spend Limit to continue with Opus. Your usage limits will reset when your monthly cycle ends on 3/3/2026.
[2026-02-04T11:33:18+0800] Continue in 2s...
[2026-02-04T11:33:20+0800] === ITERATION START ===
T: You've hit your usage limit for Opus You've saved $114 on API model usage this month with Pro+. Switch to a different model or set a Spend Limit to continue with Opus. Your usage limits will reset when your monthly cycle ends on 3/3/2026.
[2026-02-04T11:33:26+0800] Continue in 2s...
[2026-02-04T11:33:28+0800] === ITERATION START ===
T: You've hit your usage limit for Opus You've saved $115 on API model usage this month with Pro+. Switch to a different model or set a Spend Limit to continue with Opus. Your usage limits will reset when your monthly cycle ends on 3/3/2026.
[2026-02-04T11:33:34+0800] Continue in 2s...
[2026-02-04T11:33:36+0800] === ITERATION START ===
T: You've hit your usage limit for Opus You've saved $115 on API model usage this month with Pro+. Switch to a different model or set a Spend Limit to continue with Opus. Your usage limits will reset when your monthly cycle ends on 3/3/2026.
[2026-02-04T11:33:42+0800] Continue in 2s...
[2026-02-04T11:33:44+0800] === ITERATION START ===
T: You've hit your usage limit for Opus You've saved $115 on API model usage this month with Pro+. Switch to a different model or set a Spend Limit to continue with Opus. Your usage limits will reset when your monthly cycle ends on 3/3/2026.
[2026-02-04T11:33:50+0800] Continue in 2s...
[2026-02-04T11:33:52+0800] === ITERATION START ===
T: You've hit your usage limit for Opus You've saved $115 on API model usage this month with Pro+. Switch to a different model or set a Spend Limit to continue with Opus. Your usage limits will reset when your monthly cycle ends on 3/3/2026.
[2026-02-04T11:33:59+0800] Continue in 2s...
[2026-02-04T11:34:01+0800] === ITERATION START ===
T: You've hit your usage limit for Opus You've saved $115 on API model usage this month with Pro+. Switch to a different model or set a Spend Limit to continue with Opus. Your usage limits will reset when your monthly cycle ends on 3/3/2026.
[2026-02-04T11:34:07+0800] Continue in 2s...
[2026-02-04T11:34:09+0800] === ITERATION START ===
T: You've hit your usage limit for Opus You've saved $115 on API model usage this month with Pro+. Switch to a different model or set a Spend Limit to continue with Opus. Your usage limits will reset when your monthly cycle ends on 3/3/2026.
[2026-02-04T11:34:15+0800] Continue in 2s...
[2026-02-04T11:34:17+0800] === ITERATION START ===
T: You've hit your usage limit for Opus You've saved $115 on API model usage this month with Pro+. Switch to a different model or set a Spend Limit to continue with Opus. Your usage limits will reset when your monthly cycle ends on 3/3/2026.
[2026-02-04T11:34:23+0800] Continue in 2s...
[2026-02-04T11:34:25+0800] === ITERATION START ===
T: You've hit your usage limit for Opus You've saved $115 on API model usage this month with Pro+. Switch to a different model or set a Spend Limit to continue with Opus. Your usage limits will reset when your monthly cycle ends on 3/3/2026.
[2026-02-04T11:34:37+0800] Continue in 2s...
[2026-02-04T11:34:39+0800] === ITERATION START ===
T: You've hit your usage limit for Opus You've saved $115 on API model usage this month with Pro+. Switch to a different model or set a Spend Limit to continue with Opus. Your usage limits will reset when your monthly cycle ends on 3/3/2026.
[2026-02-04T11:34:49+0800] Continue in 2s...
[2026-02-04T11:34:51+0800] === ITERATION START ===
T: You've hit your usage limit for Opus You've saved $115 on API model usage this month with Pro+. Switch to a different model or set a Spend Limit to continue with Opus. Your usage limits will reset when your monthly cycle ends on 3/3/2026.
[2026-02-04T11:34:58+0800] Continue in 2s...
[2026-02-04T11:35:00+0800] === ITERATION START ===
T: You've hit your usage limit for Opus You've saved $115 on API model usage this month with Pro+. Switch to a different model or set a Spend Limit to continue with Opus. Your usage limits will reset when your monthly cycle ends on 3/3/2026.
[2026-02-04T11:35:06+0800] Continue in 2s...
[2026-02-04T11:35:08+0800] === ITERATION START ===
T: You've hit your usage limit for Opus You've saved $115 on API model usage this month with Pro+. Switch to a different model or set a Spend Limit to continue with Opus. Your usage limits will reset when your monthly cycle ends on 3/3/2026.
[2026-02-04T11:35:16+0800] Continue in 2s...
[2026-02-04T11:35:18+0800] === ITERATION START ===
T: You've hit your usage limit for Opus You've saved $115 on API model usage this month with Pro+. Switch to a different model or set a Spend Limit to continue with Opus. Your usage limits will reset when your monthly cycle ends on 3/3/2026.
[2026-02-04T11:35:25+0800] Continue in 2s...
[2026-02-04T11:35:27+0800] === ITERATION START ===
[2026-02-04T11:35:37+0800] clawdbot started. CLI=agent (stop: touch /Users/youfeini/Desktop/文档生成系统/build/clawdbot/STOP) (done: /Users/youfeini/Desktop/文档生成系统/build/clawdbot/DONE)
[2026-02-04T11:35:37+0800] === ITERATION START ===
T: You've hit your usage limit for Opus You've saved $115 on API model usage this month with Pro+. Switch to a different model or set a Spend Limit to continue with Opus. Your usage limits will reset when your monthly cycle ends on 3/3/2026.
[2026-02-04T11:35:43+0800] Continue in 2s...
[2026-02-04T11:35:45+0800] === ITERATION START ===
T: You've hit your usage limit for Opus You've saved $115 on API model usage this month with Pro+. Switch to a different model or set a Spend Limit to continue with Opus. Your usage limits will reset when your monthly cycle ends on 3/3/2026.
[2026-02-04T11:35:52+0800] Continue in 2s...
[2026-02-04T11:35:54+0800] === ITERATION START ===
T: You've hit your usage limit for Opus You've saved $115 on API model usage this month with Pro+. Switch to a different model or set a Spend Limit to continue with Opus. Your usage limits will reset when your monthly cycle ends on 3/3/2026.
[2026-02-04T11:36:01+0800] Continue in 2s...
[2026-02-04T11:36:03+0800] === ITERATION START ===
T: You've hit your usage limit for Opus You've saved $115 on API model usage this month with Pro+. Switch to a different model or set a Spend Limit to continue with Opus. Your usage limits will reset when your monthly cycle ends on 3/3/2026.
[2026-02-04T11:36:10+0800] Continue in 2s...
[2026-02-04T11:36:12+0800] === ITERATION START ===
T: You've hit your usage limit for Opus You've saved $115 on API model usage this month with Pro+. Switch to a different model or set a Spend Limit to continue with Opus. Your usage limits will reset when your monthly cycle ends on 3/3/2026.
[2026-02-04T11:36:18+0800] Continue in 2s...
[2026-02-04T11:36:20+0800] === ITERATION START ===
T: You've hit your usage limit for Opus You've saved $115 on API model usage this month with Pro+. Switch to a different model or set a Spend Limit to continue with Opus. Your usage limits will reset when your monthly cycle ends on 3/3/2026.
[2026-02-04T11:36:26+0800] Continue in 2s...
[2026-02-04T11:36:28+0800] === ITERATION START ===
T: You've hit your usage limit for Opus You've saved $115 on API model usage this month with Pro+. Switch to a different model or set a Spend Limit to continue with Opus. Your usage limits will reset when your monthly cycle ends on 3/3/2026.
[2026-02-04T11:36:34+0800] Continue in 2s...
[2026-02-04T11:36:36+0800] === ITERATION START ===
T: You've hit your usage limit for Opus You've saved $115 on API model usage this month with Pro+. Switch to a different model or set a Spend Limit to continue with Opus. Your usage limits will reset when your monthly cycle ends on 3/3/2026.
[2026-02-04T11:36:42+0800] Continue in 2s...
[2026-02-04T11:36:45+0800] === ITERATION START ===
T: You've hit your usage limit for Opus You've saved $115 on API model usage this month with Pro+. Switch to a different model or set a Spend Limit to continue with Opus. Your usage limits will reset when your monthly cycle ends on 3/3/2026.
[2026-02-04T11:36:57+0800] Continue in 2s...
[2026-02-04T11:36:59+0800] === ITERATION START ===
T: You've hit your usage limit for Opus You've saved $115 on API model usage this month with Pro+. Switch to a different model or set a Spend Limit to continue with Opus. Your usage limits will reset when your monthly cycle ends on 3/3/2026.
[2026-02-04T11:37:05+0800] Continue in 2s...
[2026-02-04T11:37:07+0800] === ITERATION START ===
T: You've hit your usage limit for Opus You've saved $115 on API model usage this month with Pro+. Switch to a different model or set a Spend Limit to continue with Opus. Your usage limits will reset when your monthly cycle ends on 3/3/2026.
[2026-02-04T11:37:14+0800] Continue in 2s...
[2026-02-04T11:37:16+0800] === ITERATION START ===
T: You've hit your usage limit for Opus You've saved $115 on API model usage this month with Pro+. Switch to a different model or set a Spend Limit to continue with Opus. Your usage limits will reset when your monthly cycle ends on 3/3/2026.
[2026-02-04T11:37:22+0800] Continue in 2s...
[2026-02-04T11:37:24+0800] === ITERATION START ===
T: You've hit your usage limit for Opus You've saved $115 on API model usage this month with Pro+. Switch to a different model or set a Spend Limit to continue with Opus. Your usage limits will reset when your monthly cycle ends on 3/3/2026.
[2026-02-04T11:37:29+0800] Continue in 2s...
[2026-02-04T11:37:32+0800] === ITERATION START ===
T: You've hit your usage limit for Opus You've saved $115 on API model usage this month with Pro+. Switch to a different model or set a Spend Limit to continue with Opus. Your usage limits will reset when your monthly cycle ends on 3/3/2026.
[2026-02-04T11:37:38+0800] Continue in 2s...
[2026-02-04T11:37:40+0800] === ITERATION START ===
T: You've hit your usage limit for Opus You've saved $115 on API model usage this month with Pro+. Switch to a different model or set a Spend Limit to continue with Opus. Your usage limits will reset when your monthly cycle ends on 3/3/2026.
[2026-02-04T11:37:50+0800] Continue in 2s...
[2026-02-04T11:37:53+0800] === ITERATION START ===
T: You've hit your usage limit for Opus You've saved $115 on API model usage this month with Pro+. Switch to a different model or set a Spend Limit to continue with Opus. Your usage limits will reset when your monthly cycle ends on 3/3/2026.
[2026-02-04T11:37:58+0800] Continue in 2s...
[2026-02-04T11:38:00+0800] === ITERATION START ===
T: You've hit your usage limit for Opus You've saved $115 on API model usage this month with Pro+. Switch to a different model or set a Spend Limit to continue with Opus. Your usage limits will reset when your monthly cycle ends on 3/3/2026.
[2026-02-04T11:38:06+0800] Continue in 2s...
[2026-02-04T11:38:08+0800] === ITERATION START ===
T: You've hit your usage limit for Opus You've saved $115 on API model usage this month with Pro+. Switch to a different model or set a Spend Limit to continue with Opus. Your usage limits will reset when your monthly cycle ends on 3/3/2026.
[2026-02-04T11:38:16+0800] Continue in 2s...
[2026-02-04T11:38:18+0800] === ITERATION START ===
T: You've hit your usage limit for Opus You've saved $115 on API model usage this month with Pro+. Switch to a different model or set a Spend Limit to continue with Opus. Your usage limits will reset when your monthly cycle ends on 3/3/2026.
[2026-02-04T11:38:25+0800] Continue in 2s...
[2026-02-04T11:38:27+0800] === ITERATION START ===
T: You've hit your usage limit for Opus You've saved $115 on API model usage this month with Pro+. Switch to a different model or set a Spend Limit to continue with Opus. Your usage limits will reset when your monthly cycle ends on 3/3/2026.
[2026-02-04T11:38:35+0800] Continue in 2s...
[2026-02-04T11:38:37+0800] === ITERATION START ===
T: You've hit your usage limit for Opus You've saved $115 on API model usage this month with Pro+. Switch to a different model or set a Spend Limit to continue with Opus. Your usage limits will reset when your monthly cycle ends on 3/3/2026.
[2026-02-04T11:38:43+0800] Continue in 2s...
[2026-02-04T11:38:45+0800] === ITERATION START ===
T: You've hit your usage limit for Opus You've saved $115 on API model usage this month with Pro+. Switch to a different model or set a Spend Limit to continue with Opus. Your usage limits will reset when your monthly cycle ends on 3/3/2026.
[2026-02-04T11:38:51+0800] Continue in 2s...
[2026-02-04T11:38:53+0800] === ITERATION START ===
T: You've hit your usage limit for Opus You've saved $115 on API model usage this month with Pro+. Switch to a different model or set a Spend Limit to continue with Opus. Your usage limits will reset when your monthly cycle ends on 3/3/2026.
[2026-02-04T11:39:00+0800] Continue in 2s...
[2026-02-04T11:39:02+0800] === ITERATION START ===
T: You've hit your usage limit for Opus You've saved $115 on API model usage this month with Pro+. Switch to a different model or set a Spend Limit to continue with Opus. Your usage limits will reset when your monthly cycle ends on 3/3/2026.
[2026-02-04T11:39:08+0800] Continue in 2s...
[2026-02-04T11:39:10+0800] === ITERATION START ===
T: You've hit your usage limit for Opus You've saved $115 on API model usage this month with Pro+. Switch to a different model or set a Spend Limit to continue with Opus. Your usage limits will reset when your monthly cycle ends on 3/3/2026.
[2026-02-04T11:39:16+0800] Continue in 2s...
[2026-02-04T11:39:18+0800] === ITERATION START ===
T: You've hit your usage limit for Opus You've saved $115 on API model usage this month with Pro+. Switch to a different model or set a Spend Limit to continue with Opus. Your usage limits will reset when your monthly cycle ends on 3/3/2026.
[2026-02-04T11:39:25+0800] Continue in 2s...
[2026-02-04T11:39:27+0800] === ITERATION START ===
T: You've hit your usage limit for Opus You've saved $115 on API model usage this month with Pro+. Switch to a different model or set a Spend Limit to continue with Opus. Your usage limits will reset when your monthly cycle ends on 3/3/2026.
[2026-02-04T11:39:32+0800] Continue in 2s...
[2026-02-04T11:39:34+0800] === ITERATION START ===
T: You've hit your usage limit for Opus You've saved $115 on API model usage this month with Pro+. Switch to a different model or set a Spend Limit to continue with Opus. Your usage limits will reset when your monthly cycle ends on 3/3/2026.
[2026-02-04T11:39:40+0800] Continue in 2s...
[2026-02-04T11:39:42+0800] === ITERATION START ===
T: You've hit your usage limit for Opus You've saved $115 on API model usage this month with Pro+. Switch to a different model or set a Spend Limit to continue with Opus. Your usage limits will reset when your monthly cycle ends on 3/3/2026.
[2026-02-04T11:39:48+0800] Continue in 2s...
[2026-02-04T11:39:50+0800] === ITERATION START ===
T: You've hit your usage limit for Opus You've saved $115 on API model usage this month with Pro+. Switch to a different model or set a Spend Limit to continue with Opus. Your usage limits will reset when your monthly cycle ends on 3/3/2026.
[2026-02-04T11:39:56+0800] Continue in 2s...
[2026-02-04T11:39:58+0800] === ITERATION START ===
T: You've hit your usage limit for Opus You've saved $115 on API model usage this month with Pro+. Switch to a different model or set a Spend Limit to continue with Opus. Your usage limits will reset when your monthly cycle ends on 3/3/2026.
[2026-02-04T11:40:03+0800] Continue in 2s...
[2026-02-04T11:40:05+0800] === ITERATION START ===
T: You've hit your usage limit for Opus You've saved $115 on API model usage this month with Pro+. Switch to a different model or set a Spend Limit to continue with Opus. Your usage limits will reset when your monthly cycle ends on 3/3/2026.
[2026-02-04T11:40:15+0800] Continue in 2s...
[2026-02-04T11:40:17+0800] === ITERATION START ===
T: You've hit your usage limit for Opus You've saved $115 on API model usage this month with Pro+. Switch to a different model or set a Spend Limit to continue with Opus. Your usage limits will reset when your monthly cycle ends on 3/3/2026.
[2026-02-04T11:40:23+0800] Continue in 2s...
[2026-02-04T11:40:25+0800] === ITERATION START ===
T: You've hit your usage limit for Opus You've saved $115 on API model usage this month with Pro+. Switch to a different model or set a Spend Limit to continue with Opus. Your usage limits will reset when your monthly cycle ends on 3/3/2026.
[2026-02-04T11:40:33+0800] Continue in 2s...
[2026-02-04T11:40:35+0800] === ITERATION START ===
T: You've hit your usage limit for Opus You've saved $115 on API model usage this month with Pro+. Switch to a different model or set a Spend Limit to continue with Opus. Your usage limits will reset when your monthly cycle ends on 3/3/2026.
[2026-02-04T11:40:41+0800] Continue in 2s...
[2026-02-04T11:40:43+0800] === ITERATION START ===
T: You've hit your usage limit for Opus You've saved $115 on API model usage this month with Pro+. Switch to a different model or set a Spend Limit to continue with Opus. Your usage limits will reset when your monthly cycle ends on 3/3/2026.
[2026-02-04T11:40:49+0800] Continue in 2s...
[2026-02-04T11:40:51+0800] === ITERATION START ===
T: You've hit your usage limit for Opus You've saved $115 on API model usage this month with Pro+. Switch to a different model or set a Spend Limit to continue with Opus. Your usage limits will reset when your monthly cycle ends on 3/3/2026.
[2026-02-04T11:40:56+0800] Continue in 2s...
[2026-02-04T11:40:59+0800] === ITERATION START ===
T: You've hit your usage limit for Opus You've saved $115 on API model usage this month with Pro+. Switch to a different model or set a Spend Limit to continue with Opus. Your usage limits will reset when your monthly cycle ends on 3/3/2026.
[2026-02-04T11:41:05+0800] Continue in 2s...
[2026-02-04T11:41:07+0800] === ITERATION START ===
T: You've hit your usage limit for Opus You've saved $115 on API model usage this month with Pro+. Switch to a different model or set a Spend Limit to continue with Opus. Your usage limits will reset when your monthly cycle ends on 3/3/2026.
[2026-02-04T11:41:13+0800] Continue in 2s...
[2026-02-04T11:41:15+0800] === ITERATION START ===
T: You've hit your usage limit for Opus You've saved $115 on API model usage this month with Pro+. Switch to a different model or set a Spend Limit to continue with Opus. Your usage limits will reset when your monthly cycle ends on 3/3/2026.
[2026-02-04T11:41:23+0800] Continue in 2s...
[2026-02-04T11:41:25+0800] === ITERATION START ===
T: You've hit your usage limit for Opus You've saved $115 on API model usage this month with Pro+. Switch to a different model or set a Spend Limit to continue with Opus. Your usage limits will reset when your monthly cycle ends on 3/3/2026.
[2026-02-04T11:41:33+0800] Continue in 2s...
[2026-02-04T11:41:35+0800] === ITERATION START ===
T: You've hit your usage limit for Opus You've saved $115 on API model usage this month with Pro+. Switch to a different model or set a Spend Limit to continue with Opus. Your usage limits will reset when your monthly cycle ends on 3/3/2026.
[2026-02-04T11:41:42+0800] Continue in 2s...
[2026-02-04T11:41:44+0800] === ITERATION START ===
T: You've hit your usage limit for Opus You've saved $115 on API model usage this month with Pro+. Switch to a different model or set a Spend Limit to continue with Opus. Your usage limits will reset when your monthly cycle ends on 3/3/2026.
[2026-02-04T11:41:50+0800] Continue in 2s...
[2026-02-04T11:41:53+0800] === ITERATION START ===
T: You've hit your usage limit for Opus You've saved $115 on API model usage this month with Pro+. Switch to a different model or set a Spend Limit to continue with Opus. Your usage limits will reset when your monthly cycle ends on 3/3/2026.
[2026-02-04T11:42:01+0800] Continue in 2s...
[2026-02-04T11:42:03+0800] === ITERATION START ===
T: You've hit your usage limit for Opus You've saved $115 on API model usage this month with Pro+. Switch to a different model or set a Spend Limit to continue with Opus. Your usage limits will reset when your monthly cycle ends on 3/3/2026.
[2026-02-04T11:42:09+0800] Continue in 2s...
[2026-02-04T11:42:11+0800] === ITERATION START ===
T: You've hit your usage limit for Opus You've saved $115 on API model usage this month with Pro+. Switch to a different model or set a Spend Limit to continue with Opus. Your usage limits will reset when your monthly cycle ends on 3/3/2026.
[2026-02-04T11:42:17+0800] Continue in 2s...
[2026-02-04T11:42:19+0800] === ITERATION START ===
T: You've hit your usage limit for Opus You've saved $115 on API model usage this month with Pro+. Switch to a different model or set a Spend Limit to continue with Opus. Your usage limits will reset when your monthly cycle ends on 3/3/2026.
[2026-02-04T11:42:25+0800] Continue in 2s...
[2026-02-04T11:42:27+0800] === ITERATION START ===
T: You've hit your usage limit for Opus You've saved $115 on API model usage this month with Pro+. Switch to a different model or set a Spend Limit to continue with Opus. Your usage limits will reset when your monthly cycle ends on 3/3/2026.
[2026-02-04T11:42:33+0800] Continue in 2s...
[2026-02-04T11:42:35+0800] === ITERATION START ===
T: You've hit your usage limit for Opus You've saved $115 on API model usage this month with Pro+. Switch to a different model or set a Spend Limit to continue with Opus. Your usage limits will reset when your monthly cycle ends on 3/3/2026.
[2026-02-04T11:42:41+0800] Continue in 2s...
[2026-02-04T11:42:43+0800] === ITERATION START ===
T: You've hit your usage limit for Opus You've saved $115 on API model usage this month with Pro+. Switch to a different model or set a Spend Limit to continue with Opus. Your usage limits will reset when your monthly cycle ends on 3/3/2026.
[2026-02-04T11:42:50+0800] Continue in 2s...
[2026-02-04T11:42:52+0800] === ITERATION START ===
T: You've hit your usage limit for Opus You've saved $115 on API model usage this month with Pro+. Switch to a different model or set a Spend Limit to continue with Opus. Your usage limits will reset when your monthly cycle ends on 3/3/2026.
[2026-02-04T11:42:57+0800] Continue in 2s...
[2026-02-04T11:43:00+0800] === ITERATION START ===
T: You've hit your usage limit for Opus You've saved $115 on API model usage this month with Pro+. Switch to a different model or set a Spend Limit to continue with Opus. Your usage limits will reset when your monthly cycle ends on 3/3/2026.
[2026-02-04T11:43:08+0800] Continue in 2s...
[2026-02-04T11:43:10+0800] === ITERATION START ===
T: You've hit your usage limit for Opus You've saved $115 on API model usage this month with Pro+. Switch to a different model or set a Spend Limit to continue with Opus. Your usage limits will reset when your monthly cycle ends on 3/3/2026.
[2026-02-04T11:43:15+0800] Continue in 2s...
[2026-02-04T11:43:17+0800] === ITERATION START ===
T: You've hit your usage limit for Opus You've saved $115 on API model usage this month with Pro+. Switch to a different model or set a Spend Limit to continue with Opus. Your usage limits will reset when your monthly cycle ends on 3/3/2026.
[2026-02-04T11:43:23+0800] Continue in 2s...
[2026-02-04T11:43:25+0800] === ITERATION START ===
T: You've hit your usage limit for Opus You've saved $115 on API model usage this month with Pro+. Switch to a different model or set a Spend Limit to continue with Opus. Your usage limits will reset when your monthly cycle ends on 3/3/2026.
[2026-02-04T11:43:32+0800] Continue in 2s...
[2026-02-04T11:43:34+0800] === ITERATION START ===
T: You've hit your usage limit for Opus You've saved $115 on API model usage this month with Pro+. Switch to a different model or set a Spend Limit to continue with Opus. Your usage limits will reset when your monthly cycle ends on 3/3/2026.
[2026-02-04T11:43:40+0800] Continue in 2s...
[2026-02-04T11:43:42+0800] === ITERATION START ===
T: You've hit your usage limit for Opus You've saved $115 on API model usage this month with Pro+. Switch to a different model or set a Spend Limit to continue with Opus. Your usage limits will reset when your monthly cycle ends on 3/3/2026.
[2026-02-04T11:43:48+0800] Continue in 2s...
[2026-02-04T11:43:50+0800] === ITERATION START ===
T: You've hit your usage limit for Opus You've saved $115 on API model usage this month with Pro+. Switch to a different model or set a Spend Limit to continue with Opus. Your usage limits will reset when your monthly cycle ends on 3/3/2026.
[2026-02-04T11:43:55+0800] Continue in 2s...
[2026-02-04T11:43:57+0800] === ITERATION START ===
T: You've hit your usage limit for Opus You've saved $115 on API model usage this month with Pro+. Switch to a different model or set a Spend Limit to continue with Opus. Your usage limits will reset when your monthly cycle ends on 3/3/2026.
[2026-02-04T11:44:03+0800] Continue in 2s...
[2026-02-04T11:44:05+0800] === ITERATION START ===
T: You've hit your usage limit for Opus You've saved $115 on API model usage this month with Pro+. Switch to a different model or set a Spend Limit to continue with Opus. Your usage limits will reset when your monthly cycle ends on 3/3/2026.
[2026-02-04T11:44:11+0800] Continue in 2s...
[2026-02-04T11:44:13+0800] === ITERATION START ===
T: You've hit your usage limit for Opus You've saved $115 on API model usage this month with Pro+. Switch to a different model or set a Spend Limit to continue with Opus. Your usage limits will reset when your monthly cycle ends on 3/3/2026.
[2026-02-04T11:44:18+0800] Continue in 2s...
[2026-02-04T11:44:20+0800] === ITERATION START ===
T: You've hit your usage limit for Opus You've saved $115 on API model usage this month with Pro+. Switch to a different model or set a Spend Limit to continue with Opus. Your usage limits will reset when your monthly cycle ends on 3/3/2026.
[2026-02-04T11:44:26+0800] Continue in 2s...
[2026-02-04T11:44:28+0800] === ITERATION START ===
T: You've hit your usage limit for Opus You've saved $115 on API model usage this month with Pro+. Switch to a different model or set a Spend Limit to continue with Opus. Your usage limits will reset when your monthly cycle ends on 3/3/2026.
[2026-02-04T11:44:34+0800] Continue in 2s...
[2026-02-04T11:44:36+0800] === ITERATION START ===
T: You've hit your usage limit for Opus You've saved $115 on API model usage this month with Pro+. Switch to a different model or set a Spend Limit to continue with Opus. Your usage limits will reset when your monthly cycle ends on 3/3/2026.
[2026-02-04T11:44:42+0800] Continue in 2s...
[2026-02-04T11:44:44+0800] === ITERATION START ===
T: You've hit your usage limit for Opus You've saved $115 on API model usage this month with Pro+. Switch to a different model or set a Spend Limit to continue with Opus. Your usage limits will reset when your monthly cycle ends on 3/3/2026.
[2026-02-04T11:44:49+0800] Continue in 2s...
[2026-02-04T11:44:51+0800] === ITERATION START ===
T: You've hit your usage limit for Opus You've saved $115 on API model usage this month with Pro+. Switch to a different model or set a Spend Limit to continue with Opus. Your usage limits will reset when your monthly cycle ends on 3/3/2026.
[2026-02-04T11:44:57+0800] Continue in 2s...
[2026-02-04T11:44:59+0800] === ITERATION START ===
T: You've hit your usage limit for Opus You've saved $115 on API model usage this month with Pro+. Switch to a different model or set a Spend Limit to continue with Opus. Your usage limits will reset when your monthly cycle ends on 3/3/2026.
[2026-02-04T11:45:05+0800] Continue in 2s...
[2026-02-04T11:45:07+0800] === ITERATION START ===
T: You've hit your usage limit for Opus You've saved $115 on API model usage this month with Pro+. Switch to a different model or set a Spend Limit to continue with Opus. Your usage limits will reset when your monthly cycle ends on 3/3/2026.
[2026-02-04T11:45:13+0800] Continue in 2s...
[2026-02-04T11:45:15+0800] === ITERATION START ===
T: You've hit your usage limit for Opus You've saved $115 on API model usage this month with Pro+. Switch to a different model or set a Spend Limit to continue with Opus. Your usage limits will reset when your monthly cycle ends on 3/3/2026.
[2026-02-04T11:45:22+0800] Continue in 2s...
[2026-02-04T11:45:24+0800] === ITERATION START ===
T: You've hit your usage limit for Opus You've saved $115 on API model usage this month with Pro+. Switch to a different model or set a Spend Limit to continue with Opus. Your usage limits will reset when your monthly cycle ends on 3/3/2026.
[2026-02-04T11:45:32+0800] Continue in 2s...
[2026-02-04T11:45:34+0800] === ITERATION START ===
T: You've hit your usage limit for Opus You've saved $115 on API model usage this month with Pro+. Switch to a different model or set a Spend Limit to continue with Opus. Your usage limits will reset when your monthly cycle ends on 3/3/2026.
[2026-02-04T11:45:43+0800] Continue in 2s...
[2026-02-04T11:45:45+0800] === ITERATION START ===
T: You've hit your usage limit for Opus You've saved $115 on API model usage this month with Pro+. Switch to a different model or set a Spend Limit to continue with Opus. Your usage limits will reset when your monthly cycle ends on 3/3/2026.
[2026-02-04T11:45:51+0800] Continue in 2s...
[2026-02-04T11:45:53+0800] === ITERATION START ===
T: You've hit your usage limit for Opus You've saved $115 on API model usage this month with Pro+. Switch to a different model or set a Spend Limit to continue with Opus. Your usage limits will reset when your monthly cycle ends on 3/3/2026.
[2026-02-04T11:45:59+0800] Continue in 2s...
[2026-02-04T11:46:01+0800] === ITERATION START ===
T: You've hit your usage limit for Opus You've saved $115 on API model usage this month with Pro+. Switch to a different model or set a Spend Limit to continue with Opus. Your usage limits will reset when your monthly cycle ends on 3/3/2026.
[2026-02-04T11:46:13+0800] Continue in 2s...
[2026-02-04T11:46:15+0800] === ITERATION START ===
T: You've hit your usage limit for Opus You've saved $115 on API model usage this month with Pro+. Switch to a different model or set a Spend Limit to continue with Opus. Your usage limits will reset when your monthly cycle ends on 3/3/2026.
[2026-02-04T11:46:23+0800] Continue in 2s...
[2026-02-04T11:46:25+0800] === ITERATION START ===
T: You've hit your usage limit for Opus You've saved $115 on API model usage this month with Pro+. Switch to a different model or set a Spend Limit to continue with Opus. Your usage limits will reset when your monthly cycle ends on 3/3/2026.
[2026-02-04T11:46:32+0800] Continue in 2s...
[2026-02-04T11:46:35+0800] === ITERATION START ===
T: You've hit your usage limit for Opus You've saved $115 on API model usage this month with Pro+. Switch to a different model or set a Spend Limit to continue with Opus. Your usage limits will reset when your monthly cycle ends on 3/3/2026.
[2026-02-04T11:46:42+0800] Continue in 2s...
[2026-02-04T11:46:44+0800] === ITERATION START ===
T: You've hit your usage limit for Opus You've saved $115 on API model usage this month with Pro+. Switch to a different model or set a Spend Limit to continue with Opus. Your usage limits will reset when your monthly cycle ends on 3/3/2026.
[2026-02-04T11:46:50+0800] Continue in 2s...
[2026-02-04T11:46:52+0800] === ITERATION START ===
T: You've hit your usage limit for Opus You've saved $115 on API model usage this month with Pro+. Switch to a different model or set a Spend Limit to continue with Opus. Your usage limits will reset when your monthly cycle ends on 3/3/2026.
[2026-02-04T11:46:58+0800] Continue in 2s...
[2026-02-04T11:47:00+0800] === ITERATION START ===
T: You've hit your usage limit for Opus You've saved $115 on API model usage this month with Pro+. Switch to a different model or set a Spend Limit to continue with Opus. Your usage limits will reset when your monthly cycle ends on 3/3/2026.
[2026-02-04T11:47:09+0800] Continue in 2s...
[2026-02-04T11:47:11+0800] === ITERATION START ===
T: You've hit your usage limit for Opus You've saved $115 on API model usage this month with Pro+. Switch to a different model or set a Spend Limit to continue with Opus. Your usage limits will reset when your monthly cycle ends on 3/3/2026.
[2026-02-04T11:47:17+0800] Continue in 2s...
[2026-02-04T11:47:19+0800] === ITERATION START ===
T: You've hit your usage limit for Opus You've saved $115 on API model usage this month with Pro+. Switch to a different model or set a Spend Limit to continue with Opus. Your usage limits will reset when your monthly cycle ends on 3/3/2026.
[2026-02-04T11:47:25+0800] Continue in 2s...
[2026-02-04T11:47:27+0800] === ITERATION START ===
T: You've hit your usage limit for Opus You've saved $115 on API model usage this month with Pro+. Switch to a different model or set a Spend Limit to continue with Opus. Your usage limits will reset when your monthly cycle ends on 3/3/2026.
[2026-02-04T11:47:32+0800] Continue in 2s...
[2026-02-04T11:47:35+0800] === ITERATION START ===
T: You've hit your usage limit for Opus You've saved $115 on API model usage this month with Pro+. Switch to a different model or set a Spend Limit to continue with Opus. Your usage limits will reset when your monthly cycle ends on 3/3/2026.
[2026-02-04T11:47:40+0800] Continue in 2s...
[2026-02-04T11:47:43+0800] === ITERATION START ===
T: You've hit your usage limit for Opus You've saved $115 on API model usage this month with Pro+. Switch to a different model or set a Spend Limit to continue with Opus. Your usage limits will reset when your monthly cycle ends on 3/3/2026.
[2026-02-04T11:47:49+0800] Continue in 2s...
[2026-02-04T11:47:51+0800] === ITERATION START ===
T: You've hit your usage limit for Opus You've saved $115 on API model usage this month with Pro+. Switch to a different model or set a Spend Limit to continue with Opus. Your usage limits will reset when your monthly cycle ends on 3/3/2026.
[2026-02-04T11:47:57+0800] Continue in 2s...
[2026-02-04T11:47:59+0800] === ITERATION START ===
T: You've hit your usage limit for Opus You've saved $115 on API model usage this month with Pro+. Switch to a different model or set a Spend Limit to continue with Opus. Your usage limits will reset when your monthly cycle ends on 3/3/2026.
[2026-02-04T11:48:05+0800] Continue in 2s...
[2026-02-04T11:48:07+0800] === ITERATION START ===
T: You've hit your usage limit for Opus You've saved $115 on API model usage this month with Pro+. Switch to a different model or set a Spend Limit to continue with Opus. Your usage limits will reset when your monthly cycle ends on 3/3/2026.
[2026-02-04T11:48:12+0800] Continue in 2s...
[2026-02-04T11:48:14+0800] === ITERATION START ===
T: You've hit your usage limit for Opus You've saved $115 on API model usage this month with Pro+. Switch to a different model or set a Spend Limit to continue with Opus. Your usage limits will reset when your monthly cycle ends on 3/3/2026.
[2026-02-04T11:48:20+0800] Continue in 2s...
[2026-02-04T11:48:22+0800] === ITERATION START ===
T: You've hit your usage limit for Opus You've saved $116 on API model usage this month with Pro+. Switch to a different model or set a Spend Limit to continue with Opus. Your usage limits will reset when your monthly cycle ends on 3/3/2026.
[2026-02-04T11:48:27+0800] Continue in 2s...
[2026-02-04T11:48:30+0800] === ITERATION START ===
T: You've hit your usage limit for Opus You've saved $116 on API model usage this month with Pro+. Switch to a different model or set a Spend Limit to continue with Opus. Your usage limits will reset when your monthly cycle ends on 3/3/2026.
[2026-02-04T11:48:35+0800] Continue in 2s...
[2026-02-04T11:48:37+0800] === ITERATION START ===
T: You've hit your usage limit for Opus You've saved $116 on API model usage this month with Pro+. Switch to a different model or set a Spend Limit to continue with Opus. Your usage limits will reset when your monthly cycle ends on 3/3/2026.
[2026-02-04T11:48:43+0800] Continue in 2s...
[2026-02-04T11:48:45+0800] === ITERATION START ===
T: You've hit your usage limit for Opus You've saved $116 on API model usage this month with Pro+. Switch to a different model or set a Spend Limit to continue with Opus. Your usage limits will reset when your monthly cycle ends on 3/3/2026.
[2026-02-04T11:48:51+0800] Continue in 2s...
[2026-02-04T11:48:53+0800] === ITERATION START ===
T: You've hit your usage limit for Opus You've saved $116 on API model usage this month with Pro+. Switch to a different model or set a Spend Limit to continue with Opus. Your usage limits will reset when your monthly cycle ends on 3/3/2026.
[2026-02-04T11:48:58+0800] Continue in 2s...
[2026-02-04T11:49:00+0800] === ITERATION START ===
T: You've hit your usage limit for Opus You've saved $116 on API model usage this month with Pro+. Switch to a different model or set a Spend Limit to continue with Opus. Your usage limits will reset when your monthly cycle ends on 3/3/2026.
[2026-02-04T11:49:06+0800] Continue in 2s...
[2026-02-04T11:49:08+0800] === ITERATION START ===
T: You've hit your usage limit for Opus You've saved $116 on API model usage this month with Pro+. Switch to a different model or set a Spend Limit to continue with Opus. Your usage limits will reset when your monthly cycle ends on 3/3/2026.
[2026-02-04T11:49:14+0800] Continue in 2s...
[2026-02-04T11:49:16+0800] === ITERATION START ===
T: You've hit your usage limit for Opus You've saved $116 on API model usage this month with Pro+. Switch to a different model or set a Spend Limit to continue with Opus. Your usage limits will reset when your monthly cycle ends on 3/3/2026.
[2026-02-04T11:49:21+0800] Continue in 2s...
[2026-02-04T11:49:23+0800] === ITERATION START ===
T: You've hit your usage limit for Opus You've saved $116 on API model usage this month with Pro+. Switch to a different model or set a Spend Limit to continue with Opus. Your usage limits will reset when your monthly cycle ends on 3/3/2026.
[2026-02-04T11:49:29+0800] Continue in 2s...
[2026-02-04T11:49:31+0800] === ITERATION START ===
T: You've hit your usage limit for Opus You've saved $116 on API model usage this month with Pro+. Switch to a different model or set a Spend Limit to continue with Opus. Your usage limits will reset when your monthly cycle ends on 3/3/2026.
[2026-02-04T11:49:37+0800] Continue in 2s...
[2026-02-04T11:49:39+0800] === ITERATION START ===
T: You've hit your usage limit for Opus You've saved $116 on API model usage this month with Pro+. Switch to a different model or set a Spend Limit to continue with Opus. Your usage limits will reset when your monthly cycle ends on 3/3/2026.
[2026-02-04T11:49:44+0800] Continue in 2s...
[2026-02-04T11:49:46+0800] === ITERATION START ===
T: You've hit your usage limit for Opus You've saved $116 on API model usage this month with Pro+. Switch to a different model or set a Spend Limit to continue with Opus. Your usage limits will reset when your monthly cycle ends on 3/3/2026.
[2026-02-04T11:49:52+0800] Continue in 2s...
[2026-02-04T11:49:54+0800] === ITERATION START ===
T: You've hit your usage limit for Opus You've saved $116 on API model usage this month with Pro+. Switch to a different model or set a Spend Limit to continue with Opus. Your usage limits will reset when your monthly cycle ends on 3/3/2026.
[2026-02-04T11:50:00+0800] Continue in 2s...
[2026-02-04T11:50:02+0800] === ITERATION START ===
T: You've hit your usage limit for Opus You've saved $116 on API model usage this month with Pro+. Switch to a different model or set a Spend Limit to continue with Opus. Your usage limits will reset when your monthly cycle ends on 3/3/2026.
[2026-02-04T11:50:08+0800] Continue in 2s...
[2026-02-04T11:50:10+0800] === ITERATION START ===
T: You've hit your usage limit for Opus You've saved $116 on API model usage this month with Pro+. Switch to a different model or set a Spend Limit to continue with Opus. Your usage limits will reset when your monthly cycle ends on 3/3/2026.
[2026-02-04T11:50:16+0800] Continue in 2s...
[2026-02-04T11:50:18+0800] === ITERATION START ===
T: You've hit your usage limit for Opus You've saved $116 on API model usage this month with Pro+. Switch to a different model or set a Spend Limit to continue with Opus. Your usage limits will reset when your monthly cycle ends on 3/3/2026.
[2026-02-04T11:50:24+0800] Continue in 2s...
[2026-02-04T11:50:26+0800] === ITERATION START ===
T: You've hit your usage limit for Opus You've saved $116 on API model usage this month with Pro+. Switch to a different model or set a Spend Limit to continue with Opus. Your usage limits will reset when your monthly cycle ends on 3/3/2026.
[2026-02-04T11:50:32+0800] Continue in 2s...
[2026-02-04T11:50:34+0800] === ITERATION START ===
T: You've hit your usage limit for Opus You've saved $116 on API model usage this month with Pro+. Switch to a different model or set a Spend Limit to continue with Opus. Your usage limits will reset when your monthly cycle ends on 3/3/2026.
[2026-02-04T11:50:40+0800] Continue in 2s...
[2026-02-04T11:50:42+0800] === ITERATION START ===
T: You've hit your usage limit for Opus You've saved $116 on API model usage this month with Pro+. Switch to a different model or set a Spend Limit to continue with Opus. Your usage limits will reset when your monthly cycle ends on 3/3/2026.
[2026-02-04T11:50:50+0800] Continue in 2s...
[2026-02-04T11:50:52+0800] === ITERATION START ===
T: You've hit your usage limit for Opus You've saved $116 on API model usage this month with Pro+. Switch to a different model or set a Spend Limit to continue with Opus. Your usage limits will reset when your monthly cycle ends on 3/3/2026.
[2026-02-04T11:50:58+0800] Continue in 2s...
[2026-02-04T11:51:00+0800] === ITERATION START ===
T: You've hit your usage limit for Opus You've saved $116 on API model usage this month with Pro+. Switch to a different model or set a Spend Limit to continue with Opus. Your usage limits will reset when your monthly cycle ends on 3/3/2026.
[2026-02-04T11:51:05+0800] Continue in 2s...
[2026-02-04T11:51:07+0800] === ITERATION START ===
T: You've hit your usage limit for Opus You've saved $116 on API model usage this month with Pro+. Switch to a different model or set a Spend Limit to continue with Opus. Your usage limits will reset when your monthly cycle ends on 3/3/2026.
[2026-02-04T11:51:13+0800] Continue in 2s...
[2026-02-04T11:51:15+0800] === ITERATION START ===
T: You've hit your usage limit for Opus You've saved $116 on API model usage this month with Pro+. Switch to a different model or set a Spend Limit to continue with Opus. Your usage limits will reset when your monthly cycle ends on 3/3/2026.
[2026-02-04T11:51:24+0800] Continue in 2s...
[2026-02-04T11:51:26+0800] === ITERATION START ===
T: You've hit your usage limit for Opus You've saved $116 on API model usage this month with Pro+. Switch to a different model or set a Spend Limit to continue with Opus. Your usage limits will reset when your monthly cycle ends on 3/3/2026.
[2026-02-04T11:51:32+0800] Continue in 2s...
[2026-02-04T11:51:34+0800] === ITERATION START ===
T: You've hit your usage limit for Opus You've saved $116 on API model usage this month with Pro+. Switch to a different model or set a Spend Limit to continue with Opus. Your usage limits will reset when your monthly cycle ends on 3/3/2026.
[2026-02-04T11:51:40+0800] Continue in 2s...
[2026-02-04T11:51:42+0800] === ITERATION START ===
T: You've hit your usage limit for Opus You've saved $116 on API model usage this month with Pro+. Switch to a different model or set a Spend Limit to continue with Opus. Your usage limits will reset when your monthly cycle ends on 3/3/2026.
[2026-02-04T11:51:47+0800] Continue in 2s...
[2026-02-04T11:51:49+0800] === ITERATION START ===
T: You've hit your usage limit for Opus You've saved $116 on API model usage this month with Pro+. Switch to a different model or set a Spend Limit to continue with Opus. Your usage limits will reset when your monthly cycle ends on 3/3/2026.
[2026-02-04T11:51:55+0800] Continue in 2s...
[2026-02-04T11:51:57+0800] === ITERATION START ===
T: You've hit your usage limit for Opus You've saved $116 on API model usage this month with Pro+. Switch to a different model or set a Spend Limit to continue with Opus. Your usage limits will reset when your monthly cycle ends on 3/3/2026.
[2026-02-04T11:52:02+0800] Continue in 2s...
[2026-02-04T11:52:04+0800] === ITERATION START ===
T: You've hit your usage limit for Opus You've saved $116 on API model usage this month with Pro+. Switch to a different model or set a Spend Limit to continue with Opus. Your usage limits will reset when your monthly cycle ends on 3/3/2026.
[2026-02-04T11:52:10+0800] Continue in 2s...
[2026-02-04T11:52:12+0800] === ITERATION START ===
T: You've hit your usage limit for Opus You've saved $116 on API model usage this month with Pro+. Switch to a different model or set a Spend Limit to continue with Opus. Your usage limits will reset when your monthly cycle ends on 3/3/2026.
[2026-02-04T11:52:17+0800] Continue in 2s...
[2026-02-04T11:52:20+0800] === ITERATION START ===
T: You've hit your usage limit for Opus You've saved $116 on API model usage this month with Pro+. Switch to a different model or set a Spend Limit to continue with Opus. Your usage limits will reset when your monthly cycle ends on 3/3/2026.
[2026-02-04T11:52:25+0800] Continue in 2s...
[2026-02-04T11:52:27+0800] === ITERATION START ===
T: You've hit your usage limit for Opus You've saved $116 on API model usage this month with Pro+. Switch to a different model or set a Spend Limit to continue with Opus. Your usage limits will reset when your monthly cycle ends on 3/3/2026.
[2026-02-04T11:52:33+0800] Continue in 2s...
[2026-02-04T11:52:35+0800] === ITERATION START ===
T: You've hit your usage limit for Opus You've saved $116 on API model usage this month with Pro+. Switch to a different model or set a Spend Limit to continue with Opus. Your usage limits will reset when your monthly cycle ends on 3/3/2026.
[2026-02-04T11:52:42+0800] Continue in 2s...
[2026-02-04T11:52:44+0800] === ITERATION START ===
T: You've hit your usage limit for Opus You've saved $116 on API model usage this month with Pro+. Switch to a different model or set a Spend Limit to continue with Opus. Your usage limits will reset when your monthly cycle ends on 3/3/2026.
[2026-02-04T11:52:53+0800] Continue in 2s...
[2026-02-04T11:52:55+0800] === ITERATION START ===
T: You've hit your usage limit for Opus You've saved $116 on API model usage this month with Pro+. Switch to a different model or set a Spend Limit to continue with Opus. Your usage limits will reset when your monthly cycle ends on 3/3/2026.
[2026-02-04T11:53:03+0800] Continue in 2s...
[2026-02-04T11:53:05+0800] === ITERATION START ===
T: You've hit your usage limit for Opus You've saved $116 on API model usage this month with Pro+. Switch to a different model or set a Spend Limit to continue with Opus. Your usage limits will reset when your monthly cycle ends on 3/3/2026.
[2026-02-04T11:53:11+0800] Continue in 2s...
[2026-02-04T11:53:13+0800] === ITERATION START ===
T: You've hit your usage limit for Opus You've saved $116 on API model usage this month with Pro+. Switch to a different model or set a Spend Limit to continue with Opus. Your usage limits will reset when your monthly cycle ends on 3/3/2026.
[2026-02-04T11:53:21+0800] Continue in 2s...
[2026-02-04T11:53:23+0800] === ITERATION START ===
T: You've hit your usage limit for Opus You've saved $116 on API model usage this month with Pro+. Switch to a different model or set a Spend Limit to continue with Opus. Your usage limits will reset when your monthly cycle ends on 3/3/2026.
[2026-02-04T11:53:31+0800] Continue in 2s...
[2026-02-04T11:53:33+0800] === ITERATION START ===
T: You've hit your usage limit for Opus You've saved $116 on API model usage this month with Pro+. Switch to a different model or set a Spend Limit to continue with Opus. Your usage limits will reset when your monthly cycle ends on 3/3/2026.
[2026-02-04T11:53:39+0800] Continue in 2s...
[2026-02-04T11:53:42+0800] === ITERATION START ===
T: You've hit your usage limit for Opus You've saved $116 on API model usage this month with Pro+. Switch to a different model or set a Spend Limit to continue with Opus. Your usage limits will reset when your monthly cycle ends on 3/3/2026.
[2026-02-04T11:53:51+0800] Continue in 2s...
[2026-02-04T11:53:53+0800] === ITERATION START ===
T: You've hit your usage limit for Opus You've saved $116 on API model usage this month with Pro+. Switch to a different model or set a Spend Limit to continue with Opus. Your usage limits will reset when your monthly cycle ends on 3/3/2026.
[2026-02-04T11:53:58+0800] Continue in 2s...
[2026-02-04T11:54:00+0800] === ITERATION START ===
T: You've hit your usage limit for Opus You've saved $116 on API model usage this month with Pro+. Switch to a different model or set a Spend Limit to continue with Opus. Your usage limits will reset when your monthly cycle ends on 3/3/2026.
[2026-02-04T11:54:06+0800] Continue in 2s...
[2026-02-04T11:54:08+0800] === ITERATION START ===
T: You've hit your usage limit for Opus You've saved $116 on API model usage this month with Pro+. Switch to a different model or set a Spend Limit to continue with Opus. Your usage limits will reset when your monthly cycle ends on 3/3/2026.
[2026-02-04T11:54:14+0800] Continue in 2s...
[2026-02-04T11:54:16+0800] === ITERATION START ===
T: You've hit your usage limit for Opus You've saved $116 on API model usage this month with Pro+. Switch to a different model or set a Spend Limit to continue with Opus. Your usage limits will reset when your monthly cycle ends on 3/3/2026.
[2026-02-04T11:54:22+0800] Continue in 2s...
[2026-02-04T11:54:24+0800] === ITERATION START ===
T: You've hit your usage limit for Opus You've saved $116 on API model usage this month with Pro+. Switch to a different model or set a Spend Limit to continue with Opus. Your usage limits will reset when your monthly cycle ends on 3/3/2026.
[2026-02-04T11:54:30+0800] Continue in 2s...
[2026-02-04T11:54:32+0800] === ITERATION START ===
T: You've hit your usage limit for Opus You've saved $116 on API model usage this month with Pro+. Switch to a different model or set a Spend Limit to continue with Opus. Your usage limits will reset when your monthly cycle ends on 3/3/2026.
[2026-02-04T11:54:37+0800] Continue in 2s...
[2026-02-04T11:54:39+0800] === ITERATION START ===
T: You've hit your usage limit for Opus You've saved $116 on API model usage this month with Pro+. Switch to a different model or set a Spend Limit to continue with Opus. Your usage limits will reset when your monthly cycle ends on 3/3/2026.
[2026-02-04T11:54:45+0800] Continue in 2s...
[2026-02-04T11:54:48+0800] === ITERATION START ===
T: You've hit your usage limit for Opus You've saved $116 on API model usage this month with Pro+. Switch to a different model or set a Spend Limit to continue with Opus. Your usage limits will reset when your monthly cycle ends on 3/3/2026.
[2026-02-04T11:54:53+0800] Continue in 2s...
[2026-02-04T11:54:55+0800] === ITERATION START ===
T: You've hit your usage limit for Opus You've saved $116 on API model usage this month with Pro+. Switch to a different model or set a Spend Limit to continue with Opus. Your usage limits will reset when your monthly cycle ends on 3/3/2026.
[2026-02-04T11:55:01+0800] Continue in 2s...
[2026-02-04T11:55:03+0800] === ITERATION START ===
T: You've hit your usage limit for Opus You've saved $116 on API model usage this month with Pro+. Switch to a different model or set a Spend Limit to continue with Opus. Your usage limits will reset when your monthly cycle ends on 3/3/2026.
[2026-02-04T11:55:09+0800] Continue in 2s...
[2026-02-04T11:55:11+0800] === ITERATION START ===
T: You've hit your usage limit for Opus You've saved $116 on API model usage this month with Pro+. Switch to a different model or set a Spend Limit to continue with Opus. Your usage limits will reset when your monthly cycle ends on 3/3/2026.
[2026-02-04T11:55:18+0800] Continue in 2s...
[2026-02-04T11:55:20+0800] === ITERATION START ===
T: You've hit your usage limit for Opus You've saved $116 on API model usage this month with Pro+. Switch to a different model or set a Spend Limit to continue with Opus. Your usage limits will reset when your monthly cycle ends on 3/3/2026.
[2026-02-04T11:55:27+0800] Continue in 2s...
[2026-02-04T11:55:29+0800] === ITERATION START ===
T: You've hit your usage limit for Opus You've saved $116 on API model usage this month with Pro+. Switch to a different model or set a Spend Limit to continue with Opus. Your usage limits will reset when your monthly cycle ends on 3/3/2026.
[2026-02-04T11:55:35+0800] Continue in 2s...
[2026-02-04T11:55:37+0800] === ITERATION START ===
T: You've hit your usage limit for Opus You've saved $116 on API model usage this month with Pro+. Switch to a different model or set a Spend Limit to continue with Opus. Your usage limits will reset when your monthly cycle ends on 3/3/2026.
[2026-02-04T11:55:43+0800] Continue in 2s...
[2026-02-04T11:55:46+0800] === ITERATION START ===
T: You've hit your usage limit for Opus You've saved $116 on API model usage this month with Pro+. Switch to a different model or set a Spend Limit to continue with Opus. Your usage limits will reset when your monthly cycle ends on 3/3/2026.
[2026-02-04T11:55:55+0800] Continue in 2s...
[2026-02-04T11:55:57+0800] === ITERATION START ===
T: You've hit your usage limit for Opus You've saved $116 on API model usage this month with Pro+. Switch to a different model or set a Spend Limit to continue with Opus. Your usage limits will reset when your monthly cycle ends on 3/3/2026.
[2026-02-04T11:56:02+0800] Continue in 2s...
[2026-02-04T11:56:05+0800] === ITERATION START ===
T: You've hit your usage limit for Opus You've saved $116 on API model usage this month with Pro+. Switch to a different model or set a Spend Limit to continue with Opus. Your usage limits will reset when your monthly cycle ends on 3/3/2026.
[2026-02-04T11:56:17+0800] Continue in 2s...
[2026-02-04T11:56:19+0800] === ITERATION START ===
T: You've hit your usage limit for Opus You've saved $116 on API model usage this month with Pro+. Switch to a different model or set a Spend Limit to continue with Opus. Your usage limits will reset when your monthly cycle ends on 3/3/2026.
[2026-02-04T11:56:25+0800] Continue in 2s...
[2026-02-04T11:56:27+0800] === ITERATION START ===
T: You've hit your usage limit for Opus You've saved $116 on API model usage this month with Pro+. Switch to a different model or set a Spend Limit to continue with Opus. Your usage limits will reset when your monthly cycle ends on 3/3/2026.
[2026-02-04T11:56:32+0800] Continue in 2s...
[2026-02-04T11:56:35+0800] === ITERATION START ===
T: You've hit your usage limit for Opus You've saved $116 on API model usage this month with Pro+. Switch to a different model or set a Spend Limit to continue with Opus. Your usage limits will reset when your monthly cycle ends on 3/3/2026.
[2026-02-04T11:56:41+0800] Continue in 2s...
[2026-02-04T11:56:43+0800] === ITERATION START ===
T: You've hit your usage limit for Opus You've saved $116 on API model usage this month with Pro+. Switch to a different model or set a Spend Limit to continue with Opus. Your usage limits will reset when your monthly cycle ends on 3/3/2026.
[2026-02-04T11:56:48+0800] Continue in 2s...
[2026-02-04T11:56:50+0800] === ITERATION START ===
T: You've hit your usage limit for Opus You've saved $116 on API model usage this month with Pro+. Switch to a different model or set a Spend Limit to continue with Opus. Your usage limits will reset when your monthly cycle ends on 3/3/2026.
[2026-02-04T11:56:56+0800] Continue in 2s...
[2026-02-04T11:56:58+0800] === ITERATION START ===
T: You've hit your usage limit for Opus You've saved $116 on API model usage this month with Pro+. Switch to a different model or set a Spend Limit to continue with Opus. Your usage limits will reset when your monthly cycle ends on 3/3/2026.
[2026-02-04T11:57:04+0800] Continue in 2s...
[2026-02-04T11:57:06+0800] === ITERATION START ===
T: You've hit your usage limit for Opus You've saved $116 on API model usage this month with Pro+. Switch to a different model or set a Spend Limit to continue with Opus. Your usage limits will reset when your monthly cycle ends on 3/3/2026.
[2026-02-04T11:57:12+0800] Continue in 2s...
[2026-02-04T11:57:14+0800] === ITERATION START ===
T: You've hit your usage limit for Opus You've saved $116 on API model usage this month with Pro+. Switch to a different model or set a Spend Limit to continue with Opus. Your usage limits will reset when your monthly cycle ends on 3/3/2026.
[2026-02-04T11:57:23+0800] Continue in 2s...
[2026-02-04T11:57:25+0800] === ITERATION START ===
T: You've hit your usage limit for Opus You've saved $116 on API model usage this month with Pro+. Switch to a different model or set a Spend Limit to continue with Opus. Your usage limits will reset when your monthly cycle ends on 3/3/2026.
[2026-02-04T11:57:32+0800] Continue in 2s...
[2026-02-04T11:57:34+0800] === ITERATION START ===
T: You've hit your usage limit for Opus You've saved $116 on API model usage this month with Pro+. Switch to a different model or set a Spend Limit to continue with Opus. Your usage limits will reset when your monthly cycle ends on 3/3/2026.
[2026-02-04T11:57:40+0800] Continue in 2s...
[2026-02-04T11:57:42+0800] === ITERATION START ===
T: You've hit your usage limit for Opus You've saved $116 on API model usage this month with Pro+. Switch to a different model or set a Spend Limit to continue with Opus. Your usage limits will reset when your monthly cycle ends on 3/3/2026.
[2026-02-04T11:57:52+0800] Continue in 2s...
[2026-02-04T11:57:54+0800] === ITERATION START ===
T: You've hit your usage limit for Opus You've saved $116 on API model usage this month with Pro+. Switch to a different model or set a Spend Limit to continue with Opus. Your usage limits will reset when your monthly cycle ends on 3/3/2026.
[2026-02-04T11:58:00+0800] Continue in 2s...
[2026-02-04T11:58:02+0800] === ITERATION START ===
T: You've hit your usage limit for Opus You've saved $116 on API model usage this month with Pro+. Switch to a different model or set a Spend Limit to continue with Opus. Your usage limits will reset when your monthly cycle ends on 3/3/2026.
[2026-02-04T11:58:08+0800] Continue in 2s...
[2026-02-04T11:58:10+0800] === ITERATION START ===
T: You've hit your usage limit for Opus You've saved $116 on API model usage this month with Pro+. Switch to a different model or set a Spend Limit to continue with Opus. Your usage limits will reset when your monthly cycle ends on 3/3/2026.
[2026-02-04T11:58:15+0800] Continue in 2s...
[2026-02-04T11:58:18+0800] === ITERATION START ===
T: You've hit your usage limit for Opus You've saved $116 on API model usage this month with Pro+. Switch to a different model or set a Spend Limit to continue with Opus. Your usage limits will reset when your monthly cycle ends on 3/3/2026.
[2026-02-04T11:58:23+0800] Continue in 2s...
[2026-02-04T11:58:25+0800] === ITERATION START ===
T: You've hit your usage limit for Opus You've saved $116 on API model usage this month with Pro+. Switch to a different model or set a Spend Limit to continue with Opus. Your usage limits will reset when your monthly cycle ends on 3/3/2026.
[2026-02-04T11:58:31+0800] Continue in 2s...
[2026-02-04T11:58:34+0800] === ITERATION START ===
T: You've hit your usage limit for Opus You've saved $116 on API model usage this month with Pro+. Switch to a different model or set a Spend Limit to continue with Opus. Your usage limits will reset when your monthly cycle ends on 3/3/2026.
[2026-02-04T11:58:39+0800] Continue in 2s...
[2026-02-04T11:58:41+0800] === ITERATION START ===
T: You've hit your usage limit for Opus You've saved $116 on API model usage this month with Pro+. Switch to a different model or set a Spend Limit to continue with Opus. Your usage limits will reset when your monthly cycle ends on 3/3/2026.
[2026-02-04T11:58:47+0800] Continue in 2s...
[2026-02-04T11:58:49+0800] === ITERATION START ===
T: You've hit your usage limit for Opus You've saved $116 on API model usage this month with Pro+. Switch to a different model or set a Spend Limit to continue with Opus. Your usage limits will reset when your monthly cycle ends on 3/3/2026.
[2026-02-04T11:58:54+0800] Continue in 2s...
[2026-02-04T11:58:56+0800] === ITERATION START ===
T: You've hit your usage limit for Opus You've saved $116 on API model usage this month with Pro+. Switch to a different model or set a Spend Limit to continue with Opus. Your usage limits will reset when your monthly cycle ends on 3/3/2026.
[2026-02-04T11:59:02+0800] Continue in 2s...
[2026-02-04T11:59:04+0800] === ITERATION START ===
T: You've hit your usage limit for Opus You've saved $116 on API model usage this month with Pro+. Switch to a different model or set a Spend Limit to continue with Opus. Your usage limits will reset when your monthly cycle ends on 3/3/2026.
[2026-02-04T11:59:10+0800] Continue in 2s...
[2026-02-04T11:59:12+0800] === ITERATION START ===
T: You've hit your usage limit for Opus You've saved $116 on API model usage this month with Pro+. Switch to a different model or set a Spend Limit to continue with Opus. Your usage limits will reset when your monthly cycle ends on 3/3/2026.
[2026-02-04T11:59:20+0800] Continue in 2s...
[2026-02-04T11:59:22+0800] === ITERATION START ===
T: You've hit your usage limit for Opus You've saved $116 on API model usage this month with Pro+. Switch to a different model or set a Spend Limit to continue with Opus. Your usage limits will reset when your monthly cycle ends on 3/3/2026.
[2026-02-04T11:59:27+0800] Continue in 2s...
[2026-02-04T11:59:29+0800] === ITERATION START ===
T: You've hit your usage limit for Opus You've saved $116 on API model usage this month with Pro+. Switch to a different model or set a Spend Limit to continue with Opus. Your usage limits will reset when your monthly cycle ends on 3/3/2026.
[2026-02-04T11:59:37+0800] Continue in 2s...
[2026-02-04T11:59:39+0800] === ITERATION START ===
T: You've hit your usage limit for Opus You've saved $116 on API model usage this month with Pro+. Switch to a different model or set a Spend Limit to continue with Opus. Your usage limits will reset when your monthly cycle ends on 3/3/2026.
[2026-02-04T11:59:45+0800] Continue in 2s...
[2026-02-04T11:59:47+0800] === ITERATION START ===
T: You've hit your usage limit for Opus You've saved $116 on API model usage this month with Pro+. Switch to a different model or set a Spend Limit to continue with Opus. Your usage limits will reset when your monthly cycle ends on 3/3/2026.
[2026-02-04T11:59:54+0800] Continue in 2s...
[2026-02-04T11:59:56+0800] === ITERATION START ===
T: You've hit your usage limit for Opus You've saved $116 on API model usage this month with Pro+. Switch to a different model or set a Spend Limit to continue with Opus. Your usage limits will reset when your monthly cycle ends on 3/3/2026.
[2026-02-04T12:00:04+0800] Continue in 2s...
[2026-02-04T12:00:06+0800] === ITERATION START ===
T: You've hit your usage limit for Opus You've saved $116 on API model usage this month with Pro+. Switch to a different model or set a Spend Limit to continue with Opus. Your usage limits will reset when your monthly cycle ends on 3/3/2026.
[2026-02-04T12:00:13+0800] Continue in 2s...
[2026-02-04T12:00:15+0800] === ITERATION START ===
T: You've hit your usage limit for Opus You've saved $116 on API model usage this month with Pro+. Switch to a different model or set a Spend Limit to continue with Opus. Your usage limits will reset when your monthly cycle ends on 3/3/2026.
[2026-02-04T12:00:25+0800] Continue in 2s...
[2026-02-04T12:00:27+0800] === ITERATION START ===
T: You've hit your usage limit for Opus You've saved $116 on API model usage this month with Pro+. Switch to a different model or set a Spend Limit to continue with Opus. Your usage limits will reset when your monthly cycle ends on 3/3/2026.
[2026-02-04T12:00:32+0800] Continue in 2s...
[2026-02-04T12:00:35+0800] === ITERATION START ===
T: You've hit your usage limit for Opus You've saved $116 on API model usage this month with Pro+. Switch to a different model or set a Spend Limit to continue with Opus. Your usage limits will reset when your monthly cycle ends on 3/3/2026.
[2026-02-04T12:00:40+0800] Continue in 2s...
[2026-02-04T12:00:42+0800] === ITERATION START ===
T: You've hit your usage limit for Opus You've saved $116 on API model usage this month with Pro+. Switch to a different model or set a Spend Limit to continue with Opus. Your usage limits will reset when your monthly cycle ends on 3/3/2026.
[2026-02-04T12:00:48+0800] Continue in 2s...
[2026-02-04T12:00:50+0800] === ITERATION START ===
T: You've hit your usage limit for Opus You've saved $116 on API model usage this month with Pro+. Switch to a different model or set a Spend Limit to continue with Opus. Your usage limits will reset when your monthly cycle ends on 3/3/2026.
[2026-02-04T12:00:56+0800] Continue in 2s...
[2026-02-04T12:00:58+0800] === ITERATION START ===
T: You've hit your usage limit for Opus You've saved $116 on API model usage this month with Pro+. Switch to a different model or set a Spend Limit to continue with Opus. Your usage limits will reset when your monthly cycle ends on 3/3/2026.
[2026-02-04T12:01:04+0800] Continue in 2s...
[2026-02-04T12:01:06+0800] === ITERATION START ===
T: You've hit your usage limit for Opus You've saved $116 on API model usage this month with Pro+. Switch to a different model or set a Spend Limit to continue with Opus. Your usage limits will reset when your monthly cycle ends on 3/3/2026.
[2026-02-04T12:01:11+0800] Continue in 2s...
[2026-02-04T12:01:13+0800] === ITERATION START ===
T: You've hit your usage limit for Opus You've saved $116 on API model usage this month with Pro+. Switch to a different model or set a Spend Limit to continue with Opus. Your usage limits will reset when your monthly cycle ends on 3/3/2026.
[2026-02-04T12:01:20+0800] Continue in 2s...
[2026-02-04T12:01:22+0800] === ITERATION START ===
T: You've hit your usage limit for Opus You've saved $116 on API model usage this month with Pro+. Switch to a different model or set a Spend Limit to continue with Opus. Your usage limits will reset when your monthly cycle ends on 3/3/2026.
[2026-02-04T12:01:28+0800] Continue in 2s...
[2026-02-04T12:01:30+0800] === ITERATION START ===
T: You've hit your usage limit for Opus You've saved $116 on API model usage this month with Pro+. Switch to a different model or set a Spend Limit to continue with Opus. Your usage limits will reset when your monthly cycle ends on 3/3/2026.
[2026-02-04T12:01:36+0800] Continue in 2s...
[2026-02-04T12:01:38+0800] === ITERATION START ===
T: You've hit your usage limit for Opus You've saved $116 on API model usage this month with Pro+. Switch to a different model or set a Spend Limit to continue with Opus. Your usage limits will reset when your monthly cycle ends on 3/3/2026.
[2026-02-04T12:01:43+0800] Continue in 2s...
[2026-02-04T12:01:45+0800] === ITERATION START ===
T: You've hit your usage limit for Opus You've saved $116 on API model usage this month with Pro+. Switch to a different model or set a Spend Limit to continue with Opus. Your usage limits will reset when your monthly cycle ends on 3/3/2026.
[2026-02-04T12:01:51+0800] Continue in 2s...
[2026-02-04T12:01:53+0800] === ITERATION START ===
T: You've hit your usage limit for Opus You've saved $116 on API model usage this month with Pro+. Switch to a different model or set a Spend Limit to continue with Opus. Your usage limits will reset when your monthly cycle ends on 3/3/2026.
[2026-02-04T12:01:59+0800] Continue in 2s...
[2026-02-04T12:02:01+0800] === ITERATION START ===
T: You've hit your usage limit for Opus You've saved $116 on API model usage this month with Pro+. Switch to a different model or set a Spend Limit to continue with Opus. Your usage limits will reset when your monthly cycle ends on 3/3/2026.
[2026-02-04T12:02:07+0800] Continue in 2s...
[2026-02-04T12:02:09+0800] === ITERATION START ===
T: You've hit your usage limit for Opus You've saved $116 on API model usage this month with Pro+. Switch to a different model or set a Spend Limit to continue with Opus. Your usage limits will reset when your monthly cycle ends on 3/3/2026.
[2026-02-04T12:02:15+0800] Continue in 2s...
[2026-02-04T12:02:17+0800] === ITERATION START ===
T: You've hit your usage limit for Opus You've saved $116 on API model usage this month with Pro+. Switch to a different model or set a Spend Limit to continue with Opus. Your usage limits will reset when your monthly cycle ends on 3/3/2026.
[2026-02-04T12:02:23+0800] Continue in 2s...
[2026-02-04T12:02:25+0800] === ITERATION START ===
T: You've hit your usage limit for Opus You've saved $116 on API model usage this month with Pro+. Switch to a different model or set a Spend Limit to continue with Opus. Your usage limits will reset when your monthly cycle ends on 3/3/2026.
[2026-02-04T12:02:31+0800] Continue in 2s...
[2026-02-04T12:02:33+0800] === ITERATION START ===
T: You've hit your usage limit for Opus You've saved $116 on API model usage this month with Pro+. Switch to a different model or set a Spend Limit to continue with Opus. Your usage limits will reset when your monthly cycle ends on 3/3/2026.
[2026-02-04T12:02:41+0800] Continue in 2s...
[2026-02-04T12:02:43+0800] === ITERATION START ===
T: You've hit your usage limit for Opus You've saved $116 on API model usage this month with Pro+. Switch to a different model or set a Spend Limit to continue with Opus. Your usage limits will reset when your monthly cycle ends on 3/3/2026.
[2026-02-04T12:02:49+0800] Continue in 2s...
[2026-02-04T12:02:51+0800] === ITERATION START ===
T: You've hit your usage limit for Opus You've saved $116 on API model usage this month with Pro+. Switch to a different model or set a Spend Limit to continue with Opus. Your usage limits will reset when your monthly cycle ends on 3/3/2026.
[2026-02-04T12:02:57+0800] Continue in 2s...
[2026-02-04T12:02:59+0800] === ITERATION START ===
T: You've hit your usage limit for Opus You've saved $116 on API model usage this month with Pro+. Switch to a different model or set a Spend Limit to continue with Opus. Your usage limits will reset when your monthly cycle ends on 3/3/2026.
[2026-02-04T12:03:05+0800] Continue in 2s...
[2026-02-04T12:03:08+0800] === ITERATION START ===
T: You've hit your usage limit for Opus You've saved $116 on API model usage this month with Pro+. Switch to a different model or set a Spend Limit to continue with Opus. Your usage limits will reset when your monthly cycle ends on 3/3/2026.
[2026-02-04T12:03:13+0800] Continue in 2s...
[2026-02-04T12:03:16+0800] === ITERATION START ===
T: You've hit your usage limit for Opus You've saved $116 on API model usage this month with Pro+. Switch to a different model or set a Spend Limit to continue with Opus. Your usage limits will reset when your monthly cycle ends on 3/3/2026.
[2026-02-04T12:03:25+0800] Continue in 2s...
[2026-02-04T12:03:27+0800] === ITERATION START ===
T: You've hit your usage limit for Opus You've saved $116 on API model usage this month with Pro+. Switch to a different model or set a Spend Limit to continue with Opus. Your usage limits will reset when your monthly cycle ends on 3/3/2026.
[2026-02-04T12:03:33+0800] Continue in 2s...
[2026-02-04T12:03:35+0800] === ITERATION START ===
T: You've hit your usage limit for Opus You've saved $116 on API model usage this month with Pro+. Switch to a different model or set a Spend Limit to continue with Opus. Your usage limits will reset when your monthly cycle ends on 3/3/2026.
[2026-02-04T12:03:40+0800] Continue in 2s...
[2026-02-04T12:03:42+0800] === ITERATION START ===
T: You've hit your usage limit for Opus You've saved $116 on API model usage this month with Pro+. Switch to a different model or set a Spend Limit to continue with Opus. Your usage limits will reset when your monthly cycle ends on 3/3/2026.
[2026-02-04T12:03:48+0800] Continue in 2s...
[2026-02-04T12:03:50+0800] === ITERATION START ===
T: You've hit your usage limit for Opus You've saved $116 on API model usage this month with Pro+. Switch to a different model or set a Spend Limit to continue with Opus. Your usage limits will reset when your monthly cycle ends on 3/3/2026.
[2026-02-04T12:03:56+0800] Continue in 2s...
[2026-02-04T12:03:58+0800] === ITERATION START ===
T: You've hit your usage limit for Opus You've saved $116 on API model usage this month with Pro+. Switch to a different model or set a Spend Limit to continue with Opus. Your usage limits will reset when your monthly cycle ends on 3/3/2026.
[2026-02-04T12:04:05+0800] Continue in 2s...
[2026-02-04T12:04:07+0800] === ITERATION START ===
T: You've hit your usage limit for Opus You've saved $116 on API model usage this month with Pro+. Switch to a different model or set a Spend Limit to continue with Opus. Your usage limits will reset when your monthly cycle ends on 3/3/2026.
[2026-02-04T12:04:12+0800] Continue in 2s...
[2026-02-04T12:04:14+0800] === ITERATION START ===
T: You've hit your usage limit for Opus You've saved $116 on API model usage this month with Pro+. Switch to a different model or set a Spend Limit to continue with Opus. Your usage limits will reset when your monthly cycle ends on 3/3/2026.
[2026-02-04T12:04:22+0800] Continue in 2s...
[2026-02-04T12:04:24+0800] === ITERATION START ===
T: You've hit your usage limit for Opus You've saved $116 on API model usage this month with Pro+. Switch to a different model or set a Spend Limit to continue with Opus. Your usage limits will reset when your monthly cycle ends on 3/3/2026.
[2026-02-04T12:04:31+0800] Continue in 2s...
[2026-02-04T12:04:33+0800] === ITERATION START ===
T: You've hit your usage limit for Opus You've saved $116 on API model usage this month with Pro+. Switch to a different model or set a Spend Limit to continue with Opus. Your usage limits will reset when your monthly cycle ends on 3/3/2026.
[2026-02-04T12:04:39+0800] Continue in 2s...
[2026-02-04T12:04:41+0800] === ITERATION START ===
T: You've hit your usage limit for Opus You've saved $116 on API model usage this month with Pro+. Switch to a different model or set a Spend Limit to continue with Opus. Your usage limits will reset when your monthly cycle ends on 3/3/2026.
[2026-02-04T12:04:47+0800] Continue in 2s...
[2026-02-04T12:04:49+0800] === ITERATION START ===
T: You've hit your usage limit for Opus You've saved $116 on API model usage this month with Pro+. Switch to a different model or set a Spend Limit to continue with Opus. Your usage limits will reset when your monthly cycle ends on 3/3/2026.
[2026-02-04T12:04:56+0800] Continue in 2s...
[2026-02-04T12:04:58+0800] === ITERATION START ===
T: You've hit your usage limit for Opus You've saved $116 on API model usage this month with Pro+. Switch to a different model or set a Spend Limit to continue with Opus. Your usage limits will reset when your monthly cycle ends on 3/3/2026.
[2026-02-04T12:05:04+0800] Continue in 2s...
[2026-02-04T12:05:06+0800] === ITERATION START ===
T: You've hit your usage limit for Opus You've saved $116 on API model usage this month with Pro+. Switch to a different model or set a Spend Limit to continue with Opus. Your usage limits will reset when your monthly cycle ends on 3/3/2026.
[2026-02-04T12:05:11+0800] Continue in 2s...
[2026-02-04T12:05:13+0800] === ITERATION START ===
T: You've hit your usage limit for Opus You've saved $116 on API model usage this month with Pro+. Switch to a different model or set a Spend Limit to continue with Opus. Your usage limits will reset when your monthly cycle ends on 3/3/2026.
[2026-02-04T12:05:20+0800] Continue in 2s...
[2026-02-04T12:05:22+0800] === ITERATION START ===
T: You've hit your usage limit for Opus You've saved $116 on API model usage this month with Pro+. Switch to a different model or set a Spend Limit to continue with Opus. Your usage limits will reset when your monthly cycle ends on 3/3/2026.
[2026-02-04T12:05:27+0800] Continue in 2s...
[2026-02-04T12:05:29+0800] === ITERATION START ===
T: You've hit your usage limit for Opus You've saved $116 on API model usage this month with Pro+. Switch to a different model or set a Spend Limit to continue with Opus. Your usage limits will reset when your monthly cycle ends on 3/3/2026.
[2026-02-04T12:05:35+0800] Continue in 2s...
[2026-02-04T12:05:37+0800] === ITERATION START ===
T: You've hit your usage limit for Opus You've saved $116 on API model usage this month with Pro+. Switch to a different model or set a Spend Limit to continue with Opus. Your usage limits will reset when your monthly cycle ends on 3/3/2026.
[2026-02-04T12:05:43+0800] Continue in 2s...
[2026-02-04T12:05:45+0800] === ITERATION START ===
T: You've hit your usage limit for Opus You've saved $116 on API model usage this month with Pro+. Switch to a different model or set a Spend Limit to continue with Opus. Your usage limits will reset when your monthly cycle ends on 3/3/2026.
[2026-02-04T12:05:50+0800] Continue in 2s...
[2026-02-04T12:05:52+0800] === ITERATION START ===
T: You've hit your usage limit for Opus You've saved $116 on API model usage this month with Pro+. Switch to a different model or set a Spend Limit to continue with Opus. Your usage limits will reset when your monthly cycle ends on 3/3/2026.
[2026-02-04T12:05:58+0800] Continue in 2s...
[2026-02-04T12:06:00+0800] === ITERATION START ===
T: You've hit your usage limit for Opus You've saved $116 on API model usage this month with Pro+. Switch to a different model or set a Spend Limit to continue with Opus. Your usage limits will reset when your monthly cycle ends on 3/3/2026.
[2026-02-04T12:06:05+0800] Continue in 2s...
[2026-02-04T12:06:07+0800] === ITERATION START ===
T: You've hit your usage limit for Opus You've saved $116 on API model usage this month with Pro+. Switch to a different model or set a Spend Limit to continue with Opus. Your usage limits will reset when your monthly cycle ends on 3/3/2026.
[2026-02-04T12:06:13+0800] Continue in 2s...
[2026-02-04T12:06:15+0800] === ITERATION START ===
T: You've hit your usage limit for Opus You've saved $117 on API model usage this month with Pro+. Switch to a different model or set a Spend Limit to continue with Opus. Your usage limits will reset when your monthly cycle ends on 3/3/2026.
[2026-02-04T12:06:21+0800] Continue in 2s...
[2026-02-04T12:06:23+0800] === ITERATION START ===
T: You've hit your usage limit for Opus You've saved $117 on API model usage this month with Pro+. Switch to a different model or set a Spend Limit to continue with Opus. Your usage limits will reset when your monthly cycle ends on 3/3/2026.
[2026-02-04T12:06:29+0800] Continue in 2s...
[2026-02-04T12:06:31+0800] === ITERATION START ===
T: You've hit your usage limit for Opus You've saved $117 on API model usage this month with Pro+. Switch to a different model or set a Spend Limit to continue with Opus. Your usage limits will reset when your monthly cycle ends on 3/3/2026.
[2026-02-04T12:06:37+0800] Continue in 2s...
[2026-02-04T12:06:39+0800] === ITERATION START ===
T: You've hit your usage limit for Opus You've saved $117 on API model usage this month with Pro+. Switch to a different model or set a Spend Limit to continue with Opus. Your usage limits will reset when your monthly cycle ends on 3/3/2026.
[2026-02-04T12:06:44+0800] Continue in 2s...
[2026-02-04T12:06:46+0800] === ITERATION START ===
T: You've hit your usage limit for Opus You've saved $117 on API model usage this month with Pro+. Switch to a different model or set a Spend Limit to continue with Opus. Your usage limits will reset when your monthly cycle ends on 3/3/2026.
[2026-02-04T12:06:52+0800] Continue in 2s...
[2026-02-04T12:06:54+0800] === ITERATION START ===
T: You've hit your usage limit for Opus You've saved $117 on API model usage this month with Pro+. Switch to a different model or set a Spend Limit to continue with Opus. Your usage limits will reset when your monthly cycle ends on 3/3/2026.
[2026-02-04T12:06:59+0800] Continue in 2s...
[2026-02-04T12:07:01+0800] === ITERATION START ===
T: You've hit your usage limit for Opus You've saved $117 on API model usage this month with Pro+. Switch to a different model or set a Spend Limit to continue with Opus. Your usage limits will reset when your monthly cycle ends on 3/3/2026.
[2026-02-04T12:07:07+0800] Continue in 2s...
[2026-02-04T12:07:09+0800] === ITERATION START ===
T: You've hit your usage limit for Opus You've saved $117 on API model usage this month with Pro+. Switch to a different model or set a Spend Limit to continue with Opus. Your usage limits will reset when your monthly cycle ends on 3/3/2026.
[2026-02-04T12:07:17+0800] Continue in 2s...
[2026-02-04T12:07:19+0800] === ITERATION START ===
T: You've hit your usage limit for Opus You've saved $117 on API model usage this month with Pro+. Switch to a different model or set a Spend Limit to continue with Opus. Your usage limits will reset when your monthly cycle ends on 3/3/2026.
[2026-02-04T12:07:27+0800] Continue in 2s...
[2026-02-04T12:07:29+0800] === ITERATION START ===
T: You've hit your usage limit for Opus You've saved $117 on API model usage this month with Pro+. Switch to a different model or set a Spend Limit to continue with Opus. Your usage limits will reset when your monthly cycle ends on 3/3/2026.
[2026-02-04T12:07:37+0800] Continue in 2s...
[2026-02-04T12:07:39+0800] === ITERATION START ===
T: You've hit your usage limit for Opus You've saved $117 on API model usage this month with Pro+. Switch to a different model or set a Spend Limit to continue with Opus. Your usage limits will reset when your monthly cycle ends on 3/3/2026.
[2026-02-04T12:07:49+0800] Continue in 2s...
[2026-02-04T12:07:51+0800] === ITERATION START ===
T: You've hit your usage limit for Opus You've saved $117 on API model usage this month with Pro+. Switch to a different model or set a Spend Limit to continue with Opus. Your usage limits will reset when your monthly cycle ends on 3/3/2026.
[2026-02-04T12:07:59+0800] Continue in 2s...
[2026-02-04T12:08:01+0800] === ITERATION START ===
T: You've hit your usage limit for Opus You've saved $117 on API model usage this month with Pro+. Switch to a different model or set a Spend Limit to continue with Opus. Your usage limits will reset when your monthly cycle ends on 3/3/2026.
[2026-02-04T12:08:06+0800] Continue in 2s...
[2026-02-04T12:08:08+0800] === ITERATION START ===
T: You've hit your usage limit for Opus You've saved $117 on API model usage this month with Pro+. Switch to a different model or set a Spend Limit to continue with Opus. Your usage limits will reset when your monthly cycle ends on 3/3/2026.
[2026-02-04T12:08:14+0800] Continue in 2s...
[2026-02-04T12:08:16+0800] === ITERATION START ===
T: You've hit your usage limit for Opus You've saved $117 on API model usage this month with Pro+. Switch to a different model or set a Spend Limit to continue with Opus. Your usage limits will reset when your monthly cycle ends on 3/3/2026.
[2026-02-04T12:08:22+0800] Continue in 2s...
[2026-02-04T12:08:24+0800] === ITERATION START ===
T: You've hit your usage limit for Opus You've saved $117 on API model usage this month with Pro+. Switch to a different model or set a Spend Limit to continue with Opus. Your usage limits will reset when your monthly cycle ends on 3/3/2026.
[2026-02-04T12:08:30+0800] Continue in 2s...
[2026-02-04T12:08:32+0800] === ITERATION START ===
T: You've hit your usage limit for Opus You've saved $117 on API model usage this month with Pro+. Switch to a different model or set a Spend Limit to continue with Opus. Your usage limits will reset when your monthly cycle ends on 3/3/2026.
[2026-02-04T12:08:37+0800] Continue in 2s...
[2026-02-04T12:08:39+0800] === ITERATION START ===
T: You've hit your usage limit for Opus You've saved $117 on API model usage this month with Pro+. Switch to a different model or set a Spend Limit to continue with Opus. Your usage limits will reset when your monthly cycle ends on 3/3/2026.
[2026-02-04T12:08:45+0800] Continue in 2s...
[2026-02-04T12:08:47+0800] === ITERATION START ===
T: You've hit your usage limit for Opus You've saved $117 on API model usage this month with Pro+. Switch to a different model or set a Spend Limit to continue with Opus. Your usage limits will reset when your monthly cycle ends on 3/3/2026.
[2026-02-04T12:08:53+0800] Continue in 2s...
[2026-02-04T12:08:55+0800] === ITERATION START ===
T: You've hit your usage limit for Opus You've saved $117 on API model usage this month with Pro+. Switch to a different model or set a Spend Limit to continue with Opus. Your usage limits will reset when your monthly cycle ends on 3/3/2026.
[2026-02-04T12:09:01+0800] Continue in 2s...
[2026-02-04T12:09:03+0800] === ITERATION START ===
T: You've hit your usage limit for Opus You've saved $117 on API model usage this month with Pro+. Switch to a different model or set a Spend Limit to continue with Opus. Your usage limits will reset when your monthly cycle ends on 3/3/2026.
[2026-02-04T12:09:08+0800] Continue in 2s...
[2026-02-04T12:09:10+0800] === ITERATION START ===
T: You've hit your usage limit for Opus You've saved $117 on API model usage this month with Pro+. Switch to a different model or set a Spend Limit to continue with Opus. Your usage limits will reset when your monthly cycle ends on 3/3/2026.
[2026-02-04T12:09:17+0800] Continue in 2s...
[2026-02-04T12:09:19+0800] === ITERATION START ===
T: You've hit your usage limit for Opus You've saved $117 on API model usage this month with Pro+. Switch to a different model or set a Spend Limit to continue with Opus. Your usage limits will reset when your monthly cycle ends on 3/3/2026.
[2026-02-04T12:09:26+0800] Continue in 2s...
[2026-02-04T12:09:28+0800] === ITERATION START ===
T: You've hit your usage limit for Opus You've saved $117 on API model usage this month with Pro+. Switch to a different model or set a Spend Limit to continue with Opus. Your usage limits will reset when your monthly cycle ends on 3/3/2026.
[2026-02-04T12:09:34+0800] Continue in 2s...
[2026-02-04T12:09:36+0800] === ITERATION START ===
T: You've hit your usage limit for Opus You've saved $117 on API model usage this month with Pro+. Switch to a different model or set a Spend Limit to continue with Opus. Your usage limits will reset when your monthly cycle ends on 3/3/2026.
[2026-02-04T12:09:43+0800] Continue in 2s...
[2026-02-04T12:09:45+0800] === ITERATION START ===
T: You've hit your usage limit for Opus You've saved $117 on API model usage this month with Pro+. Switch to a different model or set a Spend Limit to continue with Opus. Your usage limits will reset when your monthly cycle ends on 3/3/2026.
[2026-02-04T12:09:53+0800] Continue in 2s...
[2026-02-04T12:09:55+0800] === ITERATION START ===
T: You've hit your usage limit for Opus You've saved $117 on API model usage this month with Pro+. Switch to a different model or set a Spend Limit to continue with Opus. Your usage limits will reset when your monthly cycle ends on 3/3/2026.
[2026-02-04T12:10:02+0800] Continue in 2s...
[2026-02-04T12:10:04+0800] === ITERATION START ===
T: You've hit your usage limit for Opus You've saved $117 on API model usage this month with Pro+. Switch to a different model or set a Spend Limit to continue with Opus. Your usage limits will reset when your monthly cycle ends on 3/3/2026.
[2026-02-04T12:10:10+0800] Continue in 2s...
[2026-02-04T12:10:12+0800] === ITERATION START ===
T: You've hit your usage limit for Opus You've saved $117 on API model usage this month with Pro+. Switch to a different model or set a Spend Limit to continue with Opus. Your usage limits will reset when your monthly cycle ends on 3/3/2026.
[2026-02-04T12:10:17+0800] Continue in 2s...
[2026-02-04T12:10:20+0800] === ITERATION START ===
T: You've hit your usage limit for Opus You've saved $117 on API model usage this month with Pro+. Switch to a different model or set a Spend Limit to continue with Opus. Your usage limits will reset when your monthly cycle ends on 3/3/2026.
[2026-02-04T12:10:29+0800] Continue in 2s...
[2026-02-04T12:10:31+0800] === ITERATION START ===
T: You've hit your usage limit for Opus You've saved $117 on API model usage this month with Pro+. Switch to a different model or set a Spend Limit to continue with Opus. Your usage limits will reset when your monthly cycle ends on 3/3/2026.
[2026-02-04T12:10:38+0800] Continue in 2s...
[2026-02-04T12:10:40+0800] === ITERATION START ===
T: You've hit your usage limit for Opus You've saved $117 on API model usage this month with Pro+. Switch to a different model or set a Spend Limit to continue with Opus. Your usage limits will reset when your monthly cycle ends on 3/3/2026.
[2026-02-04T12:10:45+0800] Continue in 2s...
[2026-02-04T12:10:47+0800] === ITERATION START ===
T: You've hit your usage limit for Opus You've saved $117 on API model usage this month with Pro+. Switch to a different model or set a Spend Limit to continue with Opus. Your usage limits will reset when your monthly cycle ends on 3/3/2026.
[2026-02-04T12:10:54+0800] Continue in 2s...
[2026-02-04T12:10:56+0800] === ITERATION START ===
T: You've hit your usage limit for Opus You've saved $117 on API model usage this month with Pro+. Switch to a different model or set a Spend Limit to continue with Opus. Your usage limits will reset when your monthly cycle ends on 3/3/2026.
[2026-02-04T12:11:02+0800] Continue in 2s...
[2026-02-04T12:11:04+0800] === ITERATION START ===
T: You've hit your usage limit for Opus You've saved $117 on API model usage this month with Pro+. Switch to a different model or set a Spend Limit to continue with Opus. Your usage limits will reset when your monthly cycle ends on 3/3/2026.
[2026-02-04T12:11:11+0800] Continue in 2s...
[2026-02-04T12:11:13+0800] === ITERATION START ===
T: You've hit your usage limit for Opus You've saved $117 on API model usage this month with Pro+. Switch to a different model or set a Spend Limit to continue with Opus. Your usage limits will reset when your monthly cycle ends on 3/3/2026.
[2026-02-04T12:11:21+0800] Continue in 2s...
[2026-02-04T12:11:24+0800] === ITERATION START ===
T: You've hit your usage limit for Opus You've saved $117 on API model usage this month with Pro+. Switch to a different model or set a Spend Limit to continue with Opus. Your usage limits will reset when your monthly cycle ends on 3/3/2026.
[2026-02-04T12:11:30+0800] Continue in 2s...
[2026-02-04T12:11:32+0800] === ITERATION START ===
T: You've hit your usage limit for Opus You've saved $117 on API model usage this month with Pro+. Switch to a different model or set a Spend Limit to continue with Opus. Your usage limits will reset when your monthly cycle ends on 3/3/2026.
[2026-02-04T12:11:38+0800] Continue in 2s...
[2026-02-04T12:11:40+0800] === ITERATION START ===
T: You've hit your usage limit for Opus You've saved $117 on API model usage this month with Pro+. Switch to a different model or set a Spend Limit to continue with Opus. Your usage limits will reset when your monthly cycle ends on 3/3/2026.
[2026-02-04T12:11:47+0800] Continue in 2s...
[2026-02-04T12:11:49+0800] === ITERATION START ===
T: You've hit your usage limit for Opus You've saved $117 on API model usage this month with Pro+. Switch to a different model or set a Spend Limit to continue with Opus. Your usage limits will reset when your monthly cycle ends on 3/3/2026.
[2026-02-04T12:11:58+0800] Continue in 2s...
[2026-02-04T12:12:00+0800] === ITERATION START ===
T: You've hit your usage limit for Opus You've saved $117 on API model usage this month with Pro+. Switch to a different model or set a Spend Limit to continue with Opus. Your usage limits will reset when your monthly cycle ends on 3/3/2026.
[2026-02-04T12:12:06+0800] Continue in 2s...
[2026-02-04T12:12:08+0800] === ITERATION START ===
T: You've hit your usage limit for Opus You've saved $117 on API model usage this month with Pro+. Switch to a different model or set a Spend Limit to continue with Opus. Your usage limits will reset when your monthly cycle ends on 3/3/2026.
[2026-02-04T12:12:14+0800] Continue in 2s...
[2026-02-04T12:12:17+0800] === ITERATION START ===
T: You've hit your usage limit for Opus You've saved $117 on API model usage this month with Pro+. Switch to a different model or set a Spend Limit to continue with Opus. Your usage limits will reset when your monthly cycle ends on 3/3/2026.
[2026-02-04T12:12:25+0800] Continue in 2s...
[2026-02-04T12:12:27+0800] === ITERATION START ===
T: You've hit your usage limit for Opus You've saved $117 on API model usage this month with Pro+. Switch to a different model or set a Spend Limit to continue with Opus. Your usage limits will reset when your monthly cycle ends on 3/3/2026.
[2026-02-04T12:12:33+0800] Continue in 2s...
[2026-02-04T12:12:35+0800] === ITERATION START ===
T: You've hit your usage limit for Opus You've saved $117 on API model usage this month with Pro+. Switch to a different model or set a Spend Limit to continue with Opus. Your usage limits will reset when your monthly cycle ends on 3/3/2026.
[2026-02-04T12:12:40+0800] Continue in 2s...
[2026-02-04T12:12:42+0800] === ITERATION START ===
T: You've hit your usage limit for Opus You've saved $117 on API model usage this month with Pro+. Switch to a different model or set a Spend Limit to continue with Opus. Your usage limits will reset when your monthly cycle ends on 3/3/2026.
[2026-02-04T12:12:48+0800] Continue in 2s...
[2026-02-04T12:12:50+0800] === ITERATION START ===
T: You've hit your usage limit for Opus You've saved $117 on API model usage this month with Pro+. Switch to a different model or set a Spend Limit to continue with Opus. Your usage limits will reset when your monthly cycle ends on 3/3/2026.
[2026-02-04T12:12:58+0800] Continue in 2s...
[2026-02-04T12:13:00+0800] === ITERATION START ===
T: You've hit your usage limit for Opus You've saved $117 on API model usage this month with Pro+. Switch to a different model or set a Spend Limit to continue with Opus. Your usage limits will reset when your monthly cycle ends on 3/3/2026.
[2026-02-04T12:13:06+0800] Continue in 2s...
[2026-02-04T12:13:08+0800] === ITERATION START ===
T: You've hit your usage limit for Opus You've saved $117 on API model usage this month with Pro+. Switch to a different model or set a Spend Limit to continue with Opus. Your usage limits will reset when your monthly cycle ends on 3/3/2026.
[2026-02-04T12:13:14+0800] Continue in 2s...
[2026-02-04T12:13:16+0800] === ITERATION START ===
T: You've hit your usage limit for Opus You've saved $117 on API model usage this month with Pro+. Switch to a different model or set a Spend Limit to continue with Opus. Your usage limits will reset when your monthly cycle ends on 3/3/2026.
[2026-02-04T12:13:23+0800] Continue in 2s...
[2026-02-04T12:13:26+0800] === ITERATION START ===
T: You've hit your usage limit for Opus You've saved $117 on API model usage this month with Pro+. Switch to a different model or set a Spend Limit to continue with Opus. Your usage limits will reset when your monthly cycle ends on 3/3/2026.
[2026-02-04T12:13:34+0800] Continue in 2s...
[2026-02-04T12:13:36+0800] === ITERATION START ===
T: You've hit your usage limit for Opus You've saved $117 on API model usage this month with Pro+. Switch to a different model or set a Spend Limit to continue with Opus. Your usage limits will reset when your monthly cycle ends on 3/3/2026.
[2026-02-04T12:13:42+0800] Continue in 2s...
[2026-02-04T12:13:44+0800] === ITERATION START ===
T: You've hit your usage limit for Opus You've saved $117 on API model usage this month with Pro+. Switch to a different model or set a Spend Limit to continue with Opus. Your usage limits will reset when your monthly cycle ends on 3/3/2026.
[2026-02-04T12:13:50+0800] Continue in 2s...
[2026-02-04T12:13:52+0800] === ITERATION START ===
T: You've hit your usage limit for Opus You've saved $117 on API model usage this month with Pro+. Switch to a different model or set a Spend Limit to continue with Opus. Your usage limits will reset when your monthly cycle ends on 3/3/2026.
[2026-02-04T12:13:59+0800] Continue in 2s...
[2026-02-04T12:14:01+0800] === ITERATION START ===
T: You've hit your usage limit for Opus You've saved $117 on API model usage this month with Pro+. Switch to a different model or set a Spend Limit to continue with Opus. Your usage limits will reset when your monthly cycle ends on 3/3/2026.
[2026-02-04T12:14:07+0800] Continue in 2s...
[2026-02-04T12:14:09+0800] === ITERATION START ===
T: You've hit your usage limit for Opus You've saved $117 on API model usage this month with Pro+. Switch to a different model or set a Spend Limit to continue with Opus. Your usage limits will reset when your monthly cycle ends on 3/3/2026.
[2026-02-04T12:14:15+0800] Continue in 2s...
[2026-02-04T12:14:17+0800] === ITERATION START ===
T: You've hit your usage limit for Opus You've saved $117 on API model usage this month with Pro+. Switch to a different model or set a Spend Limit to continue with Opus. Your usage limits will reset when your monthly cycle ends on 3/3/2026.
[2026-02-04T12:14:22+0800] Continue in 2s...
[2026-02-04T12:14:25+0800] === ITERATION START ===
T: You've hit your usage limit for Opus You've saved $117 on API model usage this month with Pro+. Switch to a different model or set a Spend Limit to continue with Opus. Your usage limits will reset when your monthly cycle ends on 3/3/2026.
[2026-02-04T12:14:35+0800] Continue in 2s...
[2026-02-04T12:14:37+0800] === ITERATION START ===
T: You've hit your usage limit for Opus You've saved $117 on API model usage this month with Pro+. Switch to a different model or set a Spend Limit to continue with Opus. Your usage limits will reset when your monthly cycle ends on 3/3/2026.
[2026-02-04T12:14:43+0800] Continue in 2s...
[2026-02-04T12:14:45+0800] === ITERATION START ===
T: You've hit your usage limit for Opus You've saved $117 on API model usage this month with Pro+. Switch to a different model or set a Spend Limit to continue with Opus. Your usage limits will reset when your monthly cycle ends on 3/3/2026.
[2026-02-04T12:14:50+0800] Continue in 2s...
[2026-02-04T12:14:52+0800] === ITERATION START ===
T: You've hit your usage limit for Opus You've saved $117 on API model usage this month with Pro+. Switch to a different model or set a Spend Limit to continue with Opus. Your usage limits will reset when your monthly cycle ends on 3/3/2026.
[2026-02-04T12:14:59+0800] Continue in 2s...
[2026-02-04T12:15:01+0800] === ITERATION START ===
T: You've hit your usage limit for Opus You've saved $117 on API model usage this month with Pro+. Switch to a different model or set a Spend Limit to continue with Opus. Your usage limits will reset when your monthly cycle ends on 3/3/2026.
[2026-02-04T12:15:07+0800] Continue in 2s...
[2026-02-04T12:15:09+0800] === ITERATION START ===
T: You've hit your usage limit for Opus You've saved $117 on API model usage this month with Pro+. Switch to a different model or set a Spend Limit to continue with Opus. Your usage limits will reset when your monthly cycle ends on 3/3/2026.
[2026-02-04T12:15:16+0800] Continue in 2s...
[2026-02-04T12:15:18+0800] === ITERATION START ===
T: You've hit your usage limit for Opus You've saved $117 on API model usage this month with Pro+. Switch to a different model or set a Spend Limit to continue with Opus. Your usage limits will reset when your monthly cycle ends on 3/3/2026.
[2026-02-04T12:15:26+0800] Continue in 2s...
[2026-02-04T12:15:28+0800] === ITERATION START ===
T: You've hit your usage limit for Opus You've saved $117 on API model usage this month with Pro+. Switch to a different model or set a Spend Limit to continue with Opus. Your usage limits will reset when your monthly cycle ends on 3/3/2026.
[2026-02-04T12:15:36+0800] Continue in 2s...
[2026-02-04T12:15:38+0800] === ITERATION START ===
T: You've hit your usage limit for Opus You've saved $117 on API model usage this month with Pro+. Switch to a different model or set a Spend Limit to continue with Opus. Your usage limits will reset when your monthly cycle ends on 3/3/2026.
[2026-02-04T12:15:45+0800] Continue in 2s...
[2026-02-04T12:15:47+0800] === ITERATION START ===
T: You've hit your usage limit for Opus You've saved $117 on API model usage this month with Pro+. Switch to a different model or set a Spend Limit to continue with Opus. Your usage limits will reset when your monthly cycle ends on 3/3/2026.
[2026-02-04T12:15:53+0800] Continue in 2s...
[2026-02-04T12:15:55+0800] === ITERATION START ===
T: You've hit your usage limit for Opus You've saved $117 on API model usage this month with Pro+. Switch to a different model or set a Spend Limit to continue with Opus. Your usage limits will reset when your monthly cycle ends on 3/3/2026.
[2026-02-04T12:16:04+0800] Continue in 2s...
[2026-02-04T12:16:06+0800] === ITERATION START ===
T: You've hit your usage limit for Opus You've saved $117 on API model usage this month with Pro+. Switch to a different model or set a Spend Limit to continue with Opus. Your usage limits will reset when your monthly cycle ends on 3/3/2026.
[2026-02-04T12:16:15+0800] Continue in 2s...
[2026-02-04T12:16:17+0800] === ITERATION START ===
T: You've hit your usage limit for Opus You've saved $117 on API model usage this month with Pro+. Switch to a different model or set a Spend Limit to continue with Opus. Your usage limits will reset when your monthly cycle ends on 3/3/2026.
[2026-02-04T12:16:23+0800] Continue in 2s...
[2026-02-04T12:16:25+0800] === ITERATION START ===
T: You've hit your usage limit for Opus You've saved $117 on API model usage this month with Pro+. Switch to a different model or set a Spend Limit to continue with Opus. Your usage limits will reset when your monthly cycle ends on 3/3/2026.
[2026-02-04T12:16:34+0800] Continue in 2s...
[2026-02-04T12:16:36+0800] === ITERATION START ===
T: You've hit your usage limit for Opus You've saved $117 on API model usage this month with Pro+. Switch to a different model or set a Spend Limit to continue with Opus. Your usage limits will reset when your monthly cycle ends on 3/3/2026.
[2026-02-04T12:16:42+0800] Continue in 2s...
[2026-02-04T12:16:45+0800] === ITERATION START ===
T: You've hit your usage limit for Opus You've saved $117 on API model usage this month with Pro+. Switch to a different model or set a Spend Limit to continue with Opus. Your usage limits will reset when your monthly cycle ends on 3/3/2026.
[2026-02-04T12:16:52+0800] Continue in 2s...
[2026-02-04T12:16:54+0800] === ITERATION START ===
T: You've hit your usage limit for Opus You've saved $117 on API model usage this month with Pro+. Switch to a different model or set a Spend Limit to continue with Opus. Your usage limits will reset when your monthly cycle ends on 3/3/2026.
[2026-02-04T12:17:01+0800] Continue in 2s...
[2026-02-04T12:17:03+0800] === ITERATION START ===
T: You've hit your usage limit for Opus You've saved $117 on API model usage this month with Pro+. Switch to a different model or set a Spend Limit to continue with Opus. Your usage limits will reset when your monthly cycle ends on 3/3/2026.
[2026-02-04T12:17:11+0800] Continue in 2s...
[2026-02-04T12:17:13+0800] === ITERATION START ===
T: You've hit your usage limit for Opus You've saved $117 on API model usage this month with Pro+. Switch to a different model or set a Spend Limit to continue with Opus. Your usage limits will reset when your monthly cycle ends on 3/3/2026.
[2026-02-04T12:17:22+0800] Continue in 2s...
[2026-02-04T12:17:24+0800] === ITERATION START ===
T: You've hit your usage limit for Opus You've saved $117 on API model usage this month with Pro+. Switch to a different model or set a Spend Limit to continue with Opus. Your usage limits will reset when your monthly cycle ends on 3/3/2026.
[2026-02-04T12:17:33+0800] Continue in 2s...
[2026-02-04T12:17:35+0800] === ITERATION START ===
T: You've hit your usage limit for Opus You've saved $117 on API model usage this month with Pro+. Switch to a different model or set a Spend Limit to continue with Opus. Your usage limits will reset when your monthly cycle ends on 3/3/2026.
[2026-02-04T12:17:41+0800] Continue in 2s...
[2026-02-04T12:17:43+0800] === ITERATION START ===
T: You've hit your usage limit for Opus You've saved $117 on API model usage this month with Pro+. Switch to a different model or set a Spend Limit to continue with Opus. Your usage limits will reset when your monthly cycle ends on 3/3/2026.
[2026-02-04T12:17:50+0800] Continue in 2s...
[2026-02-04T12:17:52+0800] === ITERATION START ===
T: You've hit your usage limit for Opus You've saved $117 on API model usage this month with Pro+. Switch to a different model or set a Spend Limit to continue with Opus. Your usage limits will reset when your monthly cycle ends on 3/3/2026.
[2026-02-04T12:17:59+0800] Continue in 2s...
[2026-02-04T12:18:01+0800] === ITERATION START ===
T: You've hit your usage limit for Opus You've saved $117 on API model usage this month with Pro+. Switch to a different model or set a Spend Limit to continue with Opus. Your usage limits will reset when your monthly cycle ends on 3/3/2026.
[2026-02-04T12:18:07+0800] Continue in 2s...
[2026-02-04T12:18:09+0800] === ITERATION START ===
T: You've hit your usage limit for Opus You've saved $117 on API model usage this month with Pro+. Switch to a different model or set a Spend Limit to continue with Opus. Your usage limits will reset when your monthly cycle ends on 3/3/2026.
[2026-02-04T12:18:15+0800] Continue in 2s...
[2026-02-04T12:18:17+0800] === ITERATION START ===
T: You've hit your usage limit for Opus You've saved $117 on API model usage this month with Pro+. Switch to a different model or set a Spend Limit to continue with Opus. Your usage limits will reset when your monthly cycle ends on 3/3/2026.
[2026-02-04T12:18:22+0800] Continue in 2s...
[2026-02-04T12:18:24+0800] === ITERATION START ===
T: You've hit your usage limit for Opus You've saved $117 on API model usage this month with Pro+. Switch to a different model or set a Spend Limit to continue with Opus. Your usage limits will reset when your monthly cycle ends on 3/3/2026.
[2026-02-04T12:18:30+0800] Continue in 2s...
[2026-02-04T12:18:32+0800] === ITERATION START ===
T: You've hit your usage limit for Opus You've saved $117 on API model usage this month with Pro+. Switch to a different model or set a Spend Limit to continue with Opus. Your usage limits will reset when your monthly cycle ends on 3/3/2026.
[2026-02-04T12:18:46+0800] Continue in 2s...
[2026-02-04T12:18:48+0800] === ITERATION START ===
T: You've hit your usage limit for Opus You've saved $117 on API model usage this month with Pro+. Switch to a different model or set a Spend Limit to continue with Opus. Your usage limits will reset when your monthly cycle ends on 3/3/2026.
[2026-02-04T12:18:59+0800] Continue in 2s...
[2026-02-04T12:19:01+0800] === ITERATION START ===
T: You've hit your usage limit for Opus You've saved $117 on API model usage this month with Pro+. Switch to a different model or set a Spend Limit to continue with Opus. Your usage limits will reset when your monthly cycle ends on 3/3/2026.
[2026-02-04T12:19:08+0800] Continue in 2s...
[2026-02-04T12:19:10+0800] === ITERATION START ===
T: You've hit your usage limit for Opus You've saved $117 on API model usage this month with Pro+. Switch to a different model or set a Spend Limit to continue with Opus. Your usage limits will reset when your monthly cycle ends on 3/3/2026.
[2026-02-04T12:19:17+0800] Continue in 2s...
[2026-02-04T12:19:19+0800] === ITERATION START ===
T: You've hit your usage limit for Opus You've saved $117 on API model usage this month with Pro+. Switch to a different model or set a Spend Limit to continue with Opus. Your usage limits will reset when your monthly cycle ends on 3/3/2026.
[2026-02-04T12:19:26+0800] Continue in 2s...
[2026-02-04T12:19:28+0800] === ITERATION START ===
T: You've hit your usage limit for Opus You've saved $117 on API model usage this month with Pro+. Switch to a different model or set a Spend Limit to continue with Opus. Your usage limits will reset when your monthly cycle ends on 3/3/2026.
[2026-02-04T12:19:34+0800] Continue in 2s...
[2026-02-04T12:19:36+0800] === ITERATION START ===
T: You've hit your usage limit for Opus You've saved $118 on API model usage this month with Pro+. Switch to a different model or set a Spend Limit to continue with Opus. Your usage limits will reset when your monthly cycle ends on 3/3/2026.
[2026-02-04T12:19:43+0800] Continue in 2s...
[2026-02-04T12:19:45+0800] === ITERATION START ===
T: You've hit your usage limit for Opus You've saved $118 on API model usage this month with Pro+. Switch to a different model or set a Spend Limit to continue with Opus. Your usage limits will reset when your monthly cycle ends on 3/3/2026.
[2026-02-04T12:19:52+0800] Continue in 2s...
[2026-02-04T12:19:54+0800] === ITERATION START ===
T: You've hit your usage limit for Opus You've saved $118 on API model usage this month with Pro+. Switch to a different model or set a Spend Limit to continue with Opus. Your usage limits will reset when your monthly cycle ends on 3/3/2026.
[2026-02-04T12:20:00+0800] Continue in 2s...
[2026-02-04T12:20:02+0800] === ITERATION START ===
T: You've hit your usage limit for Opus You've saved $118 on API model usage this month with Pro+. Switch to a different model or set a Spend Limit to continue with Opus. Your usage limits will reset when your monthly cycle ends on 3/3/2026.
[2026-02-04T12:20:08+0800] Continue in 2s...
[2026-02-04T12:20:11+0800] === ITERATION START ===
T: You've hit your usage limit for Opus You've saved $118 on API model usage this month with Pro+. Switch to a different model or set a Spend Limit to continue with Opus. Your usage limits will reset when your monthly cycle ends on 3/3/2026.
[2026-02-04T12:20:19+0800] Continue in 2s...
[2026-02-04T12:20:21+0800] === ITERATION START ===
T: You've hit your usage limit for Opus You've saved $118 on API model usage this month with Pro+. Switch to a different model or set a Spend Limit to continue with Opus. Your usage limits will reset when your monthly cycle ends on 3/3/2026.
[2026-02-04T12:20:28+0800] Continue in 2s...
[2026-02-04T12:20:30+0800] === ITERATION START ===
T: You've hit your usage limit for Opus You've saved $118 on API model usage this month with Pro+. Switch to a different model or set a Spend Limit to continue with Opus. Your usage limits will reset when your monthly cycle ends on 3/3/2026.
[2026-02-04T12:20:36+0800] Continue in 2s...
[2026-02-04T12:20:38+0800] === ITERATION START ===
T: You've hit your usage limit for Opus You've saved $118 on API model usage this month with Pro+. Switch to a different model or set a Spend Limit to continue with Opus. Your usage limits will reset when your monthly cycle ends on 3/3/2026.
[2026-02-04T12:20:43+0800] Continue in 2s...
[2026-02-04T12:20:46+0800] === ITERATION START ===
T: You've hit your usage limit for Opus You've saved $118 on API model usage this month with Pro+. Switch to a different model or set a Spend Limit to continue with Opus. Your usage limits will reset when your monthly cycle ends on 3/3/2026.
[2026-02-04T12:20:51+0800] Continue in 2s...
[2026-02-04T12:20:53+0800] === ITERATION START ===
T: You've hit your usage limit for Opus You've saved $118 on API model usage this month with Pro+. Switch to a different model or set a Spend Limit to continue with Opus. Your usage limits will reset when your monthly cycle ends on 3/3/2026.
[2026-02-04T12:20:59+0800] Continue in 2s...
[2026-02-04T12:21:01+0800] === ITERATION START ===
T: You've hit your usage limit for Opus You've saved $118 on API model usage this month with Pro+. Switch to a different model or set a Spend Limit to continue with Opus. Your usage limits will reset when your monthly cycle ends on 3/3/2026.
[2026-02-04T12:21:08+0800] Continue in 2s...
[2026-02-04T12:21:10+0800] === ITERATION START ===
T: You've hit your usage limit for Opus You've saved $118 on API model usage this month with Pro+. Switch to a different model or set a Spend Limit to continue with Opus. Your usage limits will reset when your monthly cycle ends on 3/3/2026.
[2026-02-04T12:21:17+0800] Continue in 2s...
[2026-02-04T12:21:19+0800] === ITERATION START ===
T: You've hit your usage limit for Opus You've saved $118 on API model usage this month with Pro+. Switch to a different model or set a Spend Limit to continue with Opus. Your usage limits will reset when your monthly cycle ends on 3/3/2026.
[2026-02-04T12:21:25+0800] Continue in 2s...
[2026-02-04T12:21:27+0800] === ITERATION START ===
T: You've hit your usage limit for Opus You've saved $118 on API model usage this month with Pro+. Switch to a different model or set a Spend Limit to continue with Opus. Your usage limits will reset when your monthly cycle ends on 3/3/2026.
[2026-02-04T12:21:33+0800] Continue in 2s...
[2026-02-04T12:21:35+0800] === ITERATION START ===
T: You've hit your usage limit for Opus You've saved $118 on API model usage this month with Pro+. Switch to a different model or set a Spend Limit to continue with Opus. Your usage limits will reset when your monthly cycle ends on 3/3/2026.
[2026-02-04T12:21:41+0800] Continue in 2s...
[2026-02-04T12:21:43+0800] === ITERATION START ===
T: You've hit your usage limit for Opus You've saved $118 on API model usage this month with Pro+. Switch to a different model or set a Spend Limit to continue with Opus. Your usage limits will reset when your monthly cycle ends on 3/3/2026.
[2026-02-04T12:21:49+0800] Continue in 2s...
[2026-02-04T12:21:51+0800] === ITERATION START ===
T: You've hit your usage limit for Opus You've saved $118 on API model usage this month with Pro+. Switch to a different model or set a Spend Limit to continue with Opus. Your usage limits will reset when your monthly cycle ends on 3/3/2026.
[2026-02-04T12:21:57+0800] Continue in 2s...
[2026-02-04T12:21:59+0800] === ITERATION START ===
T: You've hit your usage limit for Opus You've saved $118 on API model usage this month with Pro+. Switch to a different model or set a Spend Limit to continue with Opus. Your usage limits will reset when your monthly cycle ends on 3/3/2026.
[2026-02-04T12:22:04+0800] Continue in 2s...
[2026-02-04T12:22:07+0800] === ITERATION START ===
T: You've hit your usage limit for Opus You've saved $118 on API model usage this month with Pro+. Switch to a different model or set a Spend Limit to continue with Opus. Your usage limits will reset when your monthly cycle ends on 3/3/2026.
[2026-02-04T12:22:12+0800] Continue in 2s...
[2026-02-04T12:22:14+0800] === ITERATION START ===
T: You've hit your usage limit for Opus You've saved $118 on API model usage this month with Pro+. Switch to a different model or set a Spend Limit to continue with Opus. Your usage limits will reset when your monthly cycle ends on 3/3/2026.
[2026-02-04T12:22:24+0800] Continue in 2s...
[2026-02-04T12:22:26+0800] === ITERATION START ===
T: You've hit your usage limit for Opus You've saved $118 on API model usage this month with Pro+. Switch to a different model or set a Spend Limit to continue with Opus. Your usage limits will reset when your monthly cycle ends on 3/3/2026.
[2026-02-04T12:22:31+0800] Continue in 2s...
[2026-02-04T12:22:33+0800] === ITERATION START ===
T: You've hit your usage limit for Opus You've saved $118 on API model usage this month with Pro+. Switch to a different model or set a Spend Limit to continue with Opus. Your usage limits will reset when your monthly cycle ends on 3/3/2026.
[2026-02-04T12:22:39+0800] Continue in 2s...
[2026-02-04T12:22:41+0800] === ITERATION START ===
T: You've hit your usage limit for Opus You've saved $118 on API model usage this month with Pro+. Switch to a different model or set a Spend Limit to continue with Opus. Your usage limits will reset when your monthly cycle ends on 3/3/2026.
[2026-02-04T12:22:47+0800] Continue in 2s...
[2026-02-04T12:22:49+0800] === ITERATION START ===
T: You've hit your usage limit for Opus You've saved $118 on API model usage this month with Pro+. Switch to a different model or set a Spend Limit to continue with Opus. Your usage limits will reset when your monthly cycle ends on 3/3/2026.
[2026-02-04T12:22:55+0800] Continue in 2s...
[2026-02-04T12:22:57+0800] === ITERATION START ===
T: You've hit your usage limit for Opus You've saved $118 on API model usage this month with Pro+. Switch to a different model or set a Spend Limit to continue with Opus. Your usage limits will reset when your monthly cycle ends on 3/3/2026.
[2026-02-04T12:23:03+0800] Continue in 2s...
[2026-02-04T12:23:05+0800] === ITERATION START ===
T: You've hit your usage limit for Opus You've saved $118 on API model usage this month with Pro+. Switch to a different model or set a Spend Limit to continue with Opus. Your usage limits will reset when your monthly cycle ends on 3/3/2026.
[2026-02-04T12:23:10+0800] Continue in 2s...
[2026-02-04T12:23:12+0800] === ITERATION START ===
T: You've hit your usage limit for Opus You've saved $118 on API model usage this month with Pro+. Switch to a different model or set a Spend Limit to continue with Opus. Your usage limits will reset when your monthly cycle ends on 3/3/2026.
[2026-02-04T12:23:21+0800] Continue in 2s...
[2026-02-04T12:23:23+0800] === ITERATION START ===
T: You've hit your usage limit for Opus You've saved $118 on API model usage this month with Pro+. Switch to a different model or set a Spend Limit to continue with Opus. Your usage limits will reset when your monthly cycle ends on 3/3/2026.
[2026-02-04T12:23:28+0800] Continue in 2s...
[2026-02-04T12:23:30+0800] === ITERATION START ===
T: You've hit your usage limit for Opus You've saved $118 on API model usage this month with Pro+. Switch to a different model or set a Spend Limit to continue with Opus. Your usage limits will reset when your monthly cycle ends on 3/3/2026.
[2026-02-04T12:23:36+0800] Continue in 2s...
[2026-02-04T12:23:38+0800] === ITERATION START ===
T: You've hit your usage limit for Opus You've saved $118 on API model usage this month with Pro+. Switch to a different model or set a Spend Limit to continue with Opus. Your usage limits will reset when your monthly cycle ends on 3/3/2026.
[2026-02-04T12:23:43+0800] Continue in 2s...
[2026-02-04T12:23:46+0800] === ITERATION START ===
T: You've hit your usage limit for Opus You've saved $118 on API model usage this month with Pro+. Switch to a different model or set a Spend Limit to continue with Opus. Your usage limits will reset when your monthly cycle ends on 3/3/2026.
[2026-02-04T12:23:52+0800] Continue in 2s...
[2026-02-04T12:23:54+0800] === ITERATION START ===
T: You've hit your usage limit for Opus You've saved $118 on API model usage this month with Pro+. Switch to a different model or set a Spend Limit to continue with Opus. Your usage limits will reset when your monthly cycle ends on 3/3/2026.
[2026-02-04T12:23:59+0800] Continue in 2s...
[2026-02-04T12:24:02+0800] === ITERATION START ===
T: You've hit your usage limit for Opus You've saved $118 on API model usage this month with Pro+. Switch to a different model or set a Spend Limit to continue with Opus. Your usage limits will reset when your monthly cycle ends on 3/3/2026.
[2026-02-04T12:24:07+0800] Continue in 2s...
[2026-02-04T12:24:09+0800] === ITERATION START ===
T: You've hit your usage limit for Opus You've saved $118 on API model usage this month with Pro+. Switch to a different model or set a Spend Limit to continue with Opus. Your usage limits will reset when your monthly cycle ends on 3/3/2026.
[2026-02-04T12:24:15+0800] Continue in 2s...
[2026-02-04T12:24:17+0800] === ITERATION START ===
T: You've hit your usage limit for Opus You've saved $118 on API model usage this month with Pro+. Switch to a different model or set a Spend Limit to continue with Opus. Your usage limits will reset when your monthly cycle ends on 3/3/2026.
[2026-02-04T12:24:23+0800] Continue in 2s...
[2026-02-04T12:24:25+0800] === ITERATION START ===
T: You've hit your usage limit for Opus You've saved $118 on API model usage this month with Pro+. Switch to a different model or set a Spend Limit to continue with Opus. Your usage limits will reset when your monthly cycle ends on 3/3/2026.
[2026-02-04T12:24:31+0800] Continue in 2s...
[2026-02-04T12:24:33+0800] === ITERATION START ===
T: You've hit your usage limit for Opus You've saved $118 on API model usage this month with Pro+. Switch to a different model or set a Spend Limit to continue with Opus. Your usage limits will reset when your monthly cycle ends on 3/3/2026.
[2026-02-04T12:24:39+0800] Continue in 2s...
[2026-02-04T12:24:41+0800] === ITERATION START ===
T: You've hit your usage limit for Opus You've saved $118 on API model usage this month with Pro+. Switch to a different model or set a Spend Limit to continue with Opus. Your usage limits will reset when your monthly cycle ends on 3/3/2026.
[2026-02-04T12:24:47+0800] Continue in 2s...
[2026-02-04T12:24:49+0800] === ITERATION START ===
T: You've hit your usage limit for Opus You've saved $118 on API model usage this month with Pro+. Switch to a different model or set a Spend Limit to continue with Opus. Your usage limits will reset when your monthly cycle ends on 3/3/2026.
[2026-02-04T12:24:55+0800] Continue in 2s...
[2026-02-04T12:24:57+0800] === ITERATION START ===
T: You've hit your usage limit for Opus You've saved $118 on API model usage this month with Pro+. Switch to a different model or set a Spend Limit to continue with Opus. Your usage limits will reset when your monthly cycle ends on 3/3/2026.
[2026-02-04T12:25:03+0800] Continue in 2s...
[2026-02-04T12:25:05+0800] === ITERATION START ===
T: You've hit your usage limit for Opus You've saved $118 on API model usage this month with Pro+. Switch to a different model or set a Spend Limit to continue with Opus. Your usage limits will reset when your monthly cycle ends on 3/3/2026.
[2026-02-04T12:25:10+0800] Continue in 2s...
[2026-02-04T12:25:12+0800] === ITERATION START ===
T: You've hit your usage limit for Opus You've saved $118 on API model usage this month with Pro+. Switch to a different model or set a Spend Limit to continue with Opus. Your usage limits will reset when your monthly cycle ends on 3/3/2026.
[2026-02-04T12:25:19+0800] Continue in 2s...
[2026-02-04T12:25:21+0800] === ITERATION START ===
T: You've hit your usage limit for Opus You've saved $118 on API model usage this month with Pro+. Switch to a different model or set a Spend Limit to continue with Opus. Your usage limits will reset when your monthly cycle ends on 3/3/2026.
[2026-02-04T12:25:27+0800] Continue in 2s...
[2026-02-04T12:25:29+0800] === ITERATION START ===
T: You've hit your usage limit for Opus You've saved $118 on API model usage this month with Pro+. Switch to a different model or set a Spend Limit to continue with Opus. Your usage limits will reset when your monthly cycle ends on 3/3/2026.
[2026-02-04T12:25:34+0800] Continue in 2s...
[2026-02-04T12:25:36+0800] === ITERATION START ===
T: You've hit your usage limit for Opus You've saved $118 on API model usage this month with Pro+. Switch to a different model or set a Spend Limit to continue with Opus. Your usage limits will reset when your monthly cycle ends on 3/3/2026.
[2026-02-04T12:25:42+0800] Continue in 2s...
[2026-02-04T12:25:44+0800] === ITERATION START ===
T: You've hit your usage limit for Opus You've saved $118 on API model usage this month with Pro+. Switch to a different model or set a Spend Limit to continue with Opus. Your usage limits will reset when your monthly cycle ends on 3/3/2026.
[2026-02-04T12:25:51+0800] Continue in 2s...
[2026-02-04T12:25:53+0800] === ITERATION START ===
T: You've hit your usage limit for Opus You've saved $118 on API model usage this month with Pro+. Switch to a different model or set a Spend Limit to continue with Opus. Your usage limits will reset when your monthly cycle ends on 3/3/2026.
[2026-02-04T12:25:59+0800] Continue in 2s...
[2026-02-04T12:26:01+0800] === ITERATION START ===
T: You've hit your usage limit for Opus You've saved $118 on API model usage this month with Pro+. Switch to a different model or set a Spend Limit to continue with Opus. Your usage limits will reset when your monthly cycle ends on 3/3/2026.
[2026-02-04T12:26:07+0800] Continue in 2s...
[2026-02-04T12:26:09+0800] === ITERATION START ===
T: You've hit your usage limit for Opus You've saved $118 on API model usage this month with Pro+. Switch to a different model or set a Spend Limit to continue with Opus. Your usage limits will reset when your monthly cycle ends on 3/3/2026.
[2026-02-04T12:26:16+0800] Continue in 2s...
[2026-02-04T12:26:18+0800] === ITERATION START ===
T: You've hit your usage limit for Opus You've saved $118 on API model usage this month with Pro+. Switch to a different model or set a Spend Limit to continue with Opus. Your usage limits will reset when your monthly cycle ends on 3/3/2026.
[2026-02-04T12:26:24+0800] Continue in 2s...
[2026-02-04T12:26:27+0800] === ITERATION START ===
T: You've hit your usage limit for Opus You've saved $118 on API model usage this month with Pro+. Switch to a different model or set a Spend Limit to continue with Opus. Your usage limits will reset when your monthly cycle ends on 3/3/2026.
[2026-02-04T12:26:33+0800] Continue in 2s...
[2026-02-04T12:26:35+0800] === ITERATION START ===
T: You've hit your usage limit for Opus You've saved $118 on API model usage this month with Pro+. Switch to a different model or set a Spend Limit to continue with Opus. Your usage limits will reset when your monthly cycle ends on 3/3/2026.
[2026-02-04T12:26:41+0800] Continue in 2s...
[2026-02-04T12:26:43+0800] === ITERATION START ===
T: You've hit your usage limit for Opus You've saved $118 on API model usage this month with Pro+. Switch to a different model or set a Spend Limit to continue with Opus. Your usage limits will reset when your monthly cycle ends on 3/3/2026.
[2026-02-04T12:26:50+0800] Continue in 2s...
[2026-02-04T12:26:52+0800] === ITERATION START ===
T: You've hit your usage limit for Opus You've saved $118 on API model usage this month with Pro+. Switch to a different model or set a Spend Limit to continue with Opus. Your usage limits will reset when your monthly cycle ends on 3/3/2026.
[2026-02-04T12:26:58+0800] Continue in 2s...
[2026-02-04T12:27:00+0800] === ITERATION START ===
T: You've hit your usage limit for Opus You've saved $118 on API model usage this month with Pro+. Switch to a different model or set a Spend Limit to continue with Opus. Your usage limits will reset when your monthly cycle ends on 3/3/2026.
[2026-02-04T12:27:07+0800] Continue in 2s...
[2026-02-04T12:27:09+0800] === ITERATION START ===
T: You've hit your usage limit for Opus You've saved $118 on API model usage this month with Pro+. Switch to a different model or set a Spend Limit to continue with Opus. Your usage limits will reset when your monthly cycle ends on 3/3/2026.
[2026-02-04T12:27:14+0800] Continue in 2s...
[2026-02-04T12:27:16+0800] === ITERATION START ===
T: You've hit your usage limit for Opus You've saved $118 on API model usage this month with Pro+. Switch to a different model or set a Spend Limit to continue with Opus. Your usage limits will reset when your monthly cycle ends on 3/3/2026.
[2026-02-04T12:27:22+0800] Continue in 2s...
[2026-02-04T12:27:24+0800] === ITERATION START ===
T: You've hit your usage limit for Opus You've saved $118 on API model usage this month with Pro+. Switch to a different model or set a Spend Limit to continue with Opus. Your usage limits will reset when your monthly cycle ends on 3/3/2026.
[2026-02-04T12:27:30+0800] Continue in 2s...
[2026-02-04T12:27:32+0800] === ITERATION START ===
T: You've hit your usage limit for Opus You've saved $118 on API model usage this month with Pro+. Switch to a different model or set a Spend Limit to continue with Opus. Your usage limits will reset when your monthly cycle ends on 3/3/2026.
[2026-02-04T12:27:38+0800] Continue in 2s...
[2026-02-04T12:27:40+0800] === ITERATION START ===
T: You've hit your usage limit for Opus You've saved $118 on API model usage this month with Pro+. Switch to a different model or set a Spend Limit to continue with Opus. Your usage limits will reset when your monthly cycle ends on 3/3/2026.
[2026-02-04T12:27:52+0800] Continue in 2s...
[2026-02-04T12:27:54+0800] === ITERATION START ===
T: You've hit your usage limit for Opus You've saved $118 on API model usage this month with Pro+. Switch to a different model or set a Spend Limit to continue with Opus. Your usage limits will reset when your monthly cycle ends on 3/3/2026.
[2026-02-04T12:27:59+0800] Continue in 2s...
[2026-02-04T12:28:01+0800] === ITERATION START ===
T: You've hit your usage limit for Opus You've saved $118 on API model usage this month with Pro+. Switch to a different model or set a Spend Limit to continue with Opus. Your usage limits will reset when your monthly cycle ends on 3/3/2026.
[2026-02-04T12:28:07+0800] Continue in 2s...
[2026-02-04T12:28:09+0800] === ITERATION START ===
T: You've hit your usage limit for Opus You've saved $118 on API model usage this month with Pro+. Switch to a different model or set a Spend Limit to continue with Opus. Your usage limits will reset when your monthly cycle ends on 3/3/2026.
[2026-02-04T12:28:16+0800] Continue in 2s...
[2026-02-04T12:28:18+0800] === ITERATION START ===
T: You've hit your usage limit for Opus You've saved $118 on API model usage this month with Pro+. Switch to a different model or set a Spend Limit to continue with Opus. Your usage limits will reset when your monthly cycle ends on 3/3/2026.
[2026-02-04T12:28:23+0800] Continue in 2s...
[2026-02-04T12:28:25+0800] === ITERATION START ===
T: You've hit your usage limit for Opus You've saved $118 on API model usage this month with Pro+. Switch to a different model or set a Spend Limit to continue with Opus. Your usage limits will reset when your monthly cycle ends on 3/3/2026.
[2026-02-04T12:28:31+0800] Continue in 2s...
[2026-02-04T12:28:33+0800] === ITERATION START ===
T: You've hit your usage limit for Opus You've saved $118 on API model usage this month with Pro+. Switch to a different model or set a Spend Limit to continue with Opus. Your usage limits will reset when your monthly cycle ends on 3/3/2026.
[2026-02-04T12:28:38+0800] Continue in 2s...
[2026-02-04T12:28:40+0800] === ITERATION START ===
T: You've hit your usage limit for Opus You've saved $118 on API model usage this month with Pro+. Switch to a different model or set a Spend Limit to continue with Opus. Your usage limits will reset when your monthly cycle ends on 3/3/2026.
[2026-02-04T12:28:47+0800] Continue in 2s...
[2026-02-04T12:28:49+0800] === ITERATION START ===
T: You've hit your usage limit for Opus You've saved $118 on API model usage this month with Pro+. Switch to a different model or set a Spend Limit to continue with Opus. Your usage limits will reset when your monthly cycle ends on 3/3/2026.
[2026-02-04T12:28:55+0800] Continue in 2s...
[2026-02-04T12:28:58+0800] === ITERATION START ===
T: You've hit your usage limit for Opus You've saved $118 on API model usage this month with Pro+. Switch to a different model or set a Spend Limit to continue with Opus. Your usage limits will reset when your monthly cycle ends on 3/3/2026.
[2026-02-04T12:29:03+0800] Continue in 2s...
[2026-02-04T12:29:05+0800] === ITERATION START ===
T: You've hit your usage limit for Opus You've saved $118 on API model usage this month with Pro+. Switch to a different model or set a Spend Limit to continue with Opus. Your usage limits will reset when your monthly cycle ends on 3/3/2026.
[2026-02-04T12:29:11+0800] Continue in 2s...
[2026-02-04T12:29:13+0800] === ITERATION START ===
T: You've hit your usage limit for Opus You've saved $118 on API model usage this month with Pro+. Switch to a different model or set a Spend Limit to continue with Opus. Your usage limits will reset when your monthly cycle ends on 3/3/2026.
[2026-02-04T12:29:19+0800] Continue in 2s...
[2026-02-04T12:29:21+0800] === ITERATION START ===
T: You've hit your usage limit for Opus You've saved $118 on API model usage this month with Pro+. Switch to a different model or set a Spend Limit to continue with Opus. Your usage limits will reset when your monthly cycle ends on 3/3/2026.
[2026-02-04T12:29:26+0800] Continue in 2s...
[2026-02-04T12:29:28+0800] === ITERATION START ===
T: You've hit your usage limit for Opus You've saved $118 on API model usage this month with Pro+. Switch to a different model or set a Spend Limit to continue with Opus. Your usage limits will reset when your monthly cycle ends on 3/3/2026.
[2026-02-04T12:29:34+0800] Continue in 2s...
[2026-02-04T12:29:36+0800] === ITERATION START ===
T: You've hit your usage limit for Opus You've saved $118 on API model usage this month with Pro+. Switch to a different model or set a Spend Limit to continue with Opus. Your usage limits will reset when your monthly cycle ends on 3/3/2026.
[2026-02-04T12:29:41+0800] Continue in 2s...
[2026-02-04T12:29:43+0800] === ITERATION START ===
T: You've hit your usage limit for Opus You've saved $118 on API model usage this month with Pro+. Switch to a different model or set a Spend Limit to continue with Opus. Your usage limits will reset when your monthly cycle ends on 3/3/2026.
[2026-02-04T12:29:49+0800] Continue in 2s...
[2026-02-04T12:29:51+0800] === ITERATION START ===
T: You've hit your usage limit for Opus You've saved $118 on API model usage this month with Pro+. Switch to a different model or set a Spend Limit to continue with Opus. Your usage limits will reset when your monthly cycle ends on 3/3/2026.
[2026-02-04T12:29:56+0800] Continue in 2s...
[2026-02-04T12:29:58+0800] === ITERATION START ===
T: You've hit your usage limit for Opus You've saved $118 on API model usage this month with Pro+. Switch to a different model or set a Spend Limit to continue with Opus. Your usage limits will reset when your monthly cycle ends on 3/3/2026.
[2026-02-04T12:30:04+0800] Continue in 2s...
[2026-02-04T12:30:06+0800] === ITERATION START ===
T: You've hit your usage limit for Opus You've saved $118 on API model usage this month with Pro+. Switch to a different model or set a Spend Limit to continue with Opus. Your usage limits will reset when your monthly cycle ends on 3/3/2026.
[2026-02-04T12:30:12+0800] Continue in 2s...
[2026-02-04T12:30:14+0800] === ITERATION START ===
T: You've hit your usage limit for Opus You've saved $118 on API model usage this month with Pro+. Switch to a different model or set a Spend Limit to continue with Opus. Your usage limits will reset when your monthly cycle ends on 3/3/2026.
[2026-02-04T12:30:19+0800] Continue in 2s...
[2026-02-04T12:30:21+0800] === ITERATION START ===
T: You've hit your usage limit for Opus You've saved $118 on API model usage this month with Pro+. Switch to a different model or set a Spend Limit to continue with Opus. Your usage limits will reset when your monthly cycle ends on 3/3/2026.
[2026-02-04T12:30:26+0800] Continue in 2s...
[2026-02-04T12:30:28+0800] === ITERATION START ===
T: You've hit your usage limit for Opus You've saved $118 on API model usage this month with Pro+. Switch to a different model or set a Spend Limit to continue with Opus. Your usage limits will reset when your monthly cycle ends on 3/3/2026.
[2026-02-04T12:30:34+0800] Continue in 2s...
[2026-02-04T12:30:36+0800] === ITERATION START ===
T: You've hit your usage limit for Opus You've saved $118 on API model usage this month with Pro+. Switch to a different model or set a Spend Limit to continue with Opus. Your usage limits will reset when your monthly cycle ends on 3/3/2026.
[2026-02-04T12:30:42+0800] Continue in 2s...
[2026-02-04T12:30:44+0800] === ITERATION START ===
T: You've hit your usage limit for Opus You've saved $118 on API model usage this month with Pro+. Switch to a different model or set a Spend Limit to continue with Opus. Your usage limits will reset when your monthly cycle ends on 3/3/2026.
[2026-02-04T12:30:50+0800] Continue in 2s...
[2026-02-04T12:30:52+0800] === ITERATION START ===
T: You've hit your usage limit for Opus You've saved $118 on API model usage this month with Pro+. Switch to a different model or set a Spend Limit to continue with Opus. Your usage limits will reset when your monthly cycle ends on 3/3/2026.
[2026-02-04T12:30:58+0800] Continue in 2s...
[2026-02-04T12:31:00+0800] === ITERATION START ===
T: You've hit your usage limit for Opus You've saved $118 on API model usage this month with Pro+. Switch to a different model or set a Spend Limit to continue with Opus. Your usage limits will reset when your monthly cycle ends on 3/3/2026.
[2026-02-04T12:31:05+0800] Continue in 2s...
[2026-02-04T12:31:07+0800] === ITERATION START ===
T: You've hit your usage limit for Opus You've saved $118 on API model usage this month with Pro+. Switch to a different model or set a Spend Limit to continue with Opus. Your usage limits will reset when your monthly cycle ends on 3/3/2026.
[2026-02-04T12:31:13+0800] Continue in 2s...
[2026-02-04T12:31:15+0800] === ITERATION START ===
T: You've hit your usage limit for Opus You've saved $118 on API model usage this month with Pro+. Switch to a different model or set a Spend Limit to continue with Opus. Your usage limits will reset when your monthly cycle ends on 3/3/2026.
[2026-02-04T12:31:21+0800] Continue in 2s...
[2026-02-04T12:31:23+0800] === ITERATION START ===
T: You've hit your usage limit for Opus You've saved $118 on API model usage this month with Pro+. Switch to a different model or set a Spend Limit to continue with Opus. Your usage limits will reset when your monthly cycle ends on 3/3/2026.
[2026-02-04T12:31:29+0800] Continue in 2s...
[2026-02-04T12:31:31+0800] === ITERATION START ===
T: You've hit your usage limit for Opus You've saved $118 on API model usage this month with Pro+. Switch to a different model or set a Spend Limit to continue with Opus. Your usage limits will reset when your monthly cycle ends on 3/3/2026.
[2026-02-04T12:31:37+0800] Continue in 2s...
[2026-02-04T12:31:39+0800] === ITERATION START ===
T: You've hit your usage limit for Opus You've saved $118 on API model usage this month with Pro+. Switch to a different model or set a Spend Limit to continue with Opus. Your usage limits will reset when your monthly cycle ends on 3/3/2026.
[2026-02-04T12:31:45+0800] Continue in 2s...
[2026-02-04T12:31:47+0800] === ITERATION START ===
T: You've hit your usage limit for Opus You've saved $118 on API model usage this month with Pro+. Switch to a different model or set a Spend Limit to continue with Opus. Your usage limits will reset when your monthly cycle ends on 3/3/2026.
[2026-02-04T12:31:53+0800] Continue in 2s...
[2026-02-04T12:31:55+0800] === ITERATION START ===
T: You've hit your usage limit for Opus You've saved $118 on API model usage this month with Pro+. Switch to a different model or set a Spend Limit to continue with Opus. Your usage limits will reset when your monthly cycle ends on 3/3/2026.
[2026-02-04T12:32:00+0800] Continue in 2s...
[2026-02-04T12:32:02+0800] === ITERATION START ===
T: You've hit your usage limit for Opus You've saved $118 on API model usage this month with Pro+. Switch to a different model or set a Spend Limit to continue with Opus. Your usage limits will reset when your monthly cycle ends on 3/3/2026.
[2026-02-04T12:32:08+0800] Continue in 2s...
[2026-02-04T12:32:10+0800] === ITERATION START ===
T: You've hit your usage limit for Opus You've saved $118 on API model usage this month with Pro+. Switch to a different model or set a Spend Limit to continue with Opus. Your usage limits will reset when your monthly cycle ends on 3/3/2026.
[2026-02-04T12:32:15+0800] Continue in 2s...
[2026-02-04T12:32:17+0800] === ITERATION START ===
T: You've hit your usage limit for Opus You've saved $118 on API model usage this month with Pro+. Switch to a different model or set a Spend Limit to continue with Opus. Your usage limits will reset when your monthly cycle ends on 3/3/2026.
[2026-02-04T12:32:23+0800] Continue in 2s...
[2026-02-04T12:32:25+0800] === ITERATION START ===
T: You've hit your usage limit for Opus You've saved $118 on API model usage this month with Pro+. Switch to a different model or set a Spend Limit to continue with Opus. Your usage limits will reset when your monthly cycle ends on 3/3/2026.
[2026-02-04T12:32:30+0800] Continue in 2s...
[2026-02-04T12:32:32+0800] === ITERATION START ===
T: You've hit your usage limit for Opus You've saved $118 on API model usage this month with Pro+. Switch to a different model or set a Spend Limit to continue with Opus. Your usage limits will reset when your monthly cycle ends on 3/3/2026.
[2026-02-04T12:32:38+0800] Continue in 2s...
[2026-02-04T12:32:40+0800] === ITERATION START ===
T: You've hit your usage limit for Opus You've saved $118 on API model usage this month with Pro+. Switch to a different model or set a Spend Limit to continue with Opus. Your usage limits will reset when your monthly cycle ends on 3/3/2026.
[2026-02-04T12:32:45+0800] Continue in 2s...
[2026-02-04T12:32:47+0800] === ITERATION START ===
T: You've hit your usage limit for Opus You've saved $118 on API model usage this month with Pro+. Switch to a different model or set a Spend Limit to continue with Opus. Your usage limits will reset when your monthly cycle ends on 3/3/2026.
[2026-02-04T12:32:53+0800] Continue in 2s...
[2026-02-04T12:32:55+0800] === ITERATION START ===
T: You've hit your usage limit for Opus You've saved $118 on API model usage this month with Pro+. Switch to a different model or set a Spend Limit to continue with Opus. Your usage limits will reset when your monthly cycle ends on 3/3/2026.
[2026-02-04T12:33:00+0800] Continue in 2s...
[2026-02-04T12:33:02+0800] === ITERATION START ===
T: You've hit your usage limit for Opus You've saved $118 on API model usage this month with Pro+. Switch to a different model or set a Spend Limit to continue with Opus. Your usage limits will reset when your monthly cycle ends on 3/3/2026.
[2026-02-04T12:33:08+0800] Continue in 2s...
[2026-02-04T12:33:10+0800] === ITERATION START ===
T: You've hit your usage limit for Opus You've saved $118 on API model usage this month with Pro+. Switch to a different model or set a Spend Limit to continue with Opus. Your usage limits will reset when your monthly cycle ends on 3/3/2026.
[2026-02-04T12:33:15+0800] Continue in 2s...
[2026-02-04T12:33:17+0800] === ITERATION START ===
T: You've hit your usage limit for Opus You've saved $118 on API model usage this month with Pro+. Switch to a different model or set a Spend Limit to continue with Opus. Your usage limits will reset when your monthly cycle ends on 3/3/2026.
[2026-02-04T12:33:23+0800] Continue in 2s...
[2026-02-04T12:33:25+0800] === ITERATION START ===
T: You've hit your usage limit for Opus You've saved $118 on API model usage this month with Pro+. Switch to a different model or set a Spend Limit to continue with Opus. Your usage limits will reset when your monthly cycle ends on 3/3/2026.
[2026-02-04T12:33:30+0800] Continue in 2s...
[2026-02-04T12:33:32+0800] === ITERATION START ===
T: You've hit your usage limit for Opus You've saved $118 on API model usage this month with Pro+. Switch to a different model or set a Spend Limit to continue with Opus. Your usage limits will reset when your monthly cycle ends on 3/3/2026.
[2026-02-04T12:33:37+0800] Continue in 2s...
[2026-02-04T12:33:39+0800] === ITERATION START ===
T: You've hit your usage limit for Opus You've saved $118 on API model usage this month with Pro+. Switch to a different model or set a Spend Limit to continue with Opus. Your usage limits will reset when your monthly cycle ends on 3/3/2026.
[2026-02-04T12:33:45+0800] Continue in 2s...
[2026-02-04T12:33:47+0800] === ITERATION START ===
T: You've hit your usage limit for Opus You've saved $118 on API model usage this month with Pro+. Switch to a different model or set a Spend Limit to continue with Opus. Your usage limits will reset when your monthly cycle ends on 3/3/2026.
[2026-02-04T12:33:52+0800] Continue in 2s...
[2026-02-04T12:33:54+0800] === ITERATION START ===
T: You've hit your usage limit for Opus You've saved $118 on API model usage this month with Pro+. Switch to a different model or set a Spend Limit to continue with Opus. Your usage limits will reset when your monthly cycle ends on 3/3/2026.
[2026-02-04T12:34:00+0800] Continue in 2s...
[2026-02-04T12:34:02+0800] === ITERATION START ===
T: You've hit your usage limit for Opus You've saved $118 on API model usage this month with Pro+. Switch to a different model or set a Spend Limit to continue with Opus. Your usage limits will reset when your monthly cycle ends on 3/3/2026.
[2026-02-04T12:34:07+0800] Continue in 2s...
[2026-02-04T12:34:09+0800] === ITERATION START ===
T: You've hit your usage limit for Opus You've saved $118 on API model usage this month with Pro+. Switch to a different model or set a Spend Limit to continue with Opus. Your usage limits will reset when your monthly cycle ends on 3/3/2026.
[2026-02-04T12:34:15+0800] Continue in 2s...
[2026-02-04T12:34:17+0800] === ITERATION START ===
T: You've hit your usage limit for Opus You've saved $118 on API model usage this month with Pro+. Switch to a different model or set a Spend Limit to continue with Opus. Your usage limits will reset when your monthly cycle ends on 3/3/2026.
[2026-02-04T12:34:22+0800] Continue in 2s...
[2026-02-04T12:34:24+0800] === ITERATION START ===
T: You've hit your usage limit for Opus You've saved $118 on API model usage this month with Pro+. Switch to a different model or set a Spend Limit to continue with Opus. Your usage limits will reset when your monthly cycle ends on 3/3/2026.
[2026-02-04T12:34:29+0800] Continue in 2s...
[2026-02-04T12:34:31+0800] === ITERATION START ===
T: You've hit your usage limit for Opus You've saved $118 on API model usage this month with Pro+. Switch to a different model or set a Spend Limit to continue with Opus. Your usage limits will reset when your monthly cycle ends on 3/3/2026.
[2026-02-04T12:34:37+0800] Continue in 2s...
[2026-02-04T12:34:39+0800] === ITERATION START ===
T: You've hit your usage limit for Opus You've saved $118 on API model usage this month with Pro+. Switch to a different model or set a Spend Limit to continue with Opus. Your usage limits will reset when your monthly cycle ends on 3/3/2026.
[2026-02-04T12:34:44+0800] Continue in 2s...
[2026-02-04T12:34:46+0800] === ITERATION START ===
T: You've hit your usage limit for Opus You've saved $118 on API model usage this month with Pro+. Switch to a different model or set a Spend Limit to continue with Opus. Your usage limits will reset when your monthly cycle ends on 3/3/2026.
[2026-02-04T12:34:52+0800] Continue in 2s...
[2026-02-04T12:34:54+0800] === ITERATION START ===
T: You've hit your usage limit for Opus You've saved $118 on API model usage this month with Pro+. Switch to a different model or set a Spend Limit to continue with Opus. Your usage limits will reset when your monthly cycle ends on 3/3/2026.
[2026-02-04T12:35:01+0800] Continue in 2s...
[2026-02-04T12:35:03+0800] === ITERATION START ===
T: You've hit your usage limit for Opus You've saved $118 on API model usage this month with Pro+. Switch to a different model or set a Spend Limit to continue with Opus. Your usage limits will reset when your monthly cycle ends on 3/3/2026.
[2026-02-04T12:35:10+0800] Continue in 2s...
[2026-02-04T12:35:12+0800] === ITERATION START ===
T: You've hit your usage limit for Opus You've saved $118 on API model usage this month with Pro+. Switch to a different model or set a Spend Limit to continue with Opus. Your usage limits will reset when your monthly cycle ends on 3/3/2026.
[2026-02-04T12:35:20+0800] Continue in 2s...
[2026-02-04T12:35:22+0800] === ITERATION START ===
T: You've hit your usage limit for Opus You've saved $118 on API model usage this month with Pro+. Switch to a different model or set a Spend Limit to continue with Opus. Your usage limits will reset when your monthly cycle ends on 3/3/2026.
[2026-02-04T12:35:27+0800] Continue in 2s...
[2026-02-04T12:35:29+0800] === ITERATION START ===
T: You've hit your usage limit for Opus You've saved $118 on API model usage this month with Pro+. Switch to a different model or set a Spend Limit to continue with Opus. Your usage limits will reset when your monthly cycle ends on 3/3/2026.
[2026-02-04T12:35:35+0800] Continue in 2s...
[2026-02-04T12:35:37+0800] === ITERATION START ===
T: You've hit your usage limit for Opus You've saved $118 on API model usage this month with Pro+. Switch to a different model or set a Spend Limit to continue with Opus. Your usage limits will reset when your monthly cycle ends on 3/3/2026.
[2026-02-04T12:35:43+0800] Continue in 2s...
[2026-02-04T12:35:45+0800] === ITERATION START ===
T: You've hit your usage limit for Opus You've saved $118 on API model usage this month with Pro+. Switch to a different model or set a Spend Limit to continue with Opus. Your usage limits will reset when your monthly cycle ends on 3/3/2026.
[2026-02-04T12:35:51+0800] Continue in 2s...
[2026-02-04T12:35:53+0800] === ITERATION START ===
T: You've hit your usage limit for Opus You've saved $118 on API model usage this month with Pro+. Switch to a different model or set a Spend Limit to continue with Opus. Your usage limits will reset when your monthly cycle ends on 3/3/2026.
[2026-02-04T12:35:58+0800] Continue in 2s...
[2026-02-04T12:36:01+0800] === ITERATION START ===
T: You've hit your usage limit for Opus You've saved $118 on API model usage this month with Pro+. Switch to a different model or set a Spend Limit to continue with Opus. Your usage limits will reset when your monthly cycle ends on 3/3/2026.
[2026-02-04T12:36:07+0800] Continue in 2s...
[2026-02-04T12:36:09+0800] === ITERATION START ===
T: You've hit your usage limit for Opus You've saved $118 on API model usage this month with Pro+. Switch to a different model or set a Spend Limit to continue with Opus. Your usage limits will reset when your monthly cycle ends on 3/3/2026.
[2026-02-04T12:36:14+0800] Continue in 2s...
[2026-02-04T12:36:16+0800] === ITERATION START ===
T: You've hit your usage limit for Opus You've saved $118 on API model usage this month with Pro+. Switch to a different model or set a Spend Limit to continue with Opus. Your usage limits will reset when your monthly cycle ends on 3/3/2026.
[2026-02-04T12:36:22+0800] Continue in 2s...
[2026-02-04T12:36:24+0800] === ITERATION START ===
T: You've hit your usage limit for Opus You've saved $118 on API model usage this month with Pro+. Switch to a different model or set a Spend Limit to continue with Opus. Your usage limits will reset when your monthly cycle ends on 3/3/2026.
[2026-02-04T12:36:30+0800] Continue in 2s...
[2026-02-04T12:36:32+0800] === ITERATION START ===
T: You've hit your usage limit for Opus You've saved $118 on API model usage this month with Pro+. Switch to a different model or set a Spend Limit to continue with Opus. Your usage limits will reset when your monthly cycle ends on 3/3/2026.
[2026-02-04T12:36:38+0800] Continue in 2s...
[2026-02-04T12:36:40+0800] === ITERATION START ===
T: You've hit your usage limit for Opus You've saved $118 on API model usage this month with Pro+. Switch to a different model or set a Spend Limit to continue with Opus. Your usage limits will reset when your monthly cycle ends on 3/3/2026.
[2026-02-04T12:36:45+0800] Continue in 2s...
[2026-02-04T12:36:47+0800] === ITERATION START ===
T: You've hit your usage limit for Opus You've saved $118 on API model usage this month with Pro+. Switch to a different model or set a Spend Limit to continue with Opus. Your usage limits will reset when your monthly cycle ends on 3/3/2026.
[2026-02-04T12:36:53+0800] Continue in 2s...
[2026-02-04T12:36:55+0800] === ITERATION START ===
T: You've hit your usage limit for Opus You've saved $118 on API model usage this month with Pro+. Switch to a different model or set a Spend Limit to continue with Opus. Your usage limits will reset when your monthly cycle ends on 3/3/2026.
[2026-02-04T12:37:01+0800] Continue in 2s...
[2026-02-04T12:37:04+0800] === ITERATION START ===
T: You've hit your usage limit for Opus You've saved $118 on API model usage this month with Pro+. Switch to a different model or set a Spend Limit to continue with Opus. Your usage limits will reset when your monthly cycle ends on 3/3/2026.
[2026-02-04T12:37:09+0800] Continue in 2s...
[2026-02-04T12:37:11+0800] === ITERATION START ===
T: You've hit your usage limit for Opus You've saved $118 on API model usage this month with Pro+. Switch to a different model or set a Spend Limit to continue with Opus. Your usage limits will reset when your monthly cycle ends on 3/3/2026.
[2026-02-04T12:37:17+0800] Continue in 2s...
[2026-02-04T12:37:19+0800] === ITERATION START ===
T: You've hit your usage limit for Opus You've saved $118 on API model usage this month with Pro+. Switch to a different model or set a Spend Limit to continue with Opus. Your usage limits will reset when your monthly cycle ends on 3/3/2026.
[2026-02-04T12:37:24+0800] Continue in 2s...
[2026-02-04T12:37:26+0800] === ITERATION START ===
T: You've hit your usage limit for Opus You've saved $118 on API model usage this month with Pro+. Switch to a different model or set a Spend Limit to continue with Opus. Your usage limits will reset when your monthly cycle ends on 3/3/2026.
[2026-02-04T12:37:32+0800] Continue in 2s...
[2026-02-04T12:37:34+0800] === ITERATION START ===
T: You've hit your usage limit for Opus You've saved $118 on API model usage this month with Pro+. Switch to a different model or set a Spend Limit to continue with Opus. Your usage limits will reset when your monthly cycle ends on 3/3/2026.
[2026-02-04T12:37:40+0800] Continue in 2s...
[2026-02-04T12:37:42+0800] === ITERATION START ===
T: You've hit your usage limit for Opus You've saved $118 on API model usage this month with Pro+. Switch to a different model or set a Spend Limit to continue with Opus. Your usage limits will reset when your monthly cycle ends on 3/3/2026.
[2026-02-04T12:37:47+0800] Continue in 2s...
[2026-02-04T12:37:49+0800] === ITERATION START ===
T: You've hit your usage limit for Opus You've saved $118 on API model usage this month with Pro+. Switch to a different model or set a Spend Limit to continue with Opus. Your usage limits will reset when your monthly cycle ends on 3/3/2026.
[2026-02-04T12:37:55+0800] Continue in 2s...
[2026-02-04T12:37:57+0800] === ITERATION START ===
T: You've hit your usage limit for Opus You've saved $118 on API model usage this month with Pro+. Switch to a different model or set a Spend Limit to continue with Opus. Your usage limits will reset when your monthly cycle ends on 3/3/2026.
[2026-02-04T12:38:03+0800] Continue in 2s...
[2026-02-04T12:38:05+0800] === ITERATION START ===
T: You've hit your usage limit for Opus You've saved $118 on API model usage this month with Pro+. Switch to a different model or set a Spend Limit to continue with Opus. Your usage limits will reset when your monthly cycle ends on 3/3/2026.
[2026-02-04T12:38:11+0800] Continue in 2s...
[2026-02-04T12:38:13+0800] === ITERATION START ===
T: You've hit your usage limit for Opus You've saved $118 on API model usage this month with Pro+. Switch to a different model or set a Spend Limit to continue with Opus. Your usage limits will reset when your monthly cycle ends on 3/3/2026.
[2026-02-04T12:38:18+0800] Continue in 2s...
[2026-02-04T12:38:20+0800] === ITERATION START ===
T: You've hit your usage limit for Opus You've saved $118 on API model usage this month with Pro+. Switch to a different model or set a Spend Limit to continue with Opus. Your usage limits will reset when your monthly cycle ends on 3/3/2026.
[2026-02-04T12:38:26+0800] Continue in 2s...
[2026-02-04T12:38:28+0800] === ITERATION START ===
T: You've hit your usage limit for Opus You've saved $118 on API model usage this month with Pro+. Switch to a different model or set a Spend Limit to continue with Opus. Your usage limits will reset when your monthly cycle ends on 3/3/2026.
[2026-02-04T12:38:34+0800] Continue in 2s...
[2026-02-04T12:38:36+0800] === ITERATION START ===
T: You've hit your usage limit for Opus You've saved $118 on API model usage this month with Pro+. Switch to a different model or set a Spend Limit to continue with Opus. Your usage limits will reset when your monthly cycle ends on 3/3/2026.
[2026-02-04T12:38:41+0800] Continue in 2s...
[2026-02-04T12:38:43+0800] === ITERATION START ===
T: You've hit your usage limit for Opus You've saved $118 on API model usage this month with Pro+. Switch to a different model or set a Spend Limit to continue with Opus. Your usage limits will reset when your monthly cycle ends on 3/3/2026.
[2026-02-04T12:38:53+0800] Continue in 2s...
[2026-02-04T12:38:55+0800] === ITERATION START ===
T: You've hit your usage limit for Opus You've saved $118 on API model usage this month with Pro+. Switch to a different model or set a Spend Limit to continue with Opus. Your usage limits will reset when your monthly cycle ends on 3/3/2026.
[2026-02-04T12:39:01+0800] Continue in 2s...
[2026-02-04T12:39:03+0800] === ITERATION START ===
T: You've hit your usage limit for Opus You've saved $118 on API model usage this month with Pro+. Switch to a different model or set a Spend Limit to continue with Opus. Your usage limits will reset when your monthly cycle ends on 3/3/2026.
[2026-02-04T12:39:08+0800] Continue in 2s...
[2026-02-04T12:39:10+0800] === ITERATION START ===
T: You've hit your usage limit for Opus You've saved $118 on API model usage this month with Pro+. Switch to a different model or set a Spend Limit to continue with Opus. Your usage limits will reset when your monthly cycle ends on 3/3/2026.
[2026-02-04T12:39:16+0800] Continue in 2s...
[2026-02-04T12:39:18+0800] === ITERATION START ===
T: You've hit your usage limit for Opus You've saved $118 on API model usage this month with Pro+. Switch to a different model or set a Spend Limit to continue with Opus. Your usage limits will reset when your monthly cycle ends on 3/3/2026.
[2026-02-04T12:39:24+0800] Continue in 2s...
[2026-02-04T12:39:26+0800] === ITERATION START ===
T: You've hit your usage limit for Opus You've saved $118 on API model usage this month with Pro+. Switch to a different model or set a Spend Limit to continue with Opus. Your usage limits will reset when your monthly cycle ends on 3/3/2026.
[2026-02-04T12:39:31+0800] Continue in 2s...
[2026-02-04T12:39:33+0800] === ITERATION START ===
T: You've hit your usage limit for Opus You've saved $118 on API model usage this month with Pro+. Switch to a different model or set a Spend Limit to continue with Opus. Your usage limits will reset when your monthly cycle ends on 3/3/2026.
[2026-02-04T12:39:39+0800] Continue in 2s...
[2026-02-04T12:39:41+0800] === ITERATION START ===
T: You've hit your usage limit for Opus You've saved $118 on API model usage this month with Pro+. Switch to a different model or set a Spend Limit to continue with Opus. Your usage limits will reset when your monthly cycle ends on 3/3/2026.
[2026-02-04T12:39:47+0800] Continue in 2s...
[2026-02-04T12:39:49+0800] === ITERATION START ===
T: You've hit your usage limit for Opus You've saved $118 on API model usage this month with Pro+. Switch to a different model or set a Spend Limit to continue with Opus. Your usage limits will reset when your monthly cycle ends on 3/3/2026.
[2026-02-04T12:39:55+0800] Continue in 2s...
[2026-02-04T12:39:57+0800] === ITERATION START ===
T: You've hit your usage limit for Opus You've saved $118 on API model usage this month with Pro+. Switch to a different model or set a Spend Limit to continue with Opus. Your usage limits will reset when your monthly cycle ends on 3/3/2026.
[2026-02-04T12:40:02+0800] Continue in 2s...
[2026-02-04T12:40:04+0800] === ITERATION START ===
T: You've hit your usage limit for Opus You've saved $118 on API model usage this month with Pro+. Switch to a different model or set a Spend Limit to continue with Opus. Your usage limits will reset when your monthly cycle ends on 3/3/2026.
[2026-02-04T12:40:11+0800] Continue in 2s...
[2026-02-04T12:40:13+0800] === ITERATION START ===
T: You've hit your usage limit for Opus You've saved $118 on API model usage this month with Pro+. Switch to a different model or set a Spend Limit to continue with Opus. Your usage limits will reset when your monthly cycle ends on 3/3/2026.
[2026-02-04T12:40:20+0800] Continue in 2s...
[2026-02-04T12:40:22+0800] === ITERATION START ===
T: You've hit your usage limit for Opus You've saved $118 on API model usage this month with Pro+. Switch to a different model or set a Spend Limit to continue with Opus. Your usage limits will reset when your monthly cycle ends on 3/3/2026.
[2026-02-04T12:40:27+0800] Continue in 2s...
[2026-02-04T12:40:29+0800] === ITERATION START ===
T: You've hit your usage limit for Opus You've saved $118 on API model usage this month with Pro+. Switch to a different model or set a Spend Limit to continue with Opus. Your usage limits will reset when your monthly cycle ends on 3/3/2026.
[2026-02-04T12:40:35+0800] Continue in 2s...
[2026-02-04T12:40:37+0800] === ITERATION START ===
T: You've hit your usage limit for Opus You've saved $118 on API model usage this month with Pro+. Switch to a different model or set a Spend Limit to continue with Opus. Your usage limits will reset when your monthly cycle ends on 3/3/2026.
[2026-02-04T12:40:43+0800] Continue in 2s...
[2026-02-04T12:40:45+0800] === ITERATION START ===
T: You've hit your usage limit for Opus You've saved $118 on API model usage this month with Pro+. Switch to a different model or set a Spend Limit to continue with Opus. Your usage limits will reset when your monthly cycle ends on 3/3/2026.
[2026-02-04T12:40:51+0800] Continue in 2s...
[2026-02-04T12:40:53+0800] === ITERATION START ===
T: You've hit your usage limit for Opus You've saved $118 on API model usage this month with Pro+. Switch to a different model or set a Spend Limit to continue with Opus. Your usage limits will reset when your monthly cycle ends on 3/3/2026.
[2026-02-04T12:40:58+0800] Continue in 2s...
[2026-02-04T12:41:00+0800] === ITERATION START ===
T: You've hit your usage limit for Opus You've saved $118 on API model usage this month with Pro+. Switch to a different model or set a Spend Limit to continue with Opus. Your usage limits will reset when your monthly cycle ends on 3/3/2026.
[2026-02-04T12:41:06+0800] Continue in 2s...
[2026-02-04T12:41:08+0800] === ITERATION START ===
T: You've hit your usage limit for Opus You've saved $118 on API model usage this month with Pro+. Switch to a different model or set a Spend Limit to continue with Opus. Your usage limits will reset when your monthly cycle ends on 3/3/2026.
[2026-02-04T12:41:14+0800] Continue in 2s...
[2026-02-04T12:41:16+0800] === ITERATION START ===
T: You've hit your usage limit for Opus You've saved $118 on API model usage this month with Pro+. Switch to a different model or set a Spend Limit to continue with Opus. Your usage limits will reset when your monthly cycle ends on 3/3/2026.
[2026-02-04T12:41:23+0800] Continue in 2s...
[2026-02-04T12:41:25+0800] === ITERATION START ===
T: You've hit your usage limit for Opus You've saved $118 on API model usage this month with Pro+. Switch to a different model or set a Spend Limit to continue with Opus. Your usage limits will reset when your monthly cycle ends on 3/3/2026.
[2026-02-04T12:41:30+0800] Continue in 2s...
[2026-02-04T12:41:32+0800] === ITERATION START ===
T: You've hit your usage limit for Opus You've saved $118 on API model usage this month with Pro+. Switch to a different model or set a Spend Limit to continue with Opus. Your usage limits will reset when your monthly cycle ends on 3/3/2026.
[2026-02-04T12:41:38+0800] Continue in 2s...
[2026-02-04T12:41:40+0800] === ITERATION START ===
T: You've hit your usage limit for Opus You've saved $118 on API model usage this month with Pro+. Switch to a different model or set a Spend Limit to continue with Opus. Your usage limits will reset when your monthly cycle ends on 3/3/2026.
[2026-02-04T12:41:45+0800] Continue in 2s...
[2026-02-04T12:41:48+0800] === ITERATION START ===
T: You've hit your usage limit for Opus You've saved $118 on API model usage this month with Pro+. Switch to a different model or set a Spend Limit to continue with Opus. Your usage limits will reset when your monthly cycle ends on 3/3/2026.
[2026-02-04T12:41:53+0800] Continue in 2s...
[2026-02-04T12:41:55+0800] === ITERATION START ===
T: You've hit your usage limit for Opus You've saved $118 on API model usage this month with Pro+. Switch to a different model or set a Spend Limit to continue with Opus. Your usage limits will reset when your monthly cycle ends on 3/3/2026.
[2026-02-04T12:42:01+0800] Continue in 2s...
[2026-02-04T12:42:03+0800] === ITERATION START ===
T: You've hit your usage limit for Opus You've saved $118 on API model usage this month with Pro+. Switch to a different model or set a Spend Limit to continue with Opus. Your usage limits will reset when your monthly cycle ends on 3/3/2026.
[2026-02-04T12:42:08+0800] Continue in 2s...
[2026-02-04T12:42:11+0800] === ITERATION START ===
T: You've hit your usage limit for Opus You've saved $118 on API model usage this month with Pro+. Switch to a different model or set a Spend Limit to continue with Opus. Your usage limits will reset when your monthly cycle ends on 3/3/2026.
[2026-02-04T12:42:16+0800] Continue in 2s...
[2026-02-04T12:42:18+0800] === ITERATION START ===
T: You've hit your usage limit for Opus You've saved $118 on API model usage this month with Pro+. Switch to a different model or set a Spend Limit to continue with Opus. Your usage limits will reset when your monthly cycle ends on 3/3/2026.
[2026-02-04T12:42:25+0800] Continue in 2s...
[2026-02-04T12:42:27+0800] === ITERATION START ===
T: You've hit your usage limit for Opus You've saved $118 on API model usage this month with Pro+. Switch to a different model or set a Spend Limit to continue with Opus. Your usage limits will reset when your monthly cycle ends on 3/3/2026.
[2026-02-04T12:42:33+0800] Continue in 2s...
[2026-02-04T12:42:35+0800] === ITERATION START ===
T: You've hit your usage limit for Opus You've saved $118 on API model usage this month with Pro+. Switch to a different model or set a Spend Limit to continue with Opus. Your usage limits will reset when your monthly cycle ends on 3/3/2026.
[2026-02-04T12:42:41+0800] Continue in 2s...
[2026-02-04T12:42:43+0800] === ITERATION START ===
T: You've hit your usage limit for Opus You've saved $118 on API model usage this month with Pro+. Switch to a different model or set a Spend Limit to continue with Opus. Your usage limits will reset when your monthly cycle ends on 3/3/2026.
[2026-02-04T12:42:49+0800] Continue in 2s...
[2026-02-04T12:42:51+0800] === ITERATION START ===
T: You've hit your usage limit for Opus You've saved $118 on API model usage this month with Pro+. Switch to a different model or set a Spend Limit to continue with Opus. Your usage limits will reset when your monthly cycle ends on 3/3/2026.
[2026-02-04T12:42:57+0800] Continue in 2s...
[2026-02-04T12:42:59+0800] === ITERATION START ===
T: You've hit your usage limit for Opus You've saved $118 on API model usage this month with Pro+. Switch to a different model or set a Spend Limit to continue with Opus. Your usage limits will reset when your monthly cycle ends on 3/3/2026.
[2026-02-04T12:43:05+0800] Continue in 2s...
[2026-02-04T12:43:07+0800] === ITERATION START ===
T: You've hit your usage limit for Opus You've saved $118 on API model usage this month with Pro+. Switch to a different model or set a Spend Limit to continue with Opus. Your usage limits will reset when your monthly cycle ends on 3/3/2026.
[2026-02-04T12:43:12+0800] Continue in 2s...
[2026-02-04T12:43:14+0800] === ITERATION START ===
T: You've hit your usage limit for Opus You've saved $118 on API model usage this month with Pro+. Switch to a different model or set a Spend Limit to continue with Opus. Your usage limits will reset when your monthly cycle ends on 3/3/2026.
[2026-02-04T12:43:21+0800] Continue in 2s...
[2026-02-04T12:43:23+0800] === ITERATION START ===
T: You've hit your usage limit for Opus You've saved $118 on API model usage this month with Pro+. Switch to a different model or set a Spend Limit to continue with Opus. Your usage limits will reset when your monthly cycle ends on 3/3/2026.
[2026-02-04T12:43:28+0800] Continue in 2s...
[2026-02-04T12:43:30+0800] === ITERATION START ===
T: You've hit your usage limit for Opus You've saved $118 on API model usage this month with Pro+. Switch to a different model or set a Spend Limit to continue with Opus. Your usage limits will reset when your monthly cycle ends on 3/3/2026.
[2026-02-04T12:43:36+0800] Continue in 2s...
[2026-02-04T12:43:38+0800] === ITERATION START ===
T: You've hit your usage limit for Opus You've saved $118 on API model usage this month with Pro+. Switch to a different model or set a Spend Limit to continue with Opus. Your usage limits will reset when your monthly cycle ends on 3/3/2026.
[2026-02-04T12:43:43+0800] Continue in 2s...
[2026-02-04T12:43:45+0800] === ITERATION START ===
T: You've hit your usage limit for Opus You've saved $118 on API model usage this month with Pro+. Switch to a different model or set a Spend Limit to continue with Opus. Your usage limits will reset when your monthly cycle ends on 3/3/2026.
[2026-02-04T12:43:52+0800] Continue in 2s...
[2026-02-04T12:43:54+0800] === ITERATION START ===
T: You've hit your usage limit for Opus You've saved $118 on API model usage this month with Pro+. Switch to a different model or set a Spend Limit to continue with Opus. Your usage limits will reset when your monthly cycle ends on 3/3/2026.
[2026-02-04T12:43:59+0800] Continue in 2s...
[2026-02-04T12:44:02+0800] === ITERATION START ===
T: You've hit your usage limit for Opus You've saved $118 on API model usage this month with Pro+. Switch to a different model or set a Spend Limit to continue with Opus. Your usage limits will reset when your monthly cycle ends on 3/3/2026.
[2026-02-04T12:44:08+0800] Continue in 2s...
[2026-02-04T12:44:10+0800] === ITERATION START ===
T: You've hit your usage limit for Opus You've saved $118 on API model usage this month with Pro+. Switch to a different model or set a Spend Limit to continue with Opus. Your usage limits will reset when your monthly cycle ends on 3/3/2026.
[2026-02-04T12:44:16+0800] Continue in 2s...
[2026-02-04T12:44:18+0800] === ITERATION START ===
T: You've hit your usage limit for Opus You've saved $118 on API model usage this month with Pro+. Switch to a different model or set a Spend Limit to continue with Opus. Your usage limits will reset when your monthly cycle ends on 3/3/2026.
[2026-02-04T12:44:24+0800] Continue in 2s...
[2026-02-04T12:44:26+0800] === ITERATION START ===
T: You've hit your usage limit for Opus You've saved $118 on API model usage this month with Pro+. Switch to a different model or set a Spend Limit to continue with Opus. Your usage limits will reset when your monthly cycle ends on 3/3/2026.
[2026-02-04T12:44:32+0800] Continue in 2s...
[2026-02-04T12:44:34+0800] === ITERATION START ===
T: You've hit your usage limit for Opus You've saved $118 on API model usage this month with Pro+. Switch to a different model or set a Spend Limit to continue with Opus. Your usage limits will reset when your monthly cycle ends on 3/3/2026.
[2026-02-04T12:44:39+0800] Continue in 2s...
[2026-02-04T12:44:41+0800] === ITERATION START ===
T: You've hit your usage limit for Opus You've saved $118 on API model usage this month with Pro+. Switch to a different model or set a Spend Limit to continue with Opus. Your usage limits will reset when your monthly cycle ends on 3/3/2026.
[2026-02-04T12:44:49+0800] Continue in 2s...
[2026-02-04T12:44:51+0800] === ITERATION START ===
T: You've hit your usage limit for Opus You've saved $118 on API model usage this month with Pro+. Switch to a different model or set a Spend Limit to continue with Opus. Your usage limits will reset when your monthly cycle ends on 3/3/2026.
[2026-02-04T12:45:02+0800] Continue in 2s...
[2026-02-04T12:45:05+0800] === ITERATION START ===
T: You've hit your usage limit for Opus You've saved $118 on API model usage this month with Pro+. Switch to a different model or set a Spend Limit to continue with Opus. Your usage limits will reset when your monthly cycle ends on 3/3/2026.
[2026-02-04T12:45:12+0800] Continue in 2s...
[2026-02-04T12:45:14+0800] === ITERATION START ===
T: You've hit your usage limit for Opus You've saved $118 on API model usage this month with Pro+. Switch to a different model or set a Spend Limit to continue with Opus. Your usage limits will reset when your monthly cycle ends on 3/3/2026.
[2026-02-04T12:45:20+0800] Continue in 2s...
[2026-02-04T12:45:22+0800] === ITERATION START ===
T: You've hit your usage limit for Opus You've saved $118 on API model usage this month with Pro+. Switch to a different model or set a Spend Limit to continue with Opus. Your usage limits will reset when your monthly cycle ends on 3/3/2026.
[2026-02-04T12:45:30+0800] Continue in 2s...
[2026-02-04T12:45:32+0800] === ITERATION START ===
T: You've hit your usage limit for Opus You've saved $118 on API model usage this month with Pro+. Switch to a different model or set a Spend Limit to continue with Opus. Your usage limits will reset when your monthly cycle ends on 3/3/2026.
[2026-02-04T12:45:39+0800] Continue in 2s...
[2026-02-04T12:45:41+0800] === ITERATION START ===
T: You've hit your usage limit for Opus You've saved $118 on API model usage this month with Pro+. Switch to a different model or set a Spend Limit to continue with Opus. Your usage limits will reset when your monthly cycle ends on 3/3/2026.
[2026-02-04T12:45:49+0800] Continue in 2s...
[2026-02-04T12:45:51+0800] === ITERATION START ===
T: You've hit your usage limit for Opus You've saved $118 on API model usage this month with Pro+. Switch to a different model or set a Spend Limit to continue with Opus. Your usage limits will reset when your monthly cycle ends on 3/3/2026.
[2026-02-04T12:45:58+0800] Continue in 2s...
[2026-02-04T12:46:00+0800] === ITERATION START ===
T: You've hit your usage limit for Opus You've saved $118 on API model usage this month with Pro+. Switch to a different model or set a Spend Limit to continue with Opus. Your usage limits will reset when your monthly cycle ends on 3/3/2026.
[2026-02-04T12:46:07+0800] Continue in 2s...
[2026-02-04T12:46:09+0800] === ITERATION START ===
T: You've hit your usage limit for Opus You've saved $118 on API model usage this month with Pro+. Switch to a different model or set a Spend Limit to continue with Opus. Your usage limits will reset when your monthly cycle ends on 3/3/2026.
[2026-02-04T12:46:16+0800] Continue in 2s...
[2026-02-04T12:46:18+0800] === ITERATION START ===
T: You've hit your usage limit for Opus You've saved $118 on API model usage this month with Pro+. Switch to a different model or set a Spend Limit to continue with Opus. Your usage limits will reset when your monthly cycle ends on 3/3/2026.
[2026-02-04T12:46:27+0800] Continue in 2s...
[2026-02-04T12:46:29+0800] === ITERATION START ===
T: You've hit your usage limit for Opus You've saved $118 on API model usage this month with Pro+. Switch to a different model or set a Spend Limit to continue with Opus. Your usage limits will reset when your monthly cycle ends on 3/3/2026.
[2026-02-04T12:46:38+0800] Continue in 2s...
[2026-02-04T12:46:40+0800] === ITERATION START ===
T: You've hit your usage limit for Opus You've saved $118 on API model usage this month with Pro+. Switch to a different model or set a Spend Limit to continue with Opus. Your usage limits will reset when your monthly cycle ends on 3/3/2026.
[2026-02-04T12:46:49+0800] Continue in 2s...
[2026-02-04T12:46:51+0800] === ITERATION START ===
T: You've hit your usage limit for Opus You've saved $118 on API model usage this month with Pro+. Switch to a different model or set a Spend Limit to continue with Opus. Your usage limits will reset when your monthly cycle ends on 3/3/2026.
[2026-02-04T12:46:58+0800] Continue in 2s...
[2026-02-04T12:47:00+0800] === ITERATION START ===
T: You've hit your usage limit for Opus You've saved $118 on API model usage this month with Pro+. Switch to a different model or set a Spend Limit to continue with Opus. Your usage limits will reset when your monthly cycle ends on 3/3/2026.
[2026-02-04T12:47:08+0800] Continue in 2s...
[2026-02-04T12:47:10+0800] === ITERATION START ===
T: You've hit your usage limit for Opus You've saved $119 on API model usage this month with Pro+. Switch to a different model or set a Spend Limit to continue with Opus. Your usage limits will reset when your monthly cycle ends on 3/3/2026.
[2026-02-04T12:47:21+0800] Continue in 2s...
[2026-02-04T12:47:23+0800] === ITERATION START ===
T: You've hit your usage limit for Opus You've saved $119 on API model usage this month with Pro+. Switch to a different model or set a Spend Limit to continue with Opus. Your usage limits will reset when your monthly cycle ends on 3/3/2026.
[2026-02-04T12:47:31+0800] Continue in 2s...
[2026-02-04T12:47:33+0800] === ITERATION START ===
T: You've hit your usage limit for Opus You've saved $119 on API model usage this month with Pro+. Switch to a different model or set a Spend Limit to continue with Opus. Your usage limits will reset when your monthly cycle ends on 3/3/2026.
[2026-02-04T12:47:40+0800] Continue in 2s...
[2026-02-04T12:47:43+0800] === ITERATION START ===
T: You've hit your usage limit for Opus You've saved $119 on API model usage this month with Pro+. Switch to a different model or set a Spend Limit to continue with Opus. Your usage limits will reset when your monthly cycle ends on 3/3/2026.
[2026-02-04T12:47:50+0800] Continue in 2s...
[2026-02-04T12:47:52+0800] === ITERATION START ===
T: You've hit your usage limit for Opus You've saved $119 on API model usage this month with Pro+. Switch to a different model or set a Spend Limit to continue with Opus. Your usage limits will reset when your monthly cycle ends on 3/3/2026.
[2026-02-04T12:47:59+0800] Continue in 2s...
[2026-02-04T12:48:01+0800] === ITERATION START ===
T: You've hit your usage limit for Opus You've saved $119 on API model usage this month with Pro+. Switch to a different model or set a Spend Limit to continue with Opus. Your usage limits will reset when your monthly cycle ends on 3/3/2026.
[2026-02-04T12:48:07+0800] Continue in 2s...
[2026-02-04T12:48:09+0800] === ITERATION START ===
T: You've hit your usage limit for Opus You've saved $119 on API model usage this month with Pro+. Switch to a different model or set a Spend Limit to continue with Opus. Your usage limits will reset when your monthly cycle ends on 3/3/2026.
[2026-02-04T12:48:17+0800] Continue in 2s...
[2026-02-04T12:48:19+0800] === ITERATION START ===
T: You've hit your usage limit for Opus You've saved $119 on API model usage this month with Pro+. Switch to a different model or set a Spend Limit to continue with Opus. Your usage limits will reset when your monthly cycle ends on 3/3/2026.
[2026-02-04T12:48:28+0800] Continue in 2s...
[2026-02-04T12:48:30+0800] === ITERATION START ===
T: You've hit your usage limit for Opus You've saved $119 on API model usage this month with Pro+. Switch to a different model or set a Spend Limit to continue with Opus. Your usage limits will reset when your monthly cycle ends on 3/3/2026.
[2026-02-04T12:48:37+0800] Continue in 2s...
[2026-02-04T12:48:39+0800] === ITERATION START ===
T: You've hit your usage limit for Opus You've saved $119 on API model usage this month with Pro+. Switch to a different model or set a Spend Limit to continue with Opus. Your usage limits will reset when your monthly cycle ends on 3/3/2026.
[2026-02-04T12:48:46+0800] Continue in 2s...
[2026-02-04T12:48:48+0800] === ITERATION START ===
T: You've hit your usage limit for Opus You've saved $119 on API model usage this month with Pro+. Switch to a different model or set a Spend Limit to continue with Opus. Your usage limits will reset when your monthly cycle ends on 3/3/2026.
[2026-02-04T12:48:54+0800] Continue in 2s...
[2026-02-04T12:48:57+0800] === ITERATION START ===
T: You've hit your usage limit for Opus You've saved $119 on API model usage this month with Pro+. Switch to a different model or set a Spend Limit to continue with Opus. Your usage limits will reset when your monthly cycle ends on 3/3/2026.
[2026-02-04T12:49:06+0800] Continue in 2s...
[2026-02-04T12:49:08+0800] === ITERATION START ===
T: You've hit your usage limit for Opus You've saved $119 on API model usage this month with Pro+. Switch to a different model or set a Spend Limit to continue with Opus. Your usage limits will reset when your monthly cycle ends on 3/3/2026.
[2026-02-04T12:49:13+0800] Continue in 2s...
[2026-02-04T12:49:15+0800] === ITERATION START ===
T: You've hit your usage limit for Opus You've saved $119 on API model usage this month with Pro+. Switch to a different model or set a Spend Limit to continue with Opus. Your usage limits will reset when your monthly cycle ends on 3/3/2026.
[2026-02-04T12:49:22+0800] Continue in 2s...
[2026-02-04T12:49:24+0800] === ITERATION START ===
T: You've hit your usage limit for Opus You've saved $119 on API model usage this month with Pro+. Switch to a different model or set a Spend Limit to continue with Opus. Your usage limits will reset when your monthly cycle ends on 3/3/2026.
[2026-02-04T12:49:30+0800] Continue in 2s...
[2026-02-04T12:49:32+0800] === ITERATION START ===
T: You've hit your usage limit for Opus You've saved $119 on API model usage this month with Pro+. Switch to a different model or set a Spend Limit to continue with Opus. Your usage limits will reset when your monthly cycle ends on 3/3/2026.
[2026-02-04T12:49:38+0800] Continue in 2s...
[2026-02-04T12:49:40+0800] === ITERATION START ===
T: You've hit your usage limit for Opus You've saved $119 on API model usage this month with Pro+. Switch to a different model or set a Spend Limit to continue with Opus. Your usage limits will reset when your monthly cycle ends on 3/3/2026.
[2026-02-04T12:49:45+0800] Continue in 2s...
[2026-02-04T12:49:47+0800] === ITERATION START ===
T: You've hit your usage limit for Opus You've saved $119 on API model usage this month with Pro+. Switch to a different model or set a Spend Limit to continue with Opus. Your usage limits will reset when your monthly cycle ends on 3/3/2026.
[2026-02-04T12:49:53+0800] Continue in 2s...
[2026-02-04T12:49:55+0800] === ITERATION START ===
T: You've hit your usage limit for Opus You've saved $119 on API model usage this month with Pro+. Switch to a different model or set a Spend Limit to continue with Opus. Your usage limits will reset when your monthly cycle ends on 3/3/2026.
[2026-02-04T12:50:02+0800] Continue in 2s...
[2026-02-04T12:50:04+0800] === ITERATION START ===
T: You've hit your usage limit for Opus You've saved $119 on API model usage this month with Pro+. Switch to a different model or set a Spend Limit to continue with Opus. Your usage limits will reset when your monthly cycle ends on 3/3/2026.
[2026-02-04T12:50:09+0800] Continue in 2s...
[2026-02-04T12:50:11+0800] === ITERATION START ===
T: You've hit your usage limit for Opus You've saved $119 on API model usage this month with Pro+. Switch to a different model or set a Spend Limit to continue with Opus. Your usage limits will reset when your monthly cycle ends on 3/3/2026.
[2026-02-04T12:50:17+0800] Continue in 2s...
[2026-02-04T12:50:19+0800] === ITERATION START ===
T: You've hit your usage limit for Opus You've saved $119 on API model usage this month with Pro+. Switch to a different model or set a Spend Limit to continue with Opus. Your usage limits will reset when your monthly cycle ends on 3/3/2026.
[2026-02-04T12:50:24+0800] Continue in 2s...
[2026-02-04T12:50:26+0800] === ITERATION START ===
T: You've hit your usage limit for Opus You've saved $119 on API model usage this month with Pro+. Switch to a different model or set a Spend Limit to continue with Opus. Your usage limits will reset when your monthly cycle ends on 3/3/2026.
[2026-02-04T12:50:32+0800] Continue in 2s...
[2026-02-04T12:50:34+0800] === ITERATION START ===
T: You've hit your usage limit for Opus You've saved $119 on API model usage this month with Pro+. Switch to a different model or set a Spend Limit to continue with Opus. Your usage limits will reset when your monthly cycle ends on 3/3/2026.
[2026-02-04T12:50:40+0800] Continue in 2s...
[2026-02-04T12:50:42+0800] === ITERATION START ===
T: You've hit your usage limit for Opus You've saved $119 on API model usage this month with Pro+. Switch to a different model or set a Spend Limit to continue with Opus. Your usage limits will reset when your monthly cycle ends on 3/3/2026.
[2026-02-04T12:50:50+0800] Continue in 2s...
[2026-02-04T12:50:52+0800] === ITERATION START ===
T: You've hit your usage limit for Opus You've saved $119 on API model usage this month with Pro+. Switch to a different model or set a Spend Limit to continue with Opus. Your usage limits will reset when your monthly cycle ends on 3/3/2026.
[2026-02-04T12:50:59+0800] Continue in 2s...
[2026-02-04T12:51:02+0800] === ITERATION START ===
T: You've hit your usage limit for Opus You've saved $119 on API model usage this month with Pro+. Switch to a different model or set a Spend Limit to continue with Opus. Your usage limits will reset when your monthly cycle ends on 3/3/2026.
[2026-02-04T12:51:12+0800] Continue in 2s...
[2026-02-04T12:51:14+0800] === ITERATION START ===
T: You've hit your usage limit for Opus You've saved $119 on API model usage this month with Pro+. Switch to a different model or set a Spend Limit to continue with Opus. Your usage limits will reset when your monthly cycle ends on 3/3/2026.
[2026-02-04T12:51:19+0800] Continue in 2s...
[2026-02-04T12:51:21+0800] === ITERATION START ===
T: You've hit your usage limit for Opus You've saved $119 on API model usage this month with Pro+. Switch to a different model or set a Spend Limit to continue with Opus. Your usage limits will reset when your monthly cycle ends on 3/3/2026.
[2026-02-04T12:51:28+0800] Continue in 2s...
[2026-02-04T12:51:30+0800] === ITERATION START ===
T: You've hit your usage limit for Opus You've saved $119 on API model usage this month with Pro+. Switch to a different model or set a Spend Limit to continue with Opus. Your usage limits will reset when your monthly cycle ends on 3/3/2026.
[2026-02-04T12:51:36+0800] Continue in 2s...
[2026-02-04T12:51:38+0800] === ITERATION START ===
T: You've hit your usage limit for Opus You've saved $119 on API model usage this month with Pro+. Switch to a different model or set a Spend Limit to continue with Opus. Your usage limits will reset when your monthly cycle ends on 3/3/2026.
[2026-02-04T12:51:44+0800] Continue in 2s...
[2026-02-04T12:51:46+0800] === ITERATION START ===
T: You've hit your usage limit for Opus You've saved $119 on API model usage this month with Pro+. Switch to a different model or set a Spend Limit to continue with Opus. Your usage limits will reset when your monthly cycle ends on 3/3/2026.
[2026-02-04T12:51:54+0800] Continue in 2s...
[2026-02-04T12:51:56+0800] === ITERATION START ===
ERROR: SecItemCopyMatching failed -50
[2026-02-04T12:51:58+0800] Continue in 2s...
[2026-02-04T12:52:00+0800] === ITERATION START ===
ERROR: SecItemCopyMatching failed -50
[2026-02-04T12:52:10+0800] Continue in 2s...
[2026-02-04T12:52:12+0800] === ITERATION START ===
